variant,family,act,weight,scale,target_freq_mhz,converged,wns_ns,area_um2,submodule_areas,power_default_W,submodule_powers_default,power_vcd_W,submodule_powers_vcd,critical_path_ns,achieved_fmax_mhz,vcd_valid_cycles,sigma_act,sigma_w,K,blocks,source
baseline_act-E2M1_w-E2M1_UE8M0,baseline,E2M1,E2M1,UE8M0,400,true,0.0000,897.497997,CustomOperator_E2M1_to_E2M1_0: 9.0720 (1 inst); CustomOperator_E2M1_to_E2M1_1: 9.0720 (1 inst); CustomOperator_E2M1_to_E2M1_2: 9.3240 (1 inst); CustomOperator_E2M1_to_E2M1_3: 9.0720 (1 inst); DirectToFP14b_E2M1_x_E2M1_UE8M0_wide14: 67.1580 (1 inst); FPNAdder: 381.5280 (1 inst); FixedFPTree_exp7_mant4_out14_vec4_range4: 343.0980 (1 inst); SNPS_CLOCK_GATE: 1.8900 (1 inst),2.799000e-04,CustomOperator_E2M1_to_E2M1_0: 2.760e-06 (1 inst); CustomOperator_E2M1_to_E2M1_1: 2.730e-06 (1 inst); CustomOperator_E2M1_to_E2M1_2: 2.920e-06 (1 inst); CustomOperator_E2M1_to_E2M1_3: 2.670e-06 (1 inst); DirectToFP14b_E2M1_x_E2M1_UE8M0_wide14: 2.860e-05 (1 inst); FPNAdder: 1.120e-04 (1 inst); FixedFPTree_exp7_mant4_out14_vec4_range4: 1.210e-04 (1 inst); SNPS_CLOCK_GATE: 5.910e-07 (1 inst),1.909000e-04,CustomOperator_E2M1_to_E2M1_0: 3.440e-06 (1 inst); CustomOperator_E2M1_to_E2M1_1: 3.410e-06 (1 inst); CustomOperator_E2M1_to_E2M1_2: 3.650e-06 (1 inst); CustomOperator_E2M1_to_E2M1_3: 3.220e-06 (1 inst); DirectToFP14b_E2M1_x_E2M1_UE8M0_wide14: 6.010e-06 (1 inst); FPNAdder: 4.800e-05 (1 inst); FixedFPTree_exp7_mant4_out14_vec4_range4: 7.660e-05 (1 inst); SNPS_CLOCK_GATE: 5.180e-06 (1 inst),2.5000,400.0,1059,0.372,0.0366,2048,1,e2m1_fsweep
baseline_act-E2M3_w-E2M1_UE8M0,baseline,E2M3,E2M1,UE8M0,400,true,0.0000,1045.043997,CustomOperator_E2M3_to_E2M1_0: 16.6320 (1 inst); CustomOperator_E2M3_to_E2M1_1: 16.6320 (1 inst); CustomOperator_E2M3_to_E2M1_2: 17.2620 (1 inst); CustomOperator_E2M3_to_E2M1_3: 16.6320 (1 inst); DirectToFP14b_E2M3_x_E2M1_UE8M0: 56.3220 (1 inst); FPNAdder: 386.6940 (1 inst); FixedFPTree_exp6_mant6_out6_vec4_range4: 464.9400 (1 inst); SNPS_CLOCK_GATE: 1.8900 (1 inst),3.620000e-04,CustomOperator_E2M3_to_E2M1_0: 5.160e-06 (1 inst); CustomOperator_E2M3_to_E2M1_1: 5.150e-06 (1 inst); CustomOperator_E2M3_to_E2M1_2: 5.340e-06 (1 inst); CustomOperator_E2M3_to_E2M1_3: 5.110e-06 (1 inst); DirectToFP14b_E2M3_x_E2M1_UE8M0: 2.690e-05 (1 inst); FPNAdder: 1.180e-04 (1 inst); FixedFPTree_exp6_mant6_out6_vec4_range4: 1.880e-04 (1 inst); SNPS_CLOCK_GATE: 5.930e-07 (1 inst),2.448000e-04,CustomOperator_E2M3_to_E2M1_0: 6.340e-06 (1 inst); CustomOperator_E2M3_to_E2M1_1: 6.280e-06 (1 inst); CustomOperator_E2M3_to_E2M1_2: 6.660e-06 (1 inst); CustomOperator_E2M3_to_E2M1_3: 6.080e-06 (1 inst); DirectToFP14b_E2M3_x_E2M1_UE8M0: 7.240e-06 (1 inst); FPNAdder: 5.070e-05 (1 inst); FixedFPTree_exp6_mant6_out6_vec4_range4: 1.140e-04 (1 inst); SNPS_CLOCK_GATE: 5.180e-06 (1 inst),2.5000,400.0,1059,0.372,0.0366,2048,1,5freq
baseline_act-E2M3_w-E2M3_UE8M0,baseline,E2M3,E2M3,UE8M0,400,true,0.0000,1219.805995,CustomOperator_E2M3_to_E2M3_0: 38.0520 (1 inst); CustomOperator_E2M3_to_E2M3_1: 38.0520 (1 inst); CustomOperator_E2M3_to_E2M3_2: 38.6820 (1 inst); CustomOperator_E2M3_to_E2M3_3: 38.4300 (1 inst); DirectToFP14b_E2M3_x_E2M3_UE8M0: 57.2040 (1 inst); FPNAdder: 388.4580 (1 inst); FixedFPTree_exp6_mant8_out8_vec4_range4: 549.7380 (1 inst); SNPS_CLOCK_GATE: 1.8900 (1 inst),4.615000e-04,CustomOperator_E2M3_to_E2M3_0: 1.180e-05 (1 inst); CustomOperator_E2M3_to_E2M3_1: 1.180e-05 (1 inst); CustomOperator_E2M3_to_E2M3_2: 1.200e-05 (1 inst); CustomOperator_E2M3_to_E2M3_3: 1.180e-05 (1 inst); DirectToFP14b_E2M3_x_E2M3_UE8M0: 2.750e-05 (1 inst); FPNAdder: 1.360e-04 (1 inst); FixedFPTree_exp6_mant8_out8_vec4_range4: 2.420e-04 (1 inst); SNPS_CLOCK_GATE: 5.990e-07 (1 inst),3.142000e-04,CustomOperator_E2M3_to_E2M3_0: 1.270e-05 (1 inst); CustomOperator_E2M3_to_E2M3_1: 1.250e-05 (1 inst); CustomOperator_E2M3_to_E2M3_2: 1.310e-05 (1 inst); CustomOperator_E2M3_to_E2M3_3: 1.260e-05 (1 inst); DirectToFP14b_E2M3_x_E2M3_UE8M0: 7.600e-06 (1 inst); FPNAdder: 6.000e-05 (1 inst); FixedFPTree_exp6_mant8_out8_vec4_range4: 1.460e-04 (1 inst); SNPS_CLOCK_GATE: 5.180e-06 (1 inst),2.5000,400.0,1059,0.372,0.0366,2048,1,5freq
baseline_act-E3M2_w-E2M1_UE8M0,baseline,E3M2,E2M1,UE8M0,400,true,0.0000,1236.059999,CustomOperator_E3M2_to_E2M1_0: 16.6320 (1 inst); CustomOperator_E3M2_to_E2M1_1: 16.6320 (1 inst); CustomOperator_E3M2_to_E2M1_2: 16.8840 (1 inst); CustomOperator_E3M2_to_E2M1_3: 16.8840 (1 inst); DirectToFP14b_E3M2_x_E2M1_UE8M0: 55.8180 (1 inst); FPNAdder: 391.3560 (1 inst); FixedFPTree_exp6_mant5_out5_vec4_range8: 650.6640 (1 inst); SNPS_CLOCK_GATE: 1.8900 (1 inst),4.138000e-04,CustomOperator_E3M2_to_E2M1_0: 5.290e-06 (1 inst); CustomOperator_E3M2_to_E2M1_1: 5.230e-06 (1 inst); CustomOperator_E3M2_to_E2M1_2: 5.480e-06 (1 inst); CustomOperator_E3M2_to_E2M1_3: 5.550e-06 (1 inst); DirectToFP14b_E3M2_x_E2M1_UE8M0: 2.610e-05 (1 inst); FPNAdder: 1.110e-04 (1 inst); FixedFPTree_exp6_mant5_out5_vec4_range8: 2.480e-04 (1 inst); SNPS_CLOCK_GATE: 5.960e-07 (1 inst),2.809000e-04,CustomOperator_E3M2_to_E2M1_0: 6.140e-06 (1 inst); CustomOperator_E3M2_to_E2M1_1: 6.030e-06 (1 inst); CustomOperator_E3M2_to_E2M1_2: 6.280e-06 (1 inst); CustomOperator_E3M2_to_E2M1_3: 6.190e-06 (1 inst); DirectToFP14b_E3M2_x_E2M1_UE8M0: 7.810e-06 (1 inst); FPNAdder: 5.660e-05 (1 inst); FixedFPTree_exp6_mant5_out5_vec4_range8: 1.440e-04 (1 inst); SNPS_CLOCK_GATE: 5.180e-06 (1 inst),2.5000,400.0,1059,0.372,0.0366,2048,1,5freq
baseline_act-E2M1_w-E2M1_UE7M1,baseline,E2M1,E2M1,UE7M1,400,true,0.0000,1236.689997,CustomOperator_E2M1_to_E2M1_0: 9.0720 (1 inst); CustomOperator_E2M1_to_E2M1_1: 9.0720 (1 inst); CustomOperator_E2M1_to_E2M1_2: 9.4500 (1 inst); CustomOperator_E2M1_to_E2M1_3: 9.3240 (1 inst); FPNAdder: 426.2580 (1 inst); FixedFPTree_exp7_mant4_out13_vec4_range4: 349.0200 (1 inst); SNPS_CLOCK_GATE: 1.8900 (1 inst); ScaleAddition_E2M1_to_E2M1_scale_UE7M1_wide13: 192.6540 (1 inst); ScaleToFP14b_E2M1_x_E2M1_UE7M1_wide17: 162.1620 (1 inst),3.945000e-04,CustomOperator_E2M1_to_E2M1_0: 2.700e-06 (1 inst); CustomOperator_E2M1_to_E2M1_1: 2.730e-06 (1 inst); CustomOperator_E2M1_to_E2M1_2: 2.830e-06 (1 inst); CustomOperator_E2M1_to_E2M1_3: 2.740e-06 (1 inst); FPNAdder: 1.320e-04 (1 inst); FixedFPTree_exp7_mant4_out13_vec4_range4: 1.290e-04 (1 inst); SNPS_CLOCK_GATE: 5.940e-07 (1 inst); ScaleAddition_E2M1_to_E2M1_scale_UE7M1_wide13: 5.770e-05 (1 inst); ScaleToFP14b_E2M1_x_E2M1_UE7M1_wide17: 5.630e-05 (1 inst),2.434000e-04,CustomOperator_E2M1_to_E2M1_0: 3.330e-06 (1 inst); CustomOperator_E2M1_to_E2M1_1: 3.410e-06 (1 inst); CustomOperator_E2M1_to_E2M1_2: 3.560e-06 (1 inst); CustomOperator_E2M1_to_E2M1_3: 3.280e-06 (1 inst); FPNAdder: 6.150e-05 (1 inst); FixedFPTree_exp7_mant4_out13_vec4_range4: 8.180e-05 (1 inst); SNPS_CLOCK_GATE: 5.180e-06 (1 inst); ScaleAddition_E2M1_to_E2M1_scale_UE7M1_wide13: 1.910e-05 (1 inst); ScaleToFP14b_E2M1_x_E2M1_UE7M1_wide17: 2.030e-05 (1 inst),2.5000,400.0,1059,0.372,0.0366,2048,1,e2m1_fsweep
baseline_act-INT8_w-E2M1_UE8M0,baseline,INT8,E2M1,UE8M0,400,true,0.0000,1253.825998,CustomOperator_INT8_to_E2M1_0: 33.6420 (1 inst); CustomOperator_INT8_to_E2M1_1: 33.6420 (1 inst); CustomOperator_INT8_to_E2M1_2: 33.8940 (1 inst); CustomOperator_INT8_to_E2M1_3: 33.8940 (1 inst); DirectToFP19b_INT8_x_E2M1_UE8M0: 66.0240 (1 inst); FPNAdder: 499.4640 (1 inst); FixedFPTree_exp7_mant9_out9_vec4_range2: 468.5940 (1 inst); SNPS_CLOCK_GATE: 1.8900 (1 inst),4.469000e-04,CustomOperator_INT8_to_E2M1_0: 1.110e-05 (1 inst); CustomOperator_INT8_to_E2M1_1: 1.080e-05 (1 inst); CustomOperator_INT8_to_E2M1_2: 1.100e-05 (1 inst); CustomOperator_INT8_to_E2M1_3: 1.100e-05 (1 inst); DirectToFP19b_INT8_x_E2M1_UE8M0: 3.110e-05 (1 inst); FPNAdder: 1.530e-04 (1 inst); FixedFPTree_exp7_mant9_out9_vec4_range2: 2.090e-04 (1 inst); SNPS_CLOCK_GATE: 6.520e-07 (1 inst),3.173000e-04,CustomOperator_INT8_to_E2M1_0: 1.100e-05 (1 inst); CustomOperator_INT8_to_E2M1_1: 1.050e-05 (1 inst); CustomOperator_INT8_to_E2M1_2: 1.100e-05 (1 inst); CustomOperator_INT8_to_E2M1_3: 1.040e-05 (1 inst); DirectToFP19b_INT8_x_E2M1_UE8M0: 7.980e-06 (1 inst); FPNAdder: 7.280e-05 (1 inst); FixedFPTree_exp7_mant9_out9_vec4_range2: 1.360e-04 (1 inst); SNPS_CLOCK_GATE: 5.810e-06 (1 inst),2.5000,400.0,1059,0.372,0.0366,2048,1,5freq
baseline_act-E2M1_w-E2M1_UE4M3,baseline,E2M1,E2M1,UE4M3,400,true,0.0000,1339.379997,CustomOperator_E2M1_to_E2M1_0: 9.0720 (1 inst); CustomOperator_E2M1_to_E2M1_1: 9.0720 (1 inst); CustomOperator_E2M1_to_E2M1_2: 10.0800 (1 inst); CustomOperator_E2M1_to_E2M1_3: 10.2060 (1 inst); FPNAdder: 420.3360 (1 inst); FixedFPTree_exp6_mant4_out9_vec4_range4: 422.1000 (1 inst); SNPS_CLOCK_GATE: 1.8900 (1 inst); ScaleAddition_E2M1_to_E2M1_scale_UE4M3_wide9: 253.6380 (1 inst); ScaleToFP14b_E2M1_x_E2M1_UE4M3_wide17: 134.0640 (1 inst),4.873000e-04,CustomOperator_E2M1_to_E2M1_0: 2.710e-06 (1 inst); CustomOperator_E2M1_to_E2M1_1: 2.710e-06 (1 inst); CustomOperator_E2M1_to_E2M1_2: 2.950e-06 (1 inst); CustomOperator_E2M1_to_E2M1_3: 2.900e-06 (1 inst); FPNAdder: 1.450e-04 (1 inst); FixedFPTree_exp6_mant4_out9_vec4_range4: 1.580e-04 (1 inst); SNPS_CLOCK_GATE: 5.930e-07 (1 inst); ScaleAddition_E2M1_to_E2M1_scale_UE4M3_wide9: 1.040e-04 (1 inst); ScaleToFP14b_E2M1_x_E2M1_UE4M3_wide17: 5.920e-05 (1 inst),2.726000e-04,CustomOperator_E2M1_to_E2M1_0: 3.390e-06 (1 inst); CustomOperator_E2M1_to_E2M1_1: 3.370e-06 (1 inst); CustomOperator_E2M1_to_E2M1_2: 3.660e-06 (1 inst); CustomOperator_E2M1_to_E2M1_3: 3.450e-06 (1 inst); FPNAdder: 6.120e-05 (1 inst); FixedFPTree_exp6_mant4_out9_vec4_range4: 9.760e-05 (1 inst); SNPS_CLOCK_GATE: 5.180e-06 (1 inst); ScaleAddition_E2M1_to_E2M1_scale_UE4M3_wide9: 2.900e-05 (1 inst); ScaleToFP14b_E2M1_x_E2M1_UE4M3_wide17: 2.070e-05 (1 inst),2.5000,400.0,1059,0.372,0.0366,2048,1,e2m1_fsweep
baseline_act-E3M2_w-E2M3_UE8M0,baseline,E3M2,E2M3,UE8M0,400,true,0.0000,1353.995999,CustomOperator_E3M2_to_E2M3_0: 28.2240 (1 inst); CustomOperator_E3M2_to_E2M3_1: 28.2240 (1 inst); CustomOperator_E3M2_to_E2M3_2: 28.4760 (1 inst); CustomOperator_E3M2_to_E2M3_3: 28.4760 (1 inst); DirectToFP14b_E3M2_x_E2M3_UE8M0: 58.8420 (1 inst); FPNAdder: 395.6400 (1 inst); FixedFPTree_exp6_mant7_out7_vec4_range8: 716.9400 (1 inst); SNPS_CLOCK_GATE: 1.8900 (1 inst),4.945000e-04,CustomOperator_E3M2_to_E2M3_0: 9.170e-06 (1 inst); CustomOperator_E3M2_to_E2M3_1: 9.000e-06 (1 inst); CustomOperator_E3M2_to_E2M3_2: 9.240e-06 (1 inst); CustomOperator_E3M2_to_E2M3_3: 9.240e-06 (1 inst); DirectToFP14b_E3M2_x_E2M3_UE8M0: 2.800e-05 (1 inst); FPNAdder: 1.200e-04 (1 inst); FixedFPTree_exp6_mant7_out7_vec4_range8: 3.020e-04 (1 inst); SNPS_CLOCK_GATE: 5.920e-07 (1 inst),3.237000e-04,CustomOperator_E3M2_to_E2M3_0: 9.910e-06 (1 inst); CustomOperator_E3M2_to_E2M3_1: 9.720e-06 (1 inst); CustomOperator_E3M2_to_E2M3_2: 1.000e-05 (1 inst); CustomOperator_E3M2_to_E2M3_3: 9.880e-06 (1 inst); DirectToFP14b_E3M2_x_E2M3_UE8M0: 8.200e-06 (1 inst); FPNAdder: 5.870e-05 (1 inst); FixedFPTree_exp6_mant7_out7_vec4_range8: 1.680e-04 (1 inst); SNPS_CLOCK_GATE: 5.180e-06 (1 inst),2.5000,400.0,1059,0.372,0.0366,2048,1,5freq
baseline_act-E2M1_w-E2M1_UE5M3,baseline,E2M1,E2M1,UE5M3,400,true,0.0000,1387.259997,CustomOperator_E2M1_to_E2M1_0: 9.7020 (1 inst); CustomOperator_E2M1_to_E2M1_1: 9.3240 (1 inst); CustomOperator_E2M1_to_E2M1_2: 10.2060 (1 inst); CustomOperator_E2M1_to_E2M1_3: 10.2060 (1 inst); FPNAdder: 426.8880 (1 inst); FixedFPTree_exp6_mant4_out9_vec4_range4: 427.0140 (1 inst); SNPS_CLOCK_GATE: 1.8900 (1 inst); ScaleAddition_E2M1_to_E2M1_scale_UE5M3_wide9: 273.6720 (1 inst); ScaleToFP14b_E2M1_x_E2M1_UE5M3_wide17: 149.9400 (1 inst),5.116000e-04,CustomOperator_E2M1_to_E2M1_0: 3.030e-06 (1 inst); CustomOperator_E2M1_to_E2M1_1: 2.810e-06 (1 inst); CustomOperator_E2M1_to_E2M1_2: 3.040e-06 (1 inst); CustomOperator_E2M1_to_E2M1_3: 3.030e-06 (1 inst); FPNAdder: 1.490e-04 (1 inst); FixedFPTree_exp6_mant4_out9_vec4_range4: 1.610e-04 (1 inst); SNPS_CLOCK_GATE: 5.940e-07 (1 inst); ScaleAddition_E2M1_to_E2M1_scale_UE5M3_wide9: 1.140e-04 (1 inst); ScaleToFP14b_E2M1_x_E2M1_UE5M3_wide17: 6.490e-05 (1 inst),3.132000e-04,CustomOperator_E2M1_to_E2M1_0: 3.730e-06 (1 inst); CustomOperator_E2M1_to_E2M1_1: 3.500e-06 (1 inst); CustomOperator_E2M1_to_E2M1_2: 3.780e-06 (1 inst); CustomOperator_E2M1_to_E2M1_3: 3.590e-06 (1 inst); FPNAdder: 7.060e-05 (1 inst); FixedFPTree_exp6_mant4_out9_vec4_range4: 1.010e-04 (1 inst); SNPS_CLOCK_GATE: 5.180e-06 (1 inst); ScaleAddition_E2M1_to_E2M1_scale_UE5M3_wide9: 5.100e-05 (1 inst); ScaleToFP14b_E2M1_x_E2M1_UE5M3_wide17: 2.490e-05 (1 inst),2.5000,400.0,1059,0.372,0.0366,2048,1,e2m1_fsweep
baseline_act-E2M1_w-E2M1_UE4M4,baseline,E2M1,E2M1,UE4M4,400,true,0.0000,1416.491996,CustomOperator_E2M1_to_E2M1_0: 9.3240 (1 inst); CustomOperator_E2M1_to_E2M1_1: 9.3240 (1 inst); CustomOperator_E2M1_to_E2M1_2: 9.4500 (1 inst); CustomOperator_E2M1_to_E2M1_3: 9.5760 (1 inst); FPNAdder: 413.1540 (1 inst); FixedFPTree_exp6_mant4_out7_vec4_range4: 439.8660 (1 inst); SNPS_CLOCK_GATE: 1.8900 (1 inst); ScaleAddition_E2M1_to_E2M1_scale_UE4M4_wide7: 310.3380 (1 inst); ScaleToFP14b_E2M1_x_E2M1_UE4M4_wide17: 144.1440 (1 inst),5.835000e-04,CustomOperator_E2M1_to_E2M1_0: 2.760e-06 (1 inst); CustomOperator_E2M1_to_E2M1_1: 2.750e-06 (1 inst); CustomOperator_E2M1_to_E2M1_2: 2.990e-06 (1 inst); CustomOperator_E2M1_to_E2M1_3: 2.770e-06 (1 inst); FPNAdder: 1.500e-04 (1 inst); FixedFPTree_exp6_mant4_out7_vec4_range4: 1.770e-04 (1 inst); SNPS_CLOCK_GATE: 5.940e-07 (1 inst); ScaleAddition_E2M1_to_E2M1_scale_UE4M4_wide7: 1.610e-04 (1 inst); ScaleToFP14b_E2M1_x_E2M1_UE4M4_wide17: 7.240e-05 (1 inst),3.469000e-04,CustomOperator_E2M1_to_E2M1_0: 3.460e-06 (1 inst); CustomOperator_E2M1_to_E2M1_1: 3.440e-06 (1 inst); CustomOperator_E2M1_to_E2M1_2: 3.690e-06 (1 inst); CustomOperator_E2M1_to_E2M1_3: 3.230e-06 (1 inst); FPNAdder: 7.050e-05 (1 inst); FixedFPTree_exp6_mant4_out7_vec4_range4: 1.070e-04 (1 inst); SNPS_CLOCK_GATE: 5.180e-06 (1 inst); ScaleAddition_E2M1_to_E2M1_scale_UE4M4_wide7: 6.720e-05 (1 inst); ScaleToFP14b_E2M1_x_E2M1_UE4M4_wide17: 3.530e-05 (1 inst),2.5000,400.0,1059,0.372,0.0366,2048,1,e2m1_fsweep
baseline_act-E2M1_w-E2M1_UE6M2,baseline,E2M1,E2M1,UE6M2,400,true,0.0000,1436.021998,CustomOperator_E2M1_to_E2M1_0: 9.0720 (1 inst); CustomOperator_E2M1_to_E2M1_1: 9.3240 (1 inst); CustomOperator_E2M1_to_E2M1_2: 12.6000 (1 inst); CustomOperator_E2M1_to_E2M1_3: 11.7180 (1 inst); FPNAdder: 429.7860 (1 inst); FixedFPTree_exp6_mant4_out11_vec4_range4: 463.5540 (1 inst); SNPS_CLOCK_GATE: 1.8900 (1 inst); ScaleAddition_E2M1_to_E2M1_scale_UE6M2_wide11: 255.6540 (1 inst); ScaleToFP14b_E2M1_x_E2M1_UE6M2_wide17: 173.1240 (1 inst),5.192000e-04,CustomOperator_E2M1_to_E2M1_0: 2.750e-06 (1 inst); CustomOperator_E2M1_to_E2M1_1: 2.810e-06 (1 inst); CustomOperator_E2M1_to_E2M1_2: 3.550e-06 (1 inst); CustomOperator_E2M1_to_E2M1_3: 3.260e-06 (1 inst); FPNAdder: 1.380e-04 (1 inst); FixedFPTree_exp6_mant4_out11_vec4_range4: 1.820e-04 (1 inst); SNPS_CLOCK_GATE: 5.910e-07 (1 inst); ScaleAddition_E2M1_to_E2M1_scale_UE6M2_wide11: 1.040e-04 (1 inst); ScaleToFP14b_E2M1_x_E2M1_UE6M2_wide17: 7.310e-05 (1 inst),3.066000e-04,CustomOperator_E2M1_to_E2M1_0: 3.440e-06 (1 inst); CustomOperator_E2M1_to_E2M1_1: 3.510e-06 (1 inst); CustomOperator_E2M1_to_E2M1_2: 4.300e-06 (1 inst); CustomOperator_E2M1_to_E2M1_3: 3.900e-06 (1 inst); FPNAdder: 6.340e-05 (1 inst); FixedFPTree_exp6_mant4_out11_vec4_range4: 1.120e-04 (1 inst); SNPS_CLOCK_GATE: 5.180e-06 (1 inst); ScaleAddition_E2M1_to_E2M1_scale_UE6M2_wide11: 4.030e-05 (1 inst); ScaleToFP14b_E2M1_x_E2M1_UE6M2_wide17: 2.580e-05 (1 inst),2.5000,400.0,1059,0.372,0.0366,2048,1,e2m1_fsweep
baseline_act-E2M3_w-E2M1_UE7M1,baseline,E2M3,E2M1,UE7M1,400,true,0.0000,1466.639997,CustomOperator_E2M3_to_E2M1_0: 16.7580 (1 inst); CustomOperator_E2M3_to_E2M1_1: 16.7580 (1 inst); CustomOperator_E2M3_to_E2M1_2: 19.1520 (1 inst); CustomOperator_E2M3_to_E2M1_3: 17.5140 (1 inst); FPNAdder: 448.0560 (1 inst); FixedFPTree_exp7_mant6_out13_vec4_range4: 518.7420 (1 inst); SNPS_CLOCK_GATE: 1.8900 (1 inst); ScaleAddition_E2M3_to_E2M1_scale_UE7M1_wide13: 192.5280 (1 inst); ScaleToFP14b_E2M3_x_E2M1_UE7M1_wide17: 164.1780 (1 inst),5.384000e-04,CustomOperator_E2M3_to_E2M1_0: 4.830e-06 (1 inst); CustomOperator_E2M3_to_E2M1_1: 4.900e-06 (1 inst); CustomOperator_E2M3_to_E2M1_2: 5.190e-06 (1 inst); CustomOperator_E2M3_to_E2M1_3: 4.980e-06 (1 inst); FPNAdder: 1.490e-04 (1 inst); FixedFPTree_exp7_mant6_out13_vec4_range4: 2.180e-04 (1 inst); SNPS_CLOCK_GATE: 5.920e-07 (1 inst); ScaleAddition_E2M3_to_E2M1_scale_UE7M1_wide13: 7.250e-05 (1 inst); ScaleToFP14b_E2M3_x_E2M1_UE7M1_wide17: 6.870e-05 (1 inst),3.405000e-04,CustomOperator_E2M3_to_E2M1_0: 5.950e-06 (1 inst); CustomOperator_E2M3_to_E2M1_1: 5.990e-06 (1 inst); CustomOperator_E2M3_to_E2M1_2: 6.440e-06 (1 inst); CustomOperator_E2M3_to_E2M1_3: 5.970e-06 (1 inst); FPNAdder: 7.220e-05 (1 inst); FixedFPTree_exp7_mant6_out13_vec4_range4: 1.320e-04 (1 inst); SNPS_CLOCK_GATE: 5.180e-06 (1 inst); ScaleAddition_E2M3_to_E2M1_scale_UE7M1_wide13: 3.120e-05 (1 inst); ScaleToFP14b_E2M3_x_E2M1_UE7M1_wide17: 3.130e-05 (1 inst),2.5000,400.0,1059,0.372,0.0366,2048,1,5freq
baseline_act-INT8_w-E3M2_UE8M0,baseline,INT8,E3M2,UE8M0,400,true,0.0000,1472.939995,CustomOperator_INT8_to_E3M2_0: 51.2820 (1 inst); CustomOperator_INT8_to_E3M2_1: 51.2820 (1 inst); CustomOperator_INT8_to_E3M2_2: 51.2820 (1 inst); CustomOperator_INT8_to_E3M2_3: 51.2820 (1 inst); DirectToFP19b_INT8_x_E3M2_UE8M0: 66.1500 (1 inst); FPNAdder: 504.7560 (1 inst); FixedFPTree_exp7_mant10_out10_vec4_range6: 613.8720 (1 inst); SNPS_CLOCK_GATE: 1.8900 (1 inst),5.735000e-04,CustomOperator_INT8_to_E3M2_0: 1.850e-05 (1 inst); CustomOperator_INT8_to_E3M2_1: 1.860e-05 (1 inst); CustomOperator_INT8_to_E3M2_2: 1.860e-05 (1 inst); CustomOperator_INT8_to_E3M2_3: 1.860e-05 (1 inst); DirectToFP19b_INT8_x_E3M2_UE8M0: 3.080e-05 (1 inst); FPNAdder: 1.580e-04 (1 inst); FixedFPTree_exp7_mant10_out10_vec4_range6: 3.010e-04 (1 inst); SNPS_CLOCK_GATE: 6.530e-07 (1 inst),3.819000e-04,CustomOperator_INT8_to_E3M2_0: 1.650e-05 (1 inst); CustomOperator_INT8_to_E3M2_1: 1.610e-05 (1 inst); CustomOperator_INT8_to_E3M2_2: 1.690e-05 (1 inst); CustomOperator_INT8_to_E3M2_3: 1.620e-05 (1 inst); DirectToFP19b_INT8_x_E3M2_UE8M0: 7.420e-06 (1 inst); FPNAdder: 7.500e-05 (1 inst); FixedFPTree_exp7_mant10_out10_vec4_range6: 1.750e-04 (1 inst); SNPS_CLOCK_GATE: 5.810e-06 (1 inst),2.5000,400.0,1059,0.372,0.0366,2048,1,5freq
baseline_act-E3M2_w-E3M2_UE8M0,baseline,E3M2,E3M2,UE8M0,400,true,0.0000,1474.451999,CustomOperator_E3M2_to_E3M2_0: 31.3740 (1 inst); CustomOperator_E3M2_to_E3M2_1: 31.2480 (1 inst); CustomOperator_E3M2_to_E3M2_2: 34.5240 (1 inst); CustomOperator_E3M2_to_E3M2_3: 34.2720 (1 inst); DirectToFP14b_E3M2_x_E3M2_UE8M0: 58.2120 (1 inst); FPNAdder: 393.6240 (1 inst); FixedFPTree_exp6_mant6_out6_vec4_range12: 821.0160 (1 inst); SNPS_CLOCK_GATE: 1.8900 (1 inst),5.305000e-04,CustomOperator_E3M2_to_E3M2_0: 1.060e-05 (1 inst); CustomOperator_E3M2_to_E3M2_1: 1.060e-05 (1 inst); CustomOperator_E3M2_to_E3M2_2: 1.170e-05 (1 inst); CustomOperator_E3M2_to_E3M2_3: 1.130e-05 (1 inst); DirectToFP14b_E3M2_x_E3M2_UE8M0: 2.780e-05 (1 inst); FPNAdder: 1.150e-04 (1 inst); FixedFPTree_exp6_mant6_out6_vec4_range12: 3.350e-04 (1 inst); SNPS_CLOCK_GATE: 5.880e-07 (1 inst),3.238000e-04,CustomOperator_E3M2_to_E3M2_0: 9.910e-06 (1 inst); CustomOperator_E3M2_to_E3M2_1: 9.890e-06 (1 inst); CustomOperator_E3M2_to_E3M2_2: 1.100e-05 (1 inst); CustomOperator_E3M2_to_E3M2_3: 1.050e-05 (1 inst); DirectToFP14b_E3M2_x_E3M2_UE8M0: 5.610e-06 (1 inst); FPNAdder: 5.110e-05 (1 inst); FixedFPTree_exp6_mant6_out6_vec4_range12: 1.780e-04 (1 inst); SNPS_CLOCK_GATE: 5.180e-06 (1 inst),2.5000,400.0,1059,0.372,0.0366,2048,1,5freq
baseline_act-E2M3_w-E2M1_UE4M3,baseline,E2M3,E2M1,UE4M3,400,true,0.0000,1482.767996,CustomOperator_E2M3_to_E2M1_0: 16.6320 (1 inst); CustomOperator_E2M3_to_E2M1_1: 17.1360 (1 inst); CustomOperator_E2M3_to_E2M1_2: 17.3880 (1 inst); CustomOperator_E2M3_to_E2M1_3: 17.5140 (1 inst); FPNAdder: 419.9580 (1 inst); FixedFPTree_exp6_mant6_out9_vec4_range4: 518.3640 (1 inst); SNPS_CLOCK_GATE: 1.8900 (1 inst); ScaleAddition_E2M3_to_E2M1_scale_UE4M3_wide9: 257.2920 (1 inst); ScaleToFP14b_E2M3_x_E2M1_UE4M3_wide17: 145.5300 (1 inst),6.073000e-04,CustomOperator_E2M3_to_E2M1_0: 5.000e-06 (1 inst); CustomOperator_E2M3_to_E2M1_1: 5.210e-06 (1 inst); CustomOperator_E2M3_to_E2M1_2: 5.530e-06 (1 inst); CustomOperator_E2M3_to_E2M1_3: 5.370e-06 (1 inst); FPNAdder: 1.530e-04 (1 inst); FixedFPTree_exp6_mant6_out9_vec4_range4: 2.180e-04 (1 inst); SNPS_CLOCK_GATE: 5.980e-07 (1 inst); ScaleAddition_E2M3_to_E2M1_scale_UE4M3_wide9: 1.330e-04 (1 inst); ScaleToFP14b_E2M3_x_E2M1_UE4M3_wide17: 7.060e-05 (1 inst),3.522000e-04,CustomOperator_E2M3_to_E2M1_0: 6.160e-06 (1 inst); CustomOperator_E2M3_to_E2M1_1: 6.370e-06 (1 inst); CustomOperator_E2M3_to_E2M1_2: 6.880e-06 (1 inst); CustomOperator_E2M3_to_E2M1_3: 6.370e-06 (1 inst); FPNAdder: 6.650e-05 (1 inst); FixedFPTree_exp6_mant6_out9_vec4_range4: 1.330e-04 (1 inst); SNPS_CLOCK_GATE: 5.180e-06 (1 inst); ScaleAddition_E2M3_to_E2M1_scale_UE4M3_wide9: 4.450e-05 (1 inst); ScaleToFP14b_E2M3_x_E2M1_UE4M3_wide17: 2.880e-05 (1 inst),2.5000,400.0,1059,0.372,0.0366,2048,1,5freq
baseline_act-E2M3_w-E2M1_UE5M3,baseline,E2M3,E2M1,UE5M3,400,true,0.0000,1509.605998,CustomOperator_E2M3_to_E2M1_0: 16.6320 (1 inst); CustomOperator_E2M3_to_E2M1_1: 17.3880 (1 inst); CustomOperator_E2M3_to_E2M1_2: 17.0100 (1 inst); CustomOperator_E2M3_to_E2M1_3: 18.3960 (1 inst); FPNAdder: 426.1320 (1 inst); FixedFPTree_exp6_mant6_out9_vec4_range4: 519.8760 (1 inst); SNPS_CLOCK_GATE: 1.8900 (1 inst); ScaleAddition_E2M3_to_E2M1_scale_UE5M3_wide9: 265.1040 (1 inst); ScaleToFP14b_E2M3_x_E2M1_UE5M3_wide17: 157.8780 (1 inst),6.166000e-04,CustomOperator_E2M3_to_E2M1_0: 5.040e-06 (1 inst); CustomOperator_E2M3_to_E2M1_1: 5.240e-06 (1 inst); CustomOperator_E2M3_to_E2M1_2: 5.330e-06 (1 inst); CustomOperator_E2M3_to_E2M1_3: 5.510e-06 (1 inst); FPNAdder: 1.540e-04 (1 inst); FixedFPTree_exp6_mant6_out9_vec4_range4: 2.190e-04 (1 inst); SNPS_CLOCK_GATE: 5.880e-07 (1 inst); ScaleAddition_E2M3_to_E2M1_scale_UE5M3_wide9: 1.360e-04 (1 inst); ScaleToFP14b_E2M3_x_E2M1_UE5M3_wide17: 7.480e-05 (1 inst),3.948000e-04,CustomOperator_E2M3_to_E2M1_0: 6.200e-06 (1 inst); CustomOperator_E2M3_to_E2M1_1: 6.390e-06 (1 inst); CustomOperator_E2M3_to_E2M1_2: 6.660e-06 (1 inst); CustomOperator_E2M3_to_E2M1_3: 6.530e-06 (1 inst); FPNAdder: 7.350e-05 (1 inst); FixedFPTree_exp6_mant6_out9_vec4_range4: 1.350e-04 (1 inst); SNPS_CLOCK_GATE: 5.180e-06 (1 inst); ScaleAddition_E2M3_to_E2M1_scale_UE5M3_wide9: 6.990e-05 (1 inst); ScaleToFP14b_E2M3_x_E2M1_UE5M3_wide17: 3.710e-05 (1 inst),2.5000,400.0,1059,0.372,0.0366,2048,1,5freq
baseline_act-E2M3_w-E2M1_UE4M4,baseline,E2M3,E2M1,UE4M4,400,true,0.0000,1529.261997,CustomOperator_E2M3_to_E2M1_0: 16.7580 (1 inst); CustomOperator_E2M3_to_E2M1_1: 16.7580 (1 inst); CustomOperator_E2M3_to_E2M1_2: 17.1360 (1 inst); CustomOperator_E2M3_to_E2M1_3: 17.3880 (1 inst); FPNAdder: 419.3280 (1 inst); FixedFPTree_exp6_mant6_out7_vec4_range4: 508.7880 (1 inst); SNPS_CLOCK_GATE: 1.8900 (1 inst); ScaleAddition_E2M3_to_E2M1_scale_UE4M4_wide7: 311.3460 (1 inst); ScaleToFP14b_E2M3_x_E2M1_UE4M4_wide17: 150.5700 (1 inst),6.613000e-04,CustomOperator_E2M3_to_E2M1_0: 5.060e-06 (1 inst); CustomOperator_E2M3_to_E2M1_1: 4.920e-06 (1 inst); CustomOperator_E2M3_to_E2M1_2: 5.330e-06 (1 inst); CustomOperator_E2M3_to_E2M1_3: 5.340e-06 (1 inst); FPNAdder: 1.570e-04 (1 inst); FixedFPTree_exp6_mant6_out7_vec4_range4: 2.170e-04 (1 inst); SNPS_CLOCK_GATE: 5.900e-07 (1 inst); ScaleAddition_E2M3_to_E2M1_scale_UE4M4_wide7: 1.760e-04 (1 inst); ScaleToFP14b_E2M3_x_E2M1_UE4M4_wide17: 7.860e-05 (1 inst),4.052000e-04,CustomOperator_E2M3_to_E2M1_0: 6.210e-06 (1 inst); CustomOperator_E2M3_to_E2M1_1: 6.050e-06 (1 inst); CustomOperator_E2M3_to_E2M1_2: 6.660e-06 (1 inst); CustomOperator_E2M3_to_E2M1_3: 6.330e-06 (1 inst); FPNAdder: 7.650e-05 (1 inst); FixedFPTree_exp6_mant6_out7_vec4_range4: 1.330e-04 (1 inst); SNPS_CLOCK_GATE: 5.180e-06 (1 inst); ScaleAddition_E2M3_to_E2M1_scale_UE4M4_wide7: 7.930e-05 (1 inst); ScaleToFP14b_E2M3_x_E2M1_UE4M4_wide17: 3.700e-05 (1 inst),2.5000,400.0,1059,0.372,0.0366,2048,1,5freq
baseline_act-E2M3_w-E2M1_UE6M2,baseline,E2M3,E2M1,UE6M2,400,true,0.0000,1547.028000,CustomOperator_E2M3_to_E2M1_0: 16.7580 (1 inst); CustomOperator_E2M3_to_E2M1_1: 17.0100 (1 inst); CustomOperator_E2M3_to_E2M1_2: 19.7820 (1 inst); CustomOperator_E2M3_to_E2M1_3: 21.1680 (1 inst); FPNAdder: 440.3700 (1 inst); FixedFPTree_exp6_mant6_out11_vec4_range4: 547.5960 (1 inst); SNPS_CLOCK_GATE: 1.8900 (1 inst); ScaleAddition_E2M3_to_E2M1_scale_UE6M2_wide11: 256.0320 (1 inst); ScaleToFP14b_E2M3_x_E2M1_UE6M2_wide17: 155.1060 (1 inst),6.340000e-04,CustomOperator_E2M3_to_E2M1_0: 5.110e-06 (1 inst); CustomOperator_E2M3_to_E2M1_1: 5.350e-06 (1 inst); CustomOperator_E2M3_to_E2M1_2: 6.100e-06 (1 inst); CustomOperator_E2M3_to_E2M1_3: 6.000e-06 (1 inst); FPNAdder: 1.680e-04 (1 inst); FixedFPTree_exp6_mant6_out11_vec4_range4: 2.330e-04 (1 inst); SNPS_CLOCK_GATE: 5.920e-07 (1 inst); ScaleAddition_E2M3_to_E2M1_scale_UE6M2_wide11: 1.230e-04 (1 inst); ScaleToFP14b_E2M3_x_E2M1_UE6M2_wide17: 7.450e-05 (1 inst),3.836000e-04,CustomOperator_E2M3_to_E2M1_0: 6.300e-06 (1 inst); CustomOperator_E2M3_to_E2M1_1: 6.520e-06 (1 inst); CustomOperator_E2M3_to_E2M1_2: 7.400e-06 (1 inst); CustomOperator_E2M3_to_E2M1_3: 6.900e-06 (1 inst); FPNAdder: 7.570e-05 (1 inst); FixedFPTree_exp6_mant6_out11_vec4_range4: 1.430e-04 (1 inst); SNPS_CLOCK_GATE: 5.180e-06 (1 inst); ScaleAddition_E2M3_to_E2M1_scale_UE6M2_wide11: 5.430e-05 (1 inst); ScaleToFP14b_E2M3_x_E2M1_UE6M2_wide17: 3.150e-05 (1 inst),2.5000,400.0,1059,0.372,0.0366,2048,1,5freq
baseline_act-INT8_w-E2M3_UE8M0,baseline,INT8,E2M3,UE8M0,400,true,0.0000,1549.799995,CustomOperator_INT8_to_E2M3_0: 67.5360 (1 inst); CustomOperator_INT8_to_E2M3_1: 67.5360 (1 inst); CustomOperator_INT8_to_E2M3_2: 68.4180 (1 inst); CustomOperator_INT8_to_E2M3_3: 68.5440 (1 inst); DirectToFP19b_INT8_x_E2M3_UE8M0: 65.5200 (1 inst); FPNAdder: 495.9360 (1 inst); FixedFPTree_exp7_mant11_out11_vec4_range2: 631.2600 (1 inst); SNPS_CLOCK_GATE: 1.8900 (1 inst),6.085000e-04,CustomOperator_INT8_to_E2M3_0: 2.570e-05 (1 inst); CustomOperator_INT8_to_E2M3_1: 2.580e-05 (1 inst); CustomOperator_INT8_to_E2M3_2: 2.600e-05 (1 inst); CustomOperator_INT8_to_E2M3_3: 2.610e-05 (1 inst); DirectToFP19b_INT8_x_E2M3_UE8M0: 3.140e-05 (1 inst); FPNAdder: 1.600e-04 (1 inst); FixedFPTree_exp7_mant11_out11_vec4_range2: 3.030e-04 (1 inst); SNPS_CLOCK_GATE: 6.470e-07 (1 inst),4.172000e-04,CustomOperator_INT8_to_E2M3_0: 2.190e-05 (1 inst); CustomOperator_INT8_to_E2M3_1: 2.150e-05 (1 inst); CustomOperator_INT8_to_E2M3_2: 2.220e-05 (1 inst); CustomOperator_INT8_to_E2M3_3: 2.170e-05 (1 inst); DirectToFP19b_INT8_x_E2M3_UE8M0: 8.280e-06 (1 inst); FPNAdder: 7.800e-05 (1 inst); FixedFPTree_exp7_mant11_out11_vec4_range2: 1.840e-04 (1 inst); SNPS_CLOCK_GATE: 5.810e-06 (1 inst),2.5000,400.0,1059,0.372,0.0366,2048,1,5freq
baseline_act-INT8_w-INT8_UE8M0,baseline,INT8,INT8,UE8M0,400,true,0.0000,1555.722000,CustomOperator_INT8_to_INT8_0: 144.0180 (1 inst); CustomOperator_INT8_to_INT8_1: 143.8920 (1 inst); CustomOperator_INT8_to_INT8_2: 144.1440 (1 inst); CustomOperator_INT8_to_INT8_3: 143.7660 (1 inst); DirectToFP19b_INT8_x_INT8_UE8M0: 74.5920 (1 inst); FPNAdder: 503.2440 (1 inst); FixedFPTree_exp7_mant14_out14_vec4_range0: 316.5120 (1 inst); SNPS_CLOCK_GATE: 1.8900 (1 inst),7.006000e-04,CustomOperator_INT8_to_INT8_0: 7.090e-05 (1 inst); CustomOperator_INT8_to_INT8_1: 7.080e-05 (1 inst); CustomOperator_INT8_to_INT8_2: 7.100e-05 (1 inst); CustomOperator_INT8_to_INT8_3: 7.080e-05 (1 inst); DirectToFP19b_INT8_x_INT8_UE8M0: 3.680e-05 (1 inst); FPNAdder: 1.820e-04 (1 inst); FixedFPTree_exp7_mant14_out14_vec4_range0: 1.880e-04 (1 inst); SNPS_CLOCK_GATE: 6.580e-07 (1 inst),4.690000e-04,CustomOperator_INT8_to_INT8_0: 5.050e-05 (1 inst); CustomOperator_INT8_to_INT8_1: 5.160e-05 (1 inst); CustomOperator_INT8_to_INT8_2: 5.220e-05 (1 inst); CustomOperator_INT8_to_INT8_3: 5.080e-05 (1 inst); DirectToFP19b_INT8_x_INT8_UE8M0: 9.690e-06 (1 inst); FPNAdder: 8.560e-05 (1 inst); FixedFPTree_exp7_mant14_out14_vec4_range0: 1.080e-04 (1 inst); SNPS_CLOCK_GATE: 5.810e-06 (1 inst),2.5000,400.0,1059,0.372,0.0366,2048,1,5freq
baseline_act-E2M3_w-E2M3_UE7M1,baseline,E2M3,E2M3,UE7M1,400,true,0.0000,1599.821997,CustomOperator_E2M3_to_E2M3_0: 38.1780 (1 inst); CustomOperator_E2M3_to_E2M3_1: 38.4300 (1 inst); CustomOperator_E2M3_to_E2M3_2: 39.6900 (1 inst); CustomOperator_E2M3_to_E2M3_3: 38.6820 (1 inst); FPNAdder: 418.8240 (1 inst); FixedFPTree_exp7_mant8_out13_vec4_range4: 597.7440 (1 inst); SNPS_CLOCK_GATE: 1.8900 (1 inst); ScaleAddition_E2M3_to_E2M3_scale_UE7M1_wide13: 190.0080 (1 inst); ScaleToFP14b_E2M3_x_E2M3_UE7M1_wide17: 165.5640 (1 inst),6.356000e-04,CustomOperator_E2M3_to_E2M3_0: 1.200e-05 (1 inst); CustomOperator_E2M3_to_E2M3_1: 1.230e-05 (1 inst); CustomOperator_E2M3_to_E2M3_2: 1.230e-05 (1 inst); CustomOperator_E2M3_to_E2M3_3: 1.210e-05 (1 inst); FPNAdder: 1.480e-04 (1 inst); FixedFPTree_exp7_mant8_out13_vec4_range4: 2.660e-04 (1 inst); SNPS_CLOCK_GATE: 5.990e-07 (1 inst); ScaleAddition_E2M3_to_E2M3_scale_UE7M1_wide13: 8.640e-05 (1 inst); ScaleToFP14b_E2M3_x_E2M3_UE7M1_wide17: 7.470e-05 (1 inst),4.014000e-04,CustomOperator_E2M3_to_E2M3_0: 1.290e-05 (1 inst); CustomOperator_E2M3_to_E2M3_1: 1.300e-05 (1 inst); CustomOperator_E2M3_to_E2M3_2: 1.360e-05 (1 inst); CustomOperator_E2M3_to_E2M3_3: 1.290e-05 (1 inst); FPNAdder: 7.040e-05 (1 inst); FixedFPTree_exp7_mant8_out13_vec4_range4: 1.590e-04 (1 inst); SNPS_CLOCK_GATE: 5.180e-06 (1 inst); ScaleAddition_E2M3_to_E2M3_scale_UE7M1_wide13: 3.600e-05 (1 inst); ScaleToFP14b_E2M3_x_E2M3_UE7M1_wide17: 3.120e-05 (1 inst),2.5000,400.0,1059,0.372,0.0366,2048,1,5freq
baseline_act-E2M3_w-E2M3_UE4M3,baseline,E2M3,E2M3,UE4M3,400,true,0.0000,1625.903996,CustomOperator_E2M3_to_E2M3_0: 38.0520 (1 inst); CustomOperator_E2M3_to_E2M3_1: 38.0520 (1 inst); CustomOperator_E2M3_to_E2M3_2: 38.5560 (1 inst); CustomOperator_E2M3_to_E2M3_3: 38.6820 (1 inst); FPNAdder: 427.6440 (1 inst); FixedFPTree_exp6_mant8_out9_vec4_range4: 578.2140 (1 inst); SNPS_CLOCK_GATE: 1.8900 (1 inst); ScaleAddition_E2M3_to_E2M3_scale_UE4M3_wide9: 255.9060 (1 inst); ScaleToFP14b_E2M3_x_E2M3_UE4M3_wide17: 139.8600 (1 inst),6.989000e-04,CustomOperator_E2M3_to_E2M3_0: 1.190e-05 (1 inst); CustomOperator_E2M3_to_E2M3_1: 1.190e-05 (1 inst); CustomOperator_E2M3_to_E2M3_2: 1.210e-05 (1 inst); CustomOperator_E2M3_to_E2M3_3: 1.210e-05 (1 inst); FPNAdder: 1.610e-04 (1 inst); FixedFPTree_exp6_mant8_out9_vec4_range4: 2.610e-04 (1 inst); SNPS_CLOCK_GATE: 5.910e-07 (1 inst); ScaleAddition_E2M3_to_E2M3_scale_UE4M3_wide9: 1.460e-04 (1 inst); ScaleToFP14b_E2M3_x_E2M3_UE4M3_wide17: 7.110e-05 (1 inst),4.183000e-04,CustomOperator_E2M3_to_E2M3_0: 1.280e-05 (1 inst); CustomOperator_E2M3_to_E2M3_1: 1.260e-05 (1 inst); CustomOperator_E2M3_to_E2M3_2: 1.320e-05 (1 inst); CustomOperator_E2M3_to_E2M3_3: 1.300e-05 (1 inst); FPNAdder: 7.120e-05 (1 inst); FixedFPTree_exp6_mant8_out9_vec4_range4: 1.580e-04 (1 inst); SNPS_CLOCK_GATE: 5.180e-06 (1 inst); ScaleAddition_E2M3_to_E2M3_scale_UE4M3_wide9: 5.200e-05 (1 inst); ScaleToFP14b_E2M3_x_E2M3_UE4M3_wide17: 3.080e-05 (1 inst),2.5000,400.0,1059,0.372,0.0366,2048,1,5freq
baseline_act-E2M3_w-E2M3_UE6M2,baseline,E2M3,E2M3,UE6M2,400,true,0.0000,1647.071997,CustomOperator_E2M3_to_E2M3_0: 38.0520 (1 inst); CustomOperator_E2M3_to_E2M3_1: 38.4300 (1 inst); CustomOperator_E2M3_to_E2M3_2: 39.8160 (1 inst); CustomOperator_E2M3_to_E2M3_3: 40.6980 (1 inst); FPNAdder: 424.3680 (1 inst); FixedFPTree_exp6_mant8_out11_vec4_range4: 585.9000 (1 inst); SNPS_CLOCK_GATE: 1.8900 (1 inst); ScaleAddition_E2M3_to_E2M3_scale_UE6M2_wide11: 249.3540 (1 inst); ScaleToFP14b_E2M3_x_E2M3_UE6M2_wide17: 157.5000 (1 inst),7.067000e-04,CustomOperator_E2M3_to_E2M3_0: 1.190e-05 (1 inst); CustomOperator_E2M3_to_E2M3_1: 1.210e-05 (1 inst); CustomOperator_E2M3_to_E2M3_2: 1.240e-05 (1 inst); CustomOperator_E2M3_to_E2M3_3: 1.250e-05 (1 inst); FPNAdder: 1.620e-04 (1 inst); FixedFPTree_exp6_mant8_out11_vec4_range4: 2.680e-04 (1 inst); SNPS_CLOCK_GATE: 5.970e-07 (1 inst); ScaleAddition_E2M3_to_E2M3_scale_UE6M2_wide11: 1.320e-04 (1 inst); ScaleToFP14b_E2M3_x_E2M3_UE6M2_wide17: 8.360e-05 (1 inst),4.432000e-04,CustomOperator_E2M3_to_E2M3_0: 1.280e-05 (1 inst); CustomOperator_E2M3_to_E2M3_1: 1.280e-05 (1 inst); CustomOperator_E2M3_to_E2M3_2: 1.350e-05 (1 inst); CustomOperator_E2M3_to_E2M3_3: 1.340e-05 (1 inst); FPNAdder: 7.700e-05 (1 inst); FixedFPTree_exp6_mant8_out11_vec4_range4: 1.610e-04 (1 inst); SNPS_CLOCK_GATE: 5.180e-06 (1 inst); ScaleAddition_E2M3_to_E2M3_scale_UE6M2_wide11: 6.310e-05 (1 inst); ScaleToFP14b_E2M3_x_E2M3_UE6M2_wide17: 3.440e-05 (1 inst),2.5000,400.0,1059,0.372,0.0366,2048,1,5freq
baseline_act-E3M2_w-E2M1_UE7M1,baseline,E3M2,E2M1,UE7M1,400,true,0.0000,1653.119998,CustomOperator_E3M2_to_E2M1_0: 16.6320 (1 inst); CustomOperator_E3M2_to_E2M1_1: 16.7580 (1 inst); CustomOperator_E3M2_to_E2M1_2: 19.0260 (1 inst); CustomOperator_E3M2_to_E2M1_3: 18.7740 (1 inst); FPNAdder: 447.8040 (1 inst); FixedFPTree_exp7_mant5_out13_vec4_range8: 698.7960 (1 inst); SNPS_CLOCK_GATE: 1.8900 (1 inst); ScaleAddition_E3M2_to_E2M1_scale_UE7M1_wide13: 192.7800 (1 inst); ScaleToFP14b_E3M2_x_E2M1_UE7M1_wide17: 171.3600 (1 inst),6.275000e-04,CustomOperator_E3M2_to_E2M1_0: 5.180e-06 (1 inst); CustomOperator_E3M2_to_E2M1_1: 5.500e-06 (1 inst); CustomOperator_E3M2_to_E2M1_2: 5.660e-06 (1 inst); CustomOperator_E3M2_to_E2M1_3: 5.530e-06 (1 inst); FPNAdder: 1.610e-04 (1 inst); FixedFPTree_exp7_mant5_out13_vec4_range8: 2.720e-04 (1 inst); SNPS_CLOCK_GATE: 5.870e-07 (1 inst); ScaleAddition_E3M2_to_E2M1_scale_UE7M1_wide13: 8.470e-05 (1 inst); ScaleToFP14b_E3M2_x_E2M1_UE7M1_wide17: 7.670e-05 (1 inst),3.622000e-04,CustomOperator_E3M2_to_E2M1_0: 6.050e-06 (1 inst); CustomOperator_E3M2_to_E2M1_1: 6.300e-06 (1 inst); CustomOperator_E3M2_to_E2M1_2: 6.700e-06 (1 inst); CustomOperator_E3M2_to_E2M1_3: 6.510e-06 (1 inst); FPNAdder: 7.210e-05 (1 inst); FixedFPTree_exp7_mant5_out13_vec4_range8: 1.520e-04 (1 inst); SNPS_CLOCK_GATE: 5.180e-06 (1 inst); ScaleAddition_E3M2_to_E2M1_scale_UE7M1_wide13: 3.160e-05 (1 inst); ScaleToFP14b_E3M2_x_E2M1_UE7M1_wide17: 3.020e-05 (1 inst),2.5000,400.0,1059,0.372,0.0366,2048,1,5freq
baseline_act-E2M3_w-E2M3_UE5M3,baseline,E2M3,E2M3,UE5M3,400,true,0.0000,1659.419996,CustomOperator_E2M3_to_E2M3_0: 38.0520 (1 inst); CustomOperator_E2M3_to_E2M3_1: 38.3040 (1 inst); CustomOperator_E2M3_to_E2M3_2: 39.0600 (1 inst); CustomOperator_E2M3_to_E2M3_3: 38.8080 (1 inst); FPNAdder: 423.4860 (1 inst); FixedFPTree_exp6_mant8_out9_vec4_range4: 580.7340 (1 inst); SNPS_CLOCK_GATE: 1.8900 (1 inst); ScaleAddition_E2M3_to_E2M3_scale_UE5M3_wide9: 267.4980 (1 inst); ScaleToFP14b_E2M3_x_E2M3_UE5M3_wide17: 162.2880 (1 inst),7.223000e-04,CustomOperator_E2M3_to_E2M3_0: 1.200e-05 (1 inst); CustomOperator_E2M3_to_E2M3_1: 1.200e-05 (1 inst); CustomOperator_E2M3_to_E2M3_2: 1.240e-05 (1 inst); CustomOperator_E2M3_to_E2M3_3: 1.240e-05 (1 inst); FPNAdder: 1.640e-04 (1 inst); FixedFPTree_exp6_mant8_out9_vec4_range4: 2.630e-04 (1 inst); SNPS_CLOCK_GATE: 5.970e-07 (1 inst); ScaleAddition_E2M3_to_E2M3_scale_UE5M3_wide9: 1.540e-04 (1 inst); ScaleToFP14b_E2M3_x_E2M3_UE5M3_wide17: 8.140e-05 (1 inst),4.627000e-04,CustomOperator_E2M3_to_E2M3_0: 1.280e-05 (1 inst); CustomOperator_E2M3_to_E2M3_1: 1.270e-05 (1 inst); CustomOperator_E2M3_to_E2M3_2: 1.350e-05 (1 inst); CustomOperator_E2M3_to_E2M3_3: 1.320e-05 (1 inst); FPNAdder: 7.900e-05 (1 inst); FixedFPTree_exp6_mant8_out9_vec4_range4: 1.590e-04 (1 inst); SNPS_CLOCK_GATE: 5.180e-06 (1 inst); ScaleAddition_E2M3_to_E2M3_scale_UE5M3_wide9: 7.920e-05 (1 inst); ScaleToFP14b_E2M3_x_E2M3_UE5M3_wide17: 3.800e-05 (1 inst),2.5000,400.0,1059,0.372,0.0366,2048,1,5freq
baseline_act-E3M2_w-E2M1_UE4M3,baseline,E3M2,E2M1,UE4M3,400,true,0.0000,1700.117997,CustomOperator_E3M2_to_E2M1_0: 16.6320 (1 inst); CustomOperator_E3M2_to_E2M1_1: 16.8840 (1 inst); CustomOperator_E3M2_to_E2M1_2: 17.7660 (1 inst); CustomOperator_E3M2_to_E2M1_3: 17.7660 (1 inst); FPNAdder: 440.7480 (1 inst); FixedFPTree_exp6_mant5_out9_vec4_range8: 713.7900 (1 inst); SNPS_CLOCK_GATE: 1.8900 (1 inst); ScaleAddition_E3M2_to_E2M1_scale_UE4M3_wide9: 261.0720 (1 inst); ScaleToFP14b_E3M2_x_E2M1_UE4M3_wide17: 144.3960 (1 inst),6.939000e-04,CustomOperator_E3M2_to_E2M1_0: 5.580e-06 (1 inst); CustomOperator_E3M2_to_E2M1_1: 5.740e-06 (1 inst); CustomOperator_E3M2_to_E2M1_2: 5.880e-06 (1 inst); CustomOperator_E3M2_to_E2M1_3: 5.690e-06 (1 inst); FPNAdder: 1.690e-04 (1 inst); FixedFPTree_exp6_mant5_out9_vec4_range8: 2.750e-04 (1 inst); SNPS_CLOCK_GATE: 5.910e-07 (1 inst); ScaleAddition_E3M2_to_E2M1_scale_UE4M3_wide9: 1.450e-04 (1 inst); ScaleToFP14b_E3M2_x_E2M1_UE4M3_wide17: 7.120e-05 (1 inst),3.991000e-04,CustomOperator_E3M2_to_E2M1_0: 6.300e-06 (1 inst); CustomOperator_E3M2_to_E2M1_1: 6.480e-06 (1 inst); CustomOperator_E3M2_to_E2M1_2: 6.780e-06 (1 inst); CustomOperator_E3M2_to_E2M1_3: 6.370e-06 (1 inst); FPNAdder: 7.640e-05 (1 inst); FixedFPTree_exp6_mant5_out9_vec4_range8: 1.610e-04 (1 inst); SNPS_CLOCK_GATE: 5.180e-06 (1 inst); ScaleAddition_E3M2_to_E2M1_scale_UE4M3_wide9: 4.970e-05 (1 inst); ScaleToFP14b_E3M2_x_E2M1_UE4M3_wide17: 3.200e-05 (1 inst),2.5000,400.0,1059,0.372,0.0366,2048,1,5freq
baseline_act-E2M3_w-E2M3_UE4M4,baseline,E2M3,E2M3,UE4M4,400,true,0.0000,1707.173994,CustomOperator_E2M3_to_E2M3_0: 38.0520 (1 inst); CustomOperator_E2M3_to_E2M3_1: 38.0520 (1 inst); CustomOperator_E2M3_to_E2M3_2: 38.5560 (1 inst); CustomOperator_E2M3_to_E2M3_3: 39.0600 (1 inst); FPNAdder: 415.9260 (1 inst); FixedFPTree_exp6_mant8_out8_vec4_range4: 581.9940 (1 inst); SNPS_CLOCK_GATE: 1.8900 (1 inst); ScaleAddition_E2M3_to_E2M3_scale_UE4M4_wide8: 335.2860 (1 inst); ScaleToFP14b_E2M3_x_E2M3_UE4M4_wide18: 148.6800 (1 inst),7.605000e-04,CustomOperator_E2M3_to_E2M3_0: 1.200e-05 (1 inst); CustomOperator_E2M3_to_E2M3_1: 1.200e-05 (1 inst); CustomOperator_E2M3_to_E2M3_2: 1.220e-05 (1 inst); CustomOperator_E2M3_to_E2M3_3: 1.230e-05 (1 inst); FPNAdder: 1.620e-04 (1 inst); FixedFPTree_exp6_mant8_out8_vec4_range4: 2.660e-04 (1 inst); SNPS_CLOCK_GATE: 5.970e-07 (1 inst); ScaleAddition_E2M3_to_E2M3_scale_UE4M4_wide8: 1.960e-04 (1 inst); ScaleToFP14b_E2M3_x_E2M3_UE4M4_wide18: 7.620e-05 (1 inst),4.715000e-04,CustomOperator_E2M3_to_E2M3_0: 1.290e-05 (1 inst); CustomOperator_E2M3_to_E2M3_1: 1.270e-05 (1 inst); CustomOperator_E2M3_to_E2M3_2: 1.320e-05 (1 inst); CustomOperator_E2M3_to_E2M3_3: 1.320e-05 (1 inst); FPNAdder: 7.790e-05 (1 inst); FixedFPTree_exp6_mant8_out8_vec4_range4: 1.600e-04 (1 inst); SNPS_CLOCK_GATE: 5.180e-06 (1 inst); ScaleAddition_E2M3_to_E2M3_scale_UE4M4_wide8: 9.180e-05 (1 inst); ScaleToFP14b_E2M3_x_E2M3_UE4M4_wide18: 3.460e-05 (1 inst),2.5000,400.0,1059,0.372,0.0366,2048,1,5freq
baseline_act-E4M3_w-E2M1_UE8M0,baseline,E4M3,E2M1,UE8M0,400,true,0.0000,1724.940003,CustomOperator_E4M3_to_E2M1_0: 22.8060 (1 inst); CustomOperator_E4M3_to_E2M1_1: 23.1840 (1 inst); CustomOperator_E4M3_to_E2M1_2: 23.9400 (1 inst); CustomOperator_E4M3_to_E2M1_3: 24.1920 (1 inst); DirectToFP14b_E4M3_x_E2M1_UE8M0: 57.3300 (1 inst); FPNAdder: 419.8320 (1 inst); FixedFPTree_exp7_mant6_out6_vec4_range16: 1083.9780 (1 inst); SNPS_CLOCK_GATE: 1.8900 (1 inst),5.863000e-04,CustomOperator_E4M3_to_E2M1_0: 7.500e-06 (1 inst); CustomOperator_E4M3_to_E2M1_1: 7.390e-06 (1 inst); CustomOperator_E4M3_to_E2M1_2: 7.620e-06 (1 inst); CustomOperator_E4M3_to_E2M1_3: 7.570e-06 (1 inst); DirectToFP14b_E4M3_x_E2M1_UE8M0: 2.700e-05 (1 inst); FPNAdder: 1.220e-04 (1 inst); FixedFPTree_exp7_mant6_out6_vec4_range16: 4.000e-04 (1 inst); SNPS_CLOCK_GATE: 5.910e-07 (1 inst),3.461000e-04,CustomOperator_E4M3_to_E2M1_0: 8.380e-06 (1 inst); CustomOperator_E4M3_to_E2M1_1: 8.250e-06 (1 inst); CustomOperator_E4M3_to_E2M1_2: 8.730e-06 (1 inst); CustomOperator_E4M3_to_E2M1_3: 8.140e-06 (1 inst); DirectToFP14b_E4M3_x_E2M1_UE8M0: 7.320e-06 (1 inst); FPNAdder: 6.020e-05 (1 inst); FixedFPTree_exp7_mant6_out6_vec4_range16: 1.960e-04 (1 inst); SNPS_CLOCK_GATE: 5.180e-06 (1 inst),2.5000,400.0,1059,0.372,0.0366,2048,1,5freq
baseline_act-E3M2_w-E2M1_UE6M2,baseline,E3M2,E2M1,UE6M2,400,true,0.0000,1726.199999,CustomOperator_E3M2_to_E2M1_0: 17.7660 (1 inst); CustomOperator_E3M2_to_E2M1_1: 17.1360 (1 inst); CustomOperator_E3M2_to_E2M1_2: 20.1600 (1 inst); CustomOperator_E3M2_to_E2M1_3: 19.9080 (1 inst); FPNAdder: 457.2540 (1 inst); FixedFPTree_exp7_mant5_out11_vec4_range8: 708.8760 (1 inst); SNPS_CLOCK_GATE: 1.8900 (1 inst); ScaleAddition_E3M2_to_E2M1_scale_UE6M2_wide11: 255.9060 (1 inst); ScaleToFP14b_E3M2_x_E2M1_UE6M2_wide17: 158.0040 (1 inst),7.042000e-04,CustomOperator_E3M2_to_E2M1_0: 5.750e-06 (1 inst); CustomOperator_E3M2_to_E2M1_1: 5.560e-06 (1 inst); CustomOperator_E3M2_to_E2M1_2: 5.900e-06 (1 inst); CustomOperator_E3M2_to_E2M1_3: 5.850e-06 (1 inst); FPNAdder: 1.730e-04 (1 inst); FixedFPTree_exp7_mant5_out11_vec4_range8: 2.850e-04 (1 inst); SNPS_CLOCK_GATE: 5.730e-07 (1 inst); ScaleAddition_E3M2_to_E2M1_scale_UE6M2_wide11: 1.300e-04 (1 inst); ScaleToFP14b_E3M2_x_E2M1_UE6M2_wide17: 8.170e-05 (1 inst),3.981000e-04,CustomOperator_E3M2_to_E2M1_0: 6.520e-06 (1 inst); CustomOperator_E3M2_to_E2M1_1: 6.390e-06 (1 inst); CustomOperator_E3M2_to_E2M1_2: 7.010e-06 (1 inst); CustomOperator_E3M2_to_E2M1_3: 6.800e-06 (1 inst); FPNAdder: 8.240e-05 (1 inst); FixedFPTree_exp7_mant5_out11_vec4_range8: 1.580e-04 (1 inst); SNPS_CLOCK_GATE: 5.180e-06 (1 inst); ScaleAddition_E3M2_to_E2M1_scale_UE6M2_wide11: 4.580e-05 (1 inst); ScaleToFP14b_E3M2_x_E2M1_UE6M2_wide17: 3.290e-05 (1 inst),2.5000,400.0,1059,0.372,0.0366,2048,1,5freq
baseline_act-E3M2_w-E2M1_UE5M3,baseline,E3M2,E2M1,UE5M3,400,true,0.0000,1737.791996,CustomOperator_E3M2_to_E2M1_0: 16.8840 (1 inst); CustomOperator_E3M2_to_E2M1_1: 17.6400 (1 inst); CustomOperator_E3M2_to_E2M1_2: 18.1440 (1 inst); CustomOperator_E3M2_to_E2M1_3: 18.0180 (1 inst); FPNAdder: 447.9300 (1 inst); FixedFPTree_exp6_mant5_out9_vec4_range8: 724.1220 (1 inst); SNPS_CLOCK_GATE: 1.8900 (1 inst); ScaleAddition_E3M2_to_E2M1_scale_UE5M3_wide9: 266.1120 (1 inst); ScaleToFP14b_E3M2_x_E2M1_UE5M3_wide17: 158.0040 (1 inst),7.146000e-04,CustomOperator_E3M2_to_E2M1_0: 5.790e-06 (1 inst); CustomOperator_E3M2_to_E2M1_1: 6.280e-06 (1 inst); CustomOperator_E3M2_to_E2M1_2: 5.950e-06 (1 inst); CustomOperator_E3M2_to_E2M1_3: 6.010e-06 (1 inst); FPNAdder: 1.780e-04 (1 inst); FixedFPTree_exp6_mant5_out9_vec4_range8: 2.790e-04 (1 inst); SNPS_CLOCK_GATE: 5.850e-07 (1 inst); ScaleAddition_E3M2_to_E2M1_scale_UE5M3_wide9: 1.460e-04 (1 inst); ScaleToFP14b_E3M2_x_E2M1_UE5M3_wide17: 7.640e-05 (1 inst),4.442000e-04,CustomOperator_E3M2_to_E2M1_0: 6.460e-06 (1 inst); CustomOperator_E3M2_to_E2M1_1: 6.990e-06 (1 inst); CustomOperator_E3M2_to_E2M1_2: 6.780e-06 (1 inst); CustomOperator_E3M2_to_E2M1_3: 6.690e-06 (1 inst); FPNAdder: 9.010e-05 (1 inst); FixedFPTree_exp6_mant5_out9_vec4_range8: 1.650e-04 (1 inst); SNPS_CLOCK_GATE: 5.180e-06 (1 inst); ScaleAddition_E3M2_to_E2M1_scale_UE5M3_wide9: 7.020e-05 (1 inst); ScaleToFP14b_E3M2_x_E2M1_UE5M3_wide17: 3.770e-05 (1 inst),2.5000,400.0,1059,0.372,0.0366,2048,1,5freq
baseline_act-E3M2_w-E2M1_UE4M4,baseline,E3M2,E2M1,UE4M4,400,true,0.0000,1749.509998,CustomOperator_E3M2_to_E2M1_0: 16.6320 (1 inst); CustomOperator_E3M2_to_E2M1_1: 17.0100 (1 inst); CustomOperator_E3M2_to_E2M1_2: 17.8920 (1 inst); CustomOperator_E3M2_to_E2M1_3: 17.6400 (1 inst); FPNAdder: 453.9780 (1 inst); FixedFPTree_exp6_mant5_out7_vec4_range8: 699.0480 (1 inst); SNPS_CLOCK_GATE: 1.8900 (1 inst); ScaleAddition_E3M2_to_E2M1_scale_UE4M4_wide7: 311.7240 (1 inst); ScaleToFP14b_E3M2_x_E2M1_UE4M4_wide17: 144.6480 (1 inst),7.412000e-04,CustomOperator_E3M2_to_E2M1_0: 5.800e-06 (1 inst); CustomOperator_E3M2_to_E2M1_1: 5.830e-06 (1 inst); CustomOperator_E3M2_to_E2M1_2: 6.080e-06 (1 inst); CustomOperator_E3M2_to_E2M1_3: 5.710e-06 (1 inst); FPNAdder: 1.770e-04 (1 inst); FixedFPTree_exp6_mant5_out7_vec4_range8: 2.750e-04 (1 inst); SNPS_CLOCK_GATE: 5.790e-07 (1 inst); ScaleAddition_E3M2_to_E2M1_scale_UE4M4_wide7: 1.790e-04 (1 inst); ScaleToFP14b_E3M2_x_E2M1_UE4M4_wide17: 7.520e-05 (1 inst),4.331000e-04,CustomOperator_E3M2_to_E2M1_0: 6.550e-06 (1 inst); CustomOperator_E3M2_to_E2M1_1: 6.530e-06 (1 inst); CustomOperator_E3M2_to_E2M1_2: 6.880e-06 (1 inst); CustomOperator_E3M2_to_E2M1_3: 6.400e-06 (1 inst); FPNAdder: 8.680e-05 (1 inst); FixedFPTree_exp6_mant5_out7_vec4_range8: 1.580e-04 (1 inst); SNPS_CLOCK_GATE: 5.180e-06 (1 inst); ScaleAddition_E3M2_to_E2M1_scale_UE4M4_wide7: 7.310e-05 (1 inst); ScaleToFP14b_E3M2_x_E2M1_UE4M4_wide17: 3.340e-05 (1 inst),2.5000,400.0,1059,0.372,0.0366,2048,1,5freq
baseline_act-E3M2_w-E2M3_UE7M1,baseline,E3M2,E2M3,UE7M1,400,true,0.0000,1783.529999,CustomOperator_E3M2_to_E2M3_0: 28.4760 (1 inst); CustomOperator_E3M2_to_E2M3_1: 28.3500 (1 inst); CustomOperator_E3M2_to_E2M3_2: 29.9880 (1 inst); CustomOperator_E3M2_to_E2M3_3: 29.2320 (1 inst); FPNAdder: 448.8120 (1 inst); FixedFPTree_exp7_mant7_out13_vec4_range8: 779.6880 (1 inst); SNPS_CLOCK_GATE: 1.8900 (1 inst); ScaleAddition_E3M2_to_E2M3_scale_UE7M1_wide13: 192.9060 (1 inst); ScaleToFP14b_E3M2_x_E2M3_UE7M1_wide17: 175.5180 (1 inst),7.326000e-04,CustomOperator_E3M2_to_E2M3_0: 9.030e-06 (1 inst); CustomOperator_E3M2_to_E2M3_1: 9.230e-06 (1 inst); CustomOperator_E3M2_to_E2M3_2: 9.530e-06 (1 inst); CustomOperator_E3M2_to_E2M3_3: 9.020e-06 (1 inst); FPNAdder: 1.720e-04 (1 inst); FixedFPTree_exp7_mant7_out13_vec4_range8: 3.290e-04 (1 inst); SNPS_CLOCK_GATE: 5.940e-07 (1 inst); ScaleAddition_E3M2_to_E2M3_scale_UE7M1_wide13: 9.970e-05 (1 inst); ScaleToFP14b_E3M2_x_E2M3_UE7M1_wide17: 8.420e-05 (1 inst),4.249000e-04,CustomOperator_E3M2_to_E2M3_0: 9.780e-06 (1 inst); CustomOperator_E3M2_to_E2M3_1: 9.920e-06 (1 inst); CustomOperator_E3M2_to_E2M3_2: 1.030e-05 (1 inst); CustomOperator_E3M2_to_E2M3_3: 9.570e-06 (1 inst); FPNAdder: 7.740e-05 (1 inst); FixedFPTree_exp7_mant7_out13_vec4_range8: 1.850e-04 (1 inst); SNPS_CLOCK_GATE: 5.180e-06 (1 inst); ScaleAddition_E3M2_to_E2M3_scale_UE7M1_wide13: 3.740e-05 (1 inst); ScaleToFP14b_E3M2_x_E2M3_UE7M1_wide17: 3.270e-05 (1 inst),2.5000,400.0,1059,0.372,0.0366,2048,1,5freq
baseline_act-INT8_w-E2M1_UE7M1,baseline,INT8,E2M1,UE7M1,400,true,0.0000,1840.859998,CustomOperator_INT8_to_E2M1_0: 33.7680 (1 inst); CustomOperator_INT8_to_E2M1_1: 34.1460 (1 inst); CustomOperator_INT8_to_E2M1_2: 34.7760 (1 inst); CustomOperator_INT8_to_E2M1_3: 34.9020 (1 inst); FPNAdder: 576.0720 (1 inst); FixedFPTree_exp7_mant9_out18_vec4_range2: 587.1600 (1 inst); SNPS_CLOCK_GATE: 1.8900 (1 inst); ScaleAddition_INT8_to_E2M1_scale_UE7M1_wide18: 249.8580 (1 inst); ScaleToFP19b_INT8_x_E2M1_UE7M1_wide22: 205.7580 (1 inst),6.622000e-04,CustomOperator_INT8_to_E2M1_0: 1.190e-05 (1 inst); CustomOperator_INT8_to_E2M1_1: 1.210e-05 (1 inst); CustomOperator_INT8_to_E2M1_2: 1.220e-05 (1 inst); CustomOperator_INT8_to_E2M1_3: 1.210e-05 (1 inst); FPNAdder: 1.850e-04 (1 inst); FixedFPTree_exp7_mant9_out18_vec4_range2: 2.490e-04 (1 inst); SNPS_CLOCK_GATE: 6.500e-07 (1 inst); ScaleAddition_INT8_to_E2M1_scale_UE7M1_wide18: 9.230e-05 (1 inst); ScaleToFP19b_INT8_x_E2M1_UE7M1_wide22: 7.740e-05 (1 inst),4.165000e-04,CustomOperator_INT8_to_E2M1_0: 1.150e-05 (1 inst); CustomOperator_INT8_to_E2M1_1: 1.160e-05 (1 inst); CustomOperator_INT8_to_E2M1_2: 1.210e-05 (1 inst); CustomOperator_INT8_to_E2M1_3: 1.140e-05 (1 inst); FPNAdder: 8.670e-05 (1 inst); FixedFPTree_exp7_mant9_out18_vec4_range2: 1.570e-04 (1 inst); SNPS_CLOCK_GATE: 5.810e-06 (1 inst); ScaleAddition_INT8_to_E2M1_scale_UE7M1_wide18: 3.480e-05 (1 inst); ScaleToFP19b_INT8_x_E2M1_UE7M1_wide22: 3.330e-05 (1 inst),2.5000,400.0,1059,0.372,0.0366,2048,1,5freq
baseline_act-E3M2_w-E2M3_UE4M3,baseline,E3M2,E2M3,UE4M3,400,true,0.0000,1863.035998,CustomOperator_E3M2_to_E2M3_0: 28.6020 (1 inst); CustomOperator_E3M2_to_E2M3_1: 28.4760 (1 inst); CustomOperator_E3M2_to_E2M3_2: 31.2480 (1 inst); CustomOperator_E3M2_to_E2M3_3: 32.0040 (1 inst); FPNAdder: 463.1760 (1 inst); FixedFPTree_exp6_mant7_out9_vec4_range8: 775.6560 (1 inst); SNPS_CLOCK_GATE: 1.8900 (1 inst); ScaleAddition_E3M2_to_E2M3_scale_UE4M3_wide9: 260.0640 (1 inst); ScaleToFP14b_E3M2_x_E2M3_UE4M3_wide17: 172.6200 (1 inst),8.015000e-04,CustomOperator_E3M2_to_E2M3_0: 9.790e-06 (1 inst); CustomOperator_E3M2_to_E2M3_1: 9.320e-06 (1 inst); CustomOperator_E3M2_to_E2M3_2: 9.970e-06 (1 inst); CustomOperator_E3M2_to_E2M3_3: 1.010e-05 (1 inst); FPNAdder: 1.790e-04 (1 inst); FixedFPTree_exp6_mant7_out9_vec4_range8: 3.320e-04 (1 inst); SNPS_CLOCK_GATE: 5.950e-07 (1 inst); ScaleAddition_E3M2_to_E2M3_scale_UE4M3_wide9: 1.520e-04 (1 inst); ScaleToFP14b_E3M2_x_E2M3_UE4M3_wide17: 8.750e-05 (1 inst),4.586000e-04,CustomOperator_E3M2_to_E2M3_0: 1.050e-05 (1 inst); CustomOperator_E3M2_to_E2M3_1: 9.980e-06 (1 inst); CustomOperator_E3M2_to_E2M3_2: 1.070e-05 (1 inst); CustomOperator_E3M2_to_E2M3_3: 1.080e-05 (1 inst); FPNAdder: 8.340e-05 (1 inst); FixedFPTree_exp6_mant7_out9_vec4_range8: 1.880e-04 (1 inst); SNPS_CLOCK_GATE: 5.180e-06 (1 inst); ScaleAddition_E3M2_to_E2M3_scale_UE4M3_wide9: 5.320e-05 (1 inst); ScaleToFP14b_E3M2_x_E2M3_UE4M3_wide17: 3.610e-05 (1 inst),2.5000,400.0,1059,0.372,0.0366,2048,1,5freq
baseline_act-E3M2_w-E2M3_UE6M2,baseline,E3M2,E2M3,UE6M2,400,true,0.0000,1865.556000,CustomOperator_E3M2_to_E2M3_0: 28.4760 (1 inst); CustomOperator_E3M2_to_E2M3_1: 28.3500 (1 inst); CustomOperator_E3M2_to_E2M3_2: 29.4840 (1 inst); CustomOperator_E3M2_to_E2M3_3: 30.3660 (1 inst); FPNAdder: 461.1600 (1 inst); FixedFPTree_exp7_mant7_out11_vec4_range8: 804.0060 (1 inst); SNPS_CLOCK_GATE: 1.8900 (1 inst); ScaleAddition_E3M2_to_E2M3_scale_UE6M2_wide11: 252.3780 (1 inst); ScaleToFP14b_E3M2_x_E2M3_UE6M2_wide17: 160.3980 (1 inst),8.078000e-04,CustomOperator_E3M2_to_E2M3_0: 9.090e-06 (1 inst); CustomOperator_E3M2_to_E2M3_1: 9.120e-06 (1 inst); CustomOperator_E3M2_to_E2M3_2: 9.590e-06 (1 inst); CustomOperator_E3M2_to_E2M3_3: 9.790e-06 (1 inst); FPNAdder: 1.850e-04 (1 inst); FixedFPTree_exp7_mant7_out11_vec4_range8: 3.480e-04 (1 inst); SNPS_CLOCK_GATE: 5.920e-07 (1 inst); ScaleAddition_E3M2_to_E2M3_scale_UE6M2_wide11: 1.400e-04 (1 inst); ScaleToFP14b_E3M2_x_E2M3_UE6M2_wide17: 8.520e-05 (1 inst),4.702000e-04,CustomOperator_E3M2_to_E2M3_0: 9.790e-06 (1 inst); CustomOperator_E3M2_to_E2M3_1: 9.840e-06 (1 inst); CustomOperator_E3M2_to_E2M3_2: 1.040e-05 (1 inst); CustomOperator_E3M2_to_E2M3_3: 1.030e-05 (1 inst); FPNAdder: 8.810e-05 (1 inst); FixedFPTree_exp7_mant7_out11_vec4_range8: 1.990e-04 (1 inst); SNPS_CLOCK_GATE: 5.180e-06 (1 inst); ScaleAddition_E3M2_to_E2M3_scale_UE6M2_wide11: 5.550e-05 (1 inst); ScaleToFP14b_E3M2_x_E2M3_UE6M2_wide17: 3.320e-05 (1 inst),2.5000,400.0,1059,0.372,0.0366,2048,1,5freq
baseline_act-E3M2_w-E2M3_UE5M3,baseline,E3M2,E2M3,UE5M3,400,true,0.0000,1880.927998,CustomOperator_E3M2_to_E2M3_0: 28.2240 (1 inst); CustomOperator_E3M2_to_E2M3_1: 28.2240 (1 inst); CustomOperator_E3M2_to_E2M3_2: 30.8700 (1 inst); CustomOperator_E3M2_to_E2M3_3: 30.8700 (1 inst); FPNAdder: 460.5300 (1 inst); FixedFPTree_exp6_mant7_out9_vec4_range8: 794.3040 (1 inst); SNPS_CLOCK_GATE: 1.8900 (1 inst); ScaleAddition_E3M2_to_E2M3_scale_UE5M3_wide9: 270.6480 (1 inst); ScaleToFP14b_E3M2_x_E2M3_UE5M3_wide17: 164.9340 (1 inst),8.115000e-04,CustomOperator_E3M2_to_E2M3_0: 9.660e-06 (1 inst); CustomOperator_E3M2_to_E2M3_1: 9.310e-06 (1 inst); CustomOperator_E3M2_to_E2M3_2: 9.650e-06 (1 inst); CustomOperator_E3M2_to_E2M3_3: 9.770e-06 (1 inst); FPNAdder: 1.760e-04 (1 inst); FixedFPTree_exp6_mant7_out9_vec4_range8: 3.430e-04 (1 inst); SNPS_CLOCK_GATE: 5.950e-07 (1 inst); ScaleAddition_E3M2_to_E2M3_scale_UE5M3_wide9: 1.580e-04 (1 inst); ScaleToFP14b_E3M2_x_E2M3_UE5M3_wide17: 8.380e-05 (1 inst),4.932000e-04,CustomOperator_E3M2_to_E2M3_0: 1.030e-05 (1 inst); CustomOperator_E3M2_to_E2M3_1: 9.970e-06 (1 inst); CustomOperator_E3M2_to_E2M3_2: 1.040e-05 (1 inst); CustomOperator_E3M2_to_E2M3_3: 1.040e-05 (1 inst); FPNAdder: 8.900e-05 (1 inst); FixedFPTree_exp6_mant7_out9_vec4_range8: 1.940e-04 (1 inst); SNPS_CLOCK_GATE: 5.180e-06 (1 inst); ScaleAddition_E3M2_to_E2M3_scale_UE5M3_wide9: 7.490e-05 (1 inst); ScaleToFP14b_E3M2_x_E2M3_UE5M3_wide17: 3.830e-05 (1 inst),2.5000,400.0,1059,0.372,0.0366,2048,1,5freq
baseline_act-INT8_w-INT8_UE7M1,baseline,INT8,INT8,UE7M1,400,true,0.0000,1891.259999,CustomOperator_INT8_to_INT8_0: 145.4040 (1 inst); CustomOperator_INT8_to_INT8_1: 146.9160 (1 inst); CustomOperator_INT8_to_INT8_2: 146.2860 (1 inst); CustomOperator_INT8_to_INT8_3: 144.6480 (1 inst); FPNAdder: 550.6200 (1 inst); FixedFPTree_exp8_mant14_out18_vec4_range0: 302.5260 (1 inst); SNPS_CLOCK_GATE: 1.8900 (1 inst); ScaleAddition_INT8_to_INT8_scale_UE7M1_wide18: 228.0600 (1 inst); ScaleToFP19b_INT8_x_INT8_UE7M1_wide22: 142.2540 (1 inst),8.708000e-04,CustomOperator_INT8_to_INT8_0: 7.290e-05 (1 inst); CustomOperator_INT8_to_INT8_1: 7.320e-05 (1 inst); CustomOperator_INT8_to_INT8_2: 7.360e-05 (1 inst); CustomOperator_INT8_to_INT8_3: 7.250e-05 (1 inst); FPNAdder: 1.950e-04 (1 inst); FixedFPTree_exp8_mant14_out18_vec4_range0: 1.830e-04 (1 inst); SNPS_CLOCK_GATE: 6.490e-07 (1 inst); ScaleAddition_INT8_to_INT8_scale_UE7M1_wide18: 1.180e-04 (1 inst); ScaleToFP19b_INT8_x_INT8_UE7M1_wide22: 6.950e-05 (1 inst),5.483000e-04,CustomOperator_INT8_to_INT8_0: 5.210e-05 (1 inst); CustomOperator_INT8_to_INT8_1: 5.350e-05 (1 inst); CustomOperator_INT8_to_INT8_2: 5.420e-05 (1 inst); CustomOperator_INT8_to_INT8_3: 5.210e-05 (1 inst); FPNAdder: 9.380e-05 (1 inst); FixedFPTree_exp8_mant14_out18_vec4_range0: 1.050e-04 (1 inst); SNPS_CLOCK_GATE: 5.810e-06 (1 inst); ScaleAddition_INT8_to_INT8_scale_UE7M1_wide18: 4.600e-05 (1 inst); ScaleToFP19b_INT8_x_INT8_UE7M1_wide22: 2.930e-05 (1 inst),2.5000,400.0,1059,0.372,0.0366,2048,1,5freq
baseline_act-E4M3_w-E2M3_UE8M0,baseline,E4M3,E2M3,UE8M0,400,true,0.0000,1894.158002,CustomOperator_E4M3_to_E2M3_0: 44.8560 (1 inst); CustomOperator_E4M3_to_E2M3_1: 44.4780 (1 inst); CustomOperator_E4M3_to_E2M3_2: 48.5100 (1 inst); CustomOperator_E4M3_to_E2M3_3: 47.5020 (1 inst); DirectToFP14b_E4M3_x_E2M3_UE8M0: 61.1100 (1 inst); FPNAdder: 395.5140 (1 inst); FixedFPTree_exp7_mant8_out8_vec4_range16: 1182.1320 (1 inst); SNPS_CLOCK_GATE: 1.8900 (1 inst),7.856000e-04,CustomOperator_E4M3_to_E2M3_0: 1.490e-05 (1 inst); CustomOperator_E4M3_to_E2M3_1: 1.500e-05 (1 inst); CustomOperator_E4M3_to_E2M3_2: 1.570e-05 (1 inst); CustomOperator_E4M3_to_E2M3_3: 1.570e-05 (1 inst); DirectToFP14b_E4M3_x_E2M3_UE8M0: 2.930e-05 (1 inst); FPNAdder: 1.280e-04 (1 inst); FixedFPTree_exp7_mant8_out8_vec4_range16: 5.590e-04 (1 inst); SNPS_CLOCK_GATE: 5.880e-07 (1 inst),4.180000e-04,CustomOperator_E4M3_to_E2M3_0: 1.590e-05 (1 inst); CustomOperator_E4M3_to_E2M3_1: 1.580e-05 (1 inst); CustomOperator_E4M3_to_E2M3_2: 1.660e-05 (1 inst); CustomOperator_E4M3_to_E2M3_3: 1.630e-05 (1 inst); DirectToFP14b_E4M3_x_E2M3_UE8M0: 7.530e-06 (1 inst); FPNAdder: 6.030e-05 (1 inst); FixedFPTree_exp7_mant8_out8_vec4_range16: 2.350e-04 (1 inst); SNPS_CLOCK_GATE: 5.180e-06 (1 inst),2.5000,400.0,1059,0.372,0.0366,2048,1,5freq
baseline_act-E3M2_w-E2M3_UE4M4,baseline,E3M2,E2M3,UE4M4,400,true,0.0000,1913.057998,CustomOperator_E3M2_to_E2M3_0: 28.6020 (1 inst); CustomOperator_E3M2_to_E2M3_1: 28.7280 (1 inst); CustomOperator_E3M2_to_E2M3_2: 30.7440 (1 inst); CustomOperator_E3M2_to_E2M3_3: 31.6260 (1 inst); FPNAdder: 463.3020 (1 inst); FixedFPTree_exp6_mant7_out7_vec4_range8: 799.2180 (1 inst); SNPS_CLOCK_GATE: 1.8900 (1 inst); ScaleAddition_E3M2_to_E2M3_scale_UE4M4_wide7: 312.6060 (1 inst); ScaleToFP14b_E3M2_x_E2M3_UE4M4_wide17: 147.0420 (1 inst),8.404000e-04,CustomOperator_E3M2_to_E2M3_0: 9.880e-06 (1 inst); CustomOperator_E3M2_to_E2M3_1: 9.410e-06 (1 inst); CustomOperator_E3M2_to_E2M3_2: 9.740e-06 (1 inst); CustomOperator_E3M2_to_E2M3_3: 9.840e-06 (1 inst); FPNAdder: 1.790e-04 (1 inst); FixedFPTree_exp6_mant7_out7_vec4_range8: 3.510e-04 (1 inst); SNPS_CLOCK_GATE: 5.840e-07 (1 inst); ScaleAddition_E3M2_to_E2M3_scale_UE4M4_wide7: 1.820e-04 (1 inst); ScaleToFP14b_E3M2_x_E2M3_UE4M4_wide17: 7.760e-05 (1 inst),4.885000e-04,CustomOperator_E3M2_to_E2M3_0: 1.050e-05 (1 inst); CustomOperator_E3M2_to_E2M3_1: 1.010e-05 (1 inst); CustomOperator_E3M2_to_E2M3_2: 1.060e-05 (1 inst); CustomOperator_E3M2_to_E2M3_3: 1.050e-05 (1 inst); FPNAdder: 8.820e-05 (1 inst); FixedFPTree_exp6_mant7_out7_vec4_range8: 1.980e-04 (1 inst); SNPS_CLOCK_GATE: 5.180e-06 (1 inst); ScaleAddition_E3M2_to_E2M3_scale_UE4M4_wide7: 7.320e-05 (1 inst); ScaleToFP14b_E3M2_x_E2M3_UE4M4_wide17: 3.150e-05 (1 inst),2.5000,400.0,1059,0.372,0.0366,2048,1,5freq
baseline_act-E3M2_w-E3M2_UE7M1,baseline,E3M2,E3M2,UE7M1,400,true,0.0000,1940.147999,CustomOperator_E3M2_to_E3M2_0: 31.2480 (1 inst); CustomOperator_E3M2_to_E3M2_1: 33.7680 (1 inst); CustomOperator_E3M2_to_E3M2_2: 33.6420 (1 inst); CustomOperator_E3M2_to_E3M2_3: 33.1380 (1 inst); FPNAdder: 465.1920 (1 inst); FixedFPTree_exp7_mant6_out13_vec4_range12: 904.0500 (1 inst); SNPS_CLOCK_GATE: 1.8900 (1 inst); ScaleAddition_E3M2_to_E3M2_scale_UE7M1_wide13: 193.9140 (1 inst); ScaleToFP14b_E3M2_x_E3M2_UE7M1_wide17: 173.3760 (1 inst),7.797000e-04,CustomOperator_E3M2_to_E3M2_0: 1.040e-05 (1 inst); CustomOperator_E3M2_to_E3M2_1: 1.130e-05 (1 inst); CustomOperator_E3M2_to_E3M2_2: 1.120e-05 (1 inst); CustomOperator_E3M2_to_E3M2_3: 1.110e-05 (1 inst); FPNAdder: 1.810e-04 (1 inst); FixedFPTree_exp7_mant6_out13_vec4_range12: 3.590e-04 (1 inst); SNPS_CLOCK_GATE: 5.870e-07 (1 inst); ScaleAddition_E3M2_to_E3M2_scale_UE7M1_wide13: 9.870e-05 (1 inst); ScaleToFP14b_E3M2_x_E3M2_UE7M1_wide17: 8.530e-05 (1 inst),4.468000e-04,CustomOperator_E3M2_to_E3M2_0: 9.780e-06 (1 inst); CustomOperator_E3M2_to_E3M2_1: 1.040e-05 (1 inst); CustomOperator_E3M2_to_E3M2_2: 1.060e-05 (1 inst); CustomOperator_E3M2_to_E3M2_3: 1.020e-05 (1 inst); FPNAdder: 8.250e-05 (1 inst); FixedFPTree_exp7_mant6_out13_vec4_range12: 1.970e-04 (1 inst); SNPS_CLOCK_GATE: 5.180e-06 (1 inst); ScaleAddition_E3M2_to_E3M2_scale_UE7M1_wide13: 3.920e-05 (1 inst); ScaleToFP14b_E3M2_x_E3M2_UE7M1_wide17: 3.400e-05 (1 inst),2.5000,400.0,1059,0.372,0.0366,2048,1,5freq
baseline_act-INT8_w-E2M1_UE6M2,baseline,INT8,E2M1,UE6M2,400,true,0.0000,1941.407997,CustomOperator_INT8_to_E2M1_0: 34.0200 (1 inst); CustomOperator_INT8_to_E2M1_1: 33.7680 (1 inst); CustomOperator_INT8_to_E2M1_2: 34.7760 (1 inst); CustomOperator_INT8_to_E2M1_3: 34.0200 (1 inst); FPNAdder: 562.8420 (1 inst); FixedFPTree_exp7_mant9_out16_vec4_range2: 635.5440 (1 inst); SNPS_CLOCK_GATE: 1.8900 (1 inst); ScaleAddition_INT8_to_E2M1_scale_UE6M2_wide16: 320.4180 (1 inst); ScaleToFP19b_INT8_x_E2M1_UE6M2_wide22: 200.9700 (1 inst),7.694000e-04,CustomOperator_INT8_to_E2M1_0: 1.230e-05 (1 inst); CustomOperator_INT8_to_E2M1_1: 1.230e-05 (1 inst); CustomOperator_INT8_to_E2M1_2: 1.250e-05 (1 inst); CustomOperator_INT8_to_E2M1_3: 1.220e-05 (1 inst); FPNAdder: 2.070e-04 (1 inst); FixedFPTree_exp7_mant9_out16_vec4_range2: 2.590e-04 (1 inst); SNPS_CLOCK_GATE: 6.550e-07 (1 inst); ScaleAddition_INT8_to_E2M1_scale_UE6M2_wide16: 1.490e-04 (1 inst); ScaleToFP19b_INT8_x_E2M1_UE6M2_wide22: 9.200e-05 (1 inst),4.566000e-04,CustomOperator_INT8_to_E2M1_0: 1.210e-05 (1 inst); CustomOperator_INT8_to_E2M1_1: 1.180e-05 (1 inst); CustomOperator_INT8_to_E2M1_2: 1.230e-05 (1 inst); CustomOperator_INT8_to_E2M1_3: 1.130e-05 (1 inst); FPNAdder: 9.070e-05 (1 inst); FixedFPTree_exp7_mant9_out16_vec4_range2: 1.630e-04 (1 inst); SNPS_CLOCK_GATE: 5.810e-06 (1 inst); ScaleAddition_INT8_to_E2M1_scale_UE6M2_wide16: 6.030e-05 (1 inst); ScaleToFP19b_INT8_x_E2M1_UE6M2_wide22: 3.490e-05 (1 inst),2.5000,400.0,1059,0.372,0.0366,2048,1,5freq
baseline_act-E4M3_w-E3M2_UE8M0,baseline,E4M3,E3M2,UE8M0,400,true,0.0000,1985.256000,CustomOperator_E4M3_to_E3M2_0: 40.1940 (1 inst); CustomOperator_E4M3_to_E3M2_1: 40.6980 (1 inst); CustomOperator_E4M3_to_E3M2_2: 41.4540 (1 inst); CustomOperator_E4M3_to_E3M2_3: 42.2100 (1 inst); DirectToFP14b_E4M3_x_E3M2_UE8M0: 61.8660 (1 inst); FPNAdder: 405.5940 (1 inst); FixedFPTree_exp7_mant7_out7_vec4_range20: 1282.3020 (1 inst); SNPS_CLOCK_GATE: 1.8900 (1 inst),6.986000e-04,CustomOperator_E4M3_to_E3M2_0: 1.390e-05 (1 inst); CustomOperator_E4M3_to_E3M2_1: 1.410e-05 (1 inst); CustomOperator_E4M3_to_E3M2_2: 1.410e-05 (1 inst); CustomOperator_E4M3_to_E3M2_3: 1.440e-05 (1 inst); DirectToFP14b_E4M3_x_E3M2_UE8M0: 2.950e-05 (1 inst); FPNAdder: 1.250e-04 (1 inst); FixedFPTree_exp7_mant7_out7_vec4_range20: 4.800e-04 (1 inst); SNPS_CLOCK_GATE: 5.920e-07 (1 inst),3.955000e-04,CustomOperator_E4M3_to_E3M2_0: 1.320e-05 (1 inst); CustomOperator_E4M3_to_E3M2_1: 1.280e-05 (1 inst); CustomOperator_E4M3_to_E3M2_2: 1.380e-05 (1 inst); CustomOperator_E4M3_to_E3M2_3: 1.300e-05 (1 inst); DirectToFP14b_E4M3_x_E3M2_UE8M0: 6.230e-06 (1 inst); FPNAdder: 5.500e-05 (1 inst); FixedFPTree_exp7_mant7_out7_vec4_range20: 2.310e-04 (1 inst); SNPS_CLOCK_GATE: 5.180e-06 (1 inst),2.5000,400.0,1059,0.372,0.0366,2048,1,5freq
baseline_act-INT8_w-E2M1_UE4M4,baseline,INT8,E2M1,UE4M4,400,true,0.0000,2010.077997,CustomOperator_INT8_to_E2M1_0: 33.6420 (1 inst); CustomOperator_INT8_to_E2M1_1: 33.6420 (1 inst); CustomOperator_INT8_to_E2M1_2: 34.7760 (1 inst); CustomOperator_INT8_to_E2M1_3: 34.7760 (1 inst); FPNAdder: 584.3880 (1 inst); FixedFPTree_exp7_mant9_out12_vec4_range2: 575.4420 (1 inst); SNPS_CLOCK_GATE: 1.8900 (1 inst); ScaleAddition_INT8_to_E2M1_scale_UE4M4_wide12: 424.9980 (1 inst); ScaleToFP19b_INT8_x_E2M1_UE4M4_wide22: 203.3640 (1 inst),8.961000e-04,CustomOperator_INT8_to_E2M1_0: 1.120e-05 (1 inst); CustomOperator_INT8_to_E2M1_1: 1.140e-05 (1 inst); CustomOperator_INT8_to_E2M1_2: 1.170e-05 (1 inst); CustomOperator_INT8_to_E2M1_3: 1.160e-05 (1 inst); FPNAdder: 2.270e-04 (1 inst); FixedFPTree_exp7_mant9_out12_vec4_range2: 2.700e-04 (1 inst); SNPS_CLOCK_GATE: 6.550e-07 (1 inst); ScaleAddition_INT8_to_E2M1_scale_UE4M4_wide12: 2.390e-04 (1 inst); ScaleToFP19b_INT8_x_E2M1_UE4M4_wide22: 1.010e-04 (1 inst),5.260000e-04,CustomOperator_INT8_to_E2M1_0: 1.120e-05 (1 inst); CustomOperator_INT8_to_E2M1_1: 1.100e-05 (1 inst); CustomOperator_INT8_to_E2M1_2: 1.160e-05 (1 inst); CustomOperator_INT8_to_E2M1_3: 1.100e-05 (1 inst); FPNAdder: 1.120e-04 (1 inst); FixedFPTree_exp7_mant9_out12_vec4_range2: 1.690e-04 (1 inst); SNPS_CLOCK_GATE: 5.810e-06 (1 inst); ScaleAddition_INT8_to_E2M1_scale_UE4M4_wide12: 9.740e-05 (1 inst); ScaleToFP19b_INT8_x_E2M1_UE4M4_wide22: 3.870e-05 (1 inst),2.5000,400.0,1059,0.372,0.0366,2048,1,5freq
baseline_act-INT8_w-E2M1_UE4M3,baseline,INT8,E2M1,UE4M3,400,true,0.0000,2024.189998,CustomOperator_INT8_to_E2M1_0: 33.7680 (1 inst); CustomOperator_INT8_to_E2M1_1: 33.8940 (1 inst); CustomOperator_INT8_to_E2M1_2: 36.1620 (1 inst); CustomOperator_INT8_to_E2M1_3: 34.6500 (1 inst); FPNAdder: 585.2700 (1 inst); FixedFPTree_exp7_mant9_out14_vec4_range2: 620.8020 (1 inst); SNPS_CLOCK_GATE: 1.8900 (1 inst); ScaleAddition_INT8_to_E2M1_scale_UE4M3_wide14: 397.1520 (1 inst); ScaleToFP19b_INT8_x_E2M1_UE4M3_wide22: 198.7020 (1 inst),8.603000e-04,CustomOperator_INT8_to_E2M1_0: 1.140e-05 (1 inst); CustomOperator_INT8_to_E2M1_1: 1.140e-05 (1 inst); CustomOperator_INT8_to_E2M1_2: 1.220e-05 (1 inst); CustomOperator_INT8_to_E2M1_3: 1.180e-05 (1 inst); FPNAdder: 2.200e-04 (1 inst); FixedFPTree_exp7_mant9_out14_vec4_range2: 2.740e-04 (1 inst); SNPS_CLOCK_GATE: 6.550e-07 (1 inst); ScaleAddition_INT8_to_E2M1_scale_UE4M3_wide14: 2.120e-04 (1 inst); ScaleToFP19b_INT8_x_E2M1_UE4M3_wide22: 9.470e-05 (1 inst),4.812000e-04,CustomOperator_INT8_to_E2M1_0: 1.130e-05 (1 inst); CustomOperator_INT8_to_E2M1_1: 1.100e-05 (1 inst); CustomOperator_INT8_to_E2M1_2: 1.230e-05 (1 inst); CustomOperator_INT8_to_E2M1_3: 1.110e-05 (1 inst); FPNAdder: 9.600e-05 (1 inst); FixedFPTree_exp7_mant9_out14_vec4_range2: 1.720e-04 (1 inst); SNPS_CLOCK_GATE: 5.810e-06 (1 inst); ScaleAddition_INT8_to_E2M1_scale_UE4M3_wide14: 7.200e-05 (1 inst); ScaleToFP19b_INT8_x_E2M1_UE4M3_wide22: 3.340e-05 (1 inst),2.5000,400.0,1059,0.372,0.0366,2048,1,5freq
baseline_act-E3M2_w-E3M2_UE6M2,baseline,E3M2,E3M2,UE6M2,400,true,0.0000,2030.237998,CustomOperator_E3M2_to_E3M2_0: 31.5000 (1 inst); CustomOperator_E3M2_to_E3M2_1: 34.0200 (1 inst); CustomOperator_E3M2_to_E3M2_2: 41.5800 (1 inst); CustomOperator_E3M2_to_E3M2_3: 37.2960 (1 inst); FPNAdder: 463.1760 (1 inst); FixedFPTree_exp7_mant6_out11_vec4_range12: 913.3740 (1 inst); SNPS_CLOCK_GATE: 1.8900 (1 inst); ScaleAddition_E3M2_to_E3M2_scale_UE6M2_wide11: 260.0640 (1 inst); ScaleToFP14b_E3M2_x_E3M2_UE6M2_wide17: 176.1480 (1 inst),8.586000e-04,CustomOperator_E3M2_to_E3M2_0: 1.050e-05 (1 inst); CustomOperator_E3M2_to_E3M2_1: 1.140e-05 (1 inst); CustomOperator_E3M2_to_E3M2_2: 1.340e-05 (1 inst); CustomOperator_E3M2_to_E3M2_3: 1.250e-05 (1 inst); FPNAdder: 1.840e-04 (1 inst); FixedFPTree_exp7_mant6_out11_vec4_range12: 3.760e-04 (1 inst); SNPS_CLOCK_GATE: 5.910e-07 (1 inst); ScaleAddition_E3M2_to_E3M2_scale_UE6M2_wide11: 1.450e-04 (1 inst); ScaleToFP14b_E3M2_x_E3M2_UE6M2_wide17: 9.340e-05 (1 inst),4.623000e-04,CustomOperator_E3M2_to_E3M2_0: 1.000e-05 (1 inst); CustomOperator_E3M2_to_E3M2_1: 1.050e-05 (1 inst); CustomOperator_E3M2_to_E3M2_2: 1.260e-05 (1 inst); CustomOperator_E3M2_to_E3M2_3: 1.110e-05 (1 inst); FPNAdder: 8.150e-05 (1 inst); FixedFPTree_exp7_mant6_out11_vec4_range12: 2.020e-04 (1 inst); SNPS_CLOCK_GATE: 5.180e-06 (1 inst); ScaleAddition_E3M2_to_E3M2_scale_UE6M2_wide11: 4.800e-05 (1 inst); ScaleToFP14b_E3M2_x_E3M2_UE6M2_wide17: 3.320e-05 (1 inst),2.5000,400.0,1059,0.372,0.0366,2048,1,5freq
baseline_act-INT8_w-E3M2_UE7M1,baseline,INT8,E3M2,UE7M1,400,true,0.0000,2034.017996,CustomOperator_INT8_to_E3M2_0: 53.0460 (1 inst); CustomOperator_INT8_to_E3M2_1: 53.1720 (1 inst); CustomOperator_INT8_to_E3M2_2: 60.2280 (1 inst); CustomOperator_INT8_to_E3M2_3: 51.1560 (1 inst); FPNAdder: 570.6540 (1 inst); FixedFPTree_exp7_mant10_out18_vec4_range6: 705.9780 (1 inst); SNPS_CLOCK_GATE: 1.8900 (1 inst); ScaleAddition_INT8_to_E3M2_scale_UE7M1_wide18: 240.5340 (1 inst); ScaleToFP19b_INT8_x_E3M2_UE7M1_wide22: 215.3340 (1 inst),8.553000e-04,CustomOperator_INT8_to_E3M2_0: 1.970e-05 (1 inst); CustomOperator_INT8_to_E3M2_1: 2.010e-05 (1 inst); CustomOperator_INT8_to_E3M2_2: 2.130e-05 (1 inst); CustomOperator_INT8_to_E3M2_3: 1.880e-05 (1 inst); FPNAdder: 2.060e-04 (1 inst); FixedFPTree_exp7_mant10_out18_vec4_range6: 3.480e-04 (1 inst); SNPS_CLOCK_GATE: 6.440e-07 (1 inst); ScaleAddition_INT8_to_E3M2_scale_UE7M1_wide18: 1.130e-04 (1 inst); ScaleToFP19b_INT8_x_E3M2_UE7M1_wide22: 9.650e-05 (1 inst),5.129000e-04,CustomOperator_INT8_to_E3M2_0: 1.750e-05 (1 inst); CustomOperator_INT8_to_E3M2_1: 1.720e-05 (1 inst); CustomOperator_INT8_to_E3M2_2: 2.120e-05 (1 inst); CustomOperator_INT8_to_E3M2_3: 1.620e-05 (1 inst); FPNAdder: 9.390e-05 (1 inst); FixedFPTree_exp7_mant10_out18_vec4_range6: 2.030e-04 (1 inst); SNPS_CLOCK_GATE: 5.810e-06 (1 inst); ScaleAddition_INT8_to_E3M2_scale_UE7M1_wide18: 4.400e-05 (1 inst); ScaleToFP19b_INT8_x_E3M2_UE7M1_wide22: 3.900e-05 (1 inst),2.5000,400.0,1059,0.372,0.0366,2048,1,5freq
baseline_act-INT8_w-E2M1_UE5M3,baseline,INT8,E2M1,UE5M3,400,true,0.0000,2042.711998,CustomOperator_INT8_to_E2M1_0: 33.7680 (1 inst); CustomOperator_INT8_to_E2M1_1: 33.8940 (1 inst); CustomOperator_INT8_to_E2M1_2: 36.4140 (1 inst); CustomOperator_INT8_to_E2M1_3: 34.6500 (1 inst); FPNAdder: 587.2860 (1 inst); FixedFPTree_exp7_mant9_out14_vec4_range2: 623.8260 (1 inst); SNPS_CLOCK_GATE: 1.8900 (1 inst); ScaleAddition_INT8_to_E2M1_scale_UE5M3_wide14: 407.3580 (1 inst); ScaleToFP19b_INT8_x_E2M1_UE5M3_wide22: 201.7260 (1 inst),8.682000e-04,CustomOperator_INT8_to_E2M1_0: 1.140e-05 (1 inst); CustomOperator_INT8_to_E2M1_1: 1.140e-05 (1 inst); CustomOperator_INT8_to_E2M1_2: 1.220e-05 (1 inst); CustomOperator_INT8_to_E2M1_3: 1.170e-05 (1 inst); FPNAdder: 2.230e-04 (1 inst); FixedFPTree_exp7_mant9_out14_vec4_range2: 2.730e-04 (1 inst); SNPS_CLOCK_GATE: 6.530e-07 (1 inst); ScaleAddition_INT8_to_E2M1_scale_UE5M3_wide14: 2.150e-04 (1 inst); ScaleToFP19b_INT8_x_E2M1_UE5M3_wide22: 9.790e-05 (1 inst),5.131000e-04,CustomOperator_INT8_to_E2M1_0: 1.120e-05 (1 inst); CustomOperator_INT8_to_E2M1_1: 1.100e-05 (1 inst); CustomOperator_INT8_to_E2M1_2: 1.230e-05 (1 inst); CustomOperator_INT8_to_E2M1_3: 1.110e-05 (1 inst); FPNAdder: 1.050e-04 (1 inst); FixedFPTree_exp7_mant9_out14_vec4_range2: 1.710e-04 (1 inst); SNPS_CLOCK_GATE: 5.810e-06 (1 inst); ScaleAddition_INT8_to_E2M1_scale_UE5M3_wide14: 8.810e-05 (1 inst); ScaleToFP19b_INT8_x_E2M1_UE5M3_wide22: 3.990e-05 (1 inst),2.5000,400.0,1059,0.372,0.0366,2048,1,5freq
baseline_act-E3M2_w-E3M2_UE4M4,baseline,E3M2,E3M2,UE4M4,400,true,0.0000,2056.445998,CustomOperator_E3M2_to_E3M2_0: 33.5160 (1 inst); CustomOperator_E3M2_to_E3M2_1: 35.4060 (1 inst); CustomOperator_E3M2_to_E3M2_2: 41.3280 (1 inst); CustomOperator_E3M2_to_E3M2_3: 41.7060 (1 inst); FPNAdder: 459.7740 (1 inst); FixedFPTree_exp6_mant6_out7_vec4_range12: 916.9020 (1 inst); SNPS_CLOCK_GATE: 1.8900 (1 inst); ScaleAddition_E3M2_to_E3M2_scale_UE4M4_wide7: 315.3780 (1 inst); ScaleToFP14b_E3M2_x_E3M2_UE4M4_wide17: 141.2460 (1 inst),8.990000e-04,CustomOperator_E3M2_to_E3M2_0: 1.210e-05 (1 inst); CustomOperator_E3M2_to_E3M2_1: 1.240e-05 (1 inst); CustomOperator_E3M2_to_E3M2_2: 1.400e-05 (1 inst); CustomOperator_E3M2_to_E3M2_3: 1.430e-05 (1 inst); FPNAdder: 1.790e-04 (1 inst); FixedFPTree_exp6_mant6_out7_vec4_range12: 3.970e-04 (1 inst); SNPS_CLOCK_GATE: 5.870e-07 (1 inst); ScaleAddition_E3M2_to_E3M2_scale_UE4M4_wide7: 1.830e-04 (1 inst); ScaleToFP14b_E3M2_x_E3M2_UE4M4_wide17: 7.510e-05 (1 inst),4.885000e-04,CustomOperator_E3M2_to_E3M2_0: 1.110e-05 (1 inst); CustomOperator_E3M2_to_E3M2_1: 1.130e-05 (1 inst); CustomOperator_E3M2_to_E3M2_2: 1.330e-05 (1 inst); CustomOperator_E3M2_to_E3M2_3: 1.310e-05 (1 inst); FPNAdder: 8.600e-05 (1 inst); FixedFPTree_exp6_mant6_out7_vec4_range12: 2.050e-04 (1 inst); SNPS_CLOCK_GATE: 5.180e-06 (1 inst); ScaleAddition_E3M2_to_E3M2_scale_UE4M4_wide7: 6.610e-05 (1 inst); ScaleToFP14b_E3M2_x_E3M2_UE4M4_wide17: 2.820e-05 (1 inst),2.5000,400.0,1059,0.372,0.0366,2048,1,5freq
baseline_act-E3M2_w-E3M2_UE4M3,baseline,E3M2,E3M2,UE4M3,400,true,0.0000,2072.195999,CustomOperator_E3M2_to_E3M2_0: 31.5000 (1 inst); CustomOperator_E3M2_to_E3M2_1: 34.3980 (1 inst); CustomOperator_E3M2_to_E3M2_2: 36.2880 (1 inst); CustomOperator_E3M2_to_E3M2_3: 36.9180 (1 inst); FPNAdder: 476.4060 (1 inst); FixedFPTree_exp7_mant6_out9_vec4_range12: 937.1880 (1 inst); SNPS_CLOCK_GATE: 1.8900 (1 inst); ScaleAddition_E3M2_to_E3M2_scale_UE4M3_wide9: 272.6640 (1 inst); ScaleToFP14b_E3M2_x_E3M2_UE4M3_wide17: 173.8800 (1 inst),8.821000e-04,CustomOperator_E3M2_to_E3M2_0: 1.090e-05 (1 inst); CustomOperator_E3M2_to_E3M2_1: 1.220e-05 (1 inst); CustomOperator_E3M2_to_E3M2_2: 1.270e-05 (1 inst); CustomOperator_E3M2_to_E3M2_3: 1.240e-05 (1 inst); FPNAdder: 1.910e-04 (1 inst); FixedFPTree_exp7_mant6_out9_vec4_range12: 3.860e-04 (1 inst); SNPS_CLOCK_GATE: 5.920e-07 (1 inst); ScaleAddition_E3M2_to_E3M2_scale_UE4M3_wide9: 1.600e-04 (1 inst); ScaleToFP14b_E3M2_x_E3M2_UE4M3_wide17: 8.560e-05 (1 inst),4.747000e-04,CustomOperator_E3M2_to_E3M2_0: 1.020e-05 (1 inst); CustomOperator_E3M2_to_E3M2_1: 1.110e-05 (1 inst); CustomOperator_E3M2_to_E3M2_2: 1.200e-05 (1 inst); CustomOperator_E3M2_to_E3M2_3: 1.160e-05 (1 inst); FPNAdder: 8.750e-05 (1 inst); FixedFPTree_exp7_mant6_out9_vec4_range12: 2.070e-04 (1 inst); SNPS_CLOCK_GATE: 5.180e-06 (1 inst); ScaleAddition_E3M2_to_E3M2_scale_UE4M3_wide9: 4.890e-05 (1 inst); ScaleToFP14b_E3M2_x_E3M2_UE4M3_wide17: 3.160e-05 (1 inst),2.5000,400.0,1059,0.372,0.0366,2048,1,5freq
baseline_act-E3M2_w-E3M2_UE5M3,baseline,E3M2,E3M2,UE5M3,400,true,0.0000,2102.183999,CustomOperator_E3M2_to_E3M2_0: 31.5000 (1 inst); CustomOperator_E3M2_to_E3M2_1: 34.3980 (1 inst); CustomOperator_E3M2_to_E3M2_2: 36.5400 (1 inst); CustomOperator_E3M2_to_E3M2_3: 36.9180 (1 inst); FPNAdder: 483.9660 (1 inst); FixedFPTree_exp7_mant6_out9_vec4_range12: 949.4100 (1 inst); SNPS_CLOCK_GATE: 1.8900 (1 inst); ScaleAddition_E3M2_to_E3M2_scale_UE5M3_wide9: 283.7520 (1 inst); ScaleToFP14b_E3M2_x_E3M2_UE5M3_wide17: 172.7460 (1 inst),9.083000e-04,CustomOperator_E3M2_to_E3M2_0: 1.070e-05 (1 inst); CustomOperator_E3M2_to_E3M2_1: 1.210e-05 (1 inst); CustomOperator_E3M2_to_E3M2_2: 1.250e-05 (1 inst); CustomOperator_E3M2_to_E3M2_3: 1.240e-05 (1 inst); FPNAdder: 2.040e-04 (1 inst); FixedFPTree_exp7_mant6_out9_vec4_range12: 3.890e-04 (1 inst); SNPS_CLOCK_GATE: 5.900e-07 (1 inst); ScaleAddition_E3M2_to_E3M2_scale_UE5M3_wide9: 1.660e-04 (1 inst); ScaleToFP14b_E3M2_x_E3M2_UE5M3_wide17: 8.800e-05 (1 inst),4.985000e-04,CustomOperator_E3M2_to_E3M2_0: 1.010e-05 (1 inst); CustomOperator_E3M2_to_E3M2_1: 1.100e-05 (1 inst); CustomOperator_E3M2_to_E3M2_2: 1.210e-05 (1 inst); CustomOperator_E3M2_to_E3M2_3: 1.160e-05 (1 inst); FPNAdder: 9.410e-05 (1 inst); FixedFPTree_exp7_mant6_out9_vec4_range12: 2.080e-04 (1 inst); SNPS_CLOCK_GATE: 5.180e-06 (1 inst); ScaleAddition_E3M2_to_E3M2_scale_UE5M3_wide9: 6.160e-05 (1 inst); ScaleToFP14b_E3M2_x_E3M2_UE5M3_wide17: 3.580e-05 (1 inst),2.5000,400.0,1059,0.372,0.0366,2048,1,5freq
baseline_act-INT8_w-E2M3_UE6M2,baseline,INT8,E2M3,UE6M2,400,true,0.0000,2179.925999,CustomOperator_INT8_to_E2M3_0: 89.0820 (1 inst); CustomOperator_INT8_to_E2M3_1: 89.0820 (1 inst); CustomOperator_INT8_to_E2M3_2: 90.0900 (1 inst); CustomOperator_INT8_to_E2M3_3: 73.2060 (1 inst); FPNAdder: 560.7000 (1 inst); FixedFPTree_exp7_mant11_out16_vec4_range2: 661.6260 (1 inst); SNPS_CLOCK_GATE: 1.8900 (1 inst); ScaleAddition_INT8_to_E2M3_scale_UE6M2_wide16: 321.1740 (1 inst); ScaleToFP19b_INT8_x_E2M3_UE6M2_wide22: 210.0420 (1 inst),9.733000e-04,CustomOperator_INT8_to_E2M3_0: 3.730e-05 (1 inst); CustomOperator_INT8_to_E2M3_1: 3.710e-05 (1 inst); CustomOperator_INT8_to_E2M3_2: 3.700e-05 (1 inst); CustomOperator_INT8_to_E2M3_3: 2.730e-05 (1 inst); FPNAdder: 2.210e-04 (1 inst); FixedFPTree_exp7_mant11_out16_vec4_range2: 3.250e-04 (1 inst); SNPS_CLOCK_GATE: 6.540e-07 (1 inst); ScaleAddition_INT8_to_E2M3_scale_UE6M2_wide16: 1.690e-04 (1 inst); ScaleToFP19b_INT8_x_E2M3_UE6M2_wide22: 1.060e-04 (1 inst),5.886000e-04,CustomOperator_INT8_to_E2M3_0: 3.380e-05 (1 inst); CustomOperator_INT8_to_E2M3_1: 3.340e-05 (1 inst); CustomOperator_INT8_to_E2M3_2: 3.390e-05 (1 inst); CustomOperator_INT8_to_E2M3_3: 2.270e-05 (1 inst); FPNAdder: 1.000e-04 (1 inst); FixedFPTree_exp7_mant11_out16_vec4_range2: 1.920e-04 (1 inst); SNPS_CLOCK_GATE: 5.810e-06 (1 inst); ScaleAddition_INT8_to_E2M3_scale_UE6M2_wide16: 6.870e-05 (1 inst); ScaleToFP19b_INT8_x_E2M3_UE6M2_wide22: 4.110e-05 (1 inst),2.5000,400.0,1059,0.372,0.0366,2048,1,5freq
baseline_act-INT8_w-E3M2_UE6M2,baseline,INT8,E3M2,UE6M2,400,true,0.0000,2185.343998,CustomOperator_INT8_to_E3M2_0: 58.0860 (1 inst); CustomOperator_INT8_to_E3M2_1: 58.5900 (1 inst); CustomOperator_INT8_to_E3M2_2: 60.4800 (1 inst); CustomOperator_INT8_to_E3M2_3: 54.8100 (1 inst); FPNAdder: 596.9880 (1 inst); FixedFPTree_exp7_mant10_out16_vec4_range6: 737.7300 (1 inst); SNPS_CLOCK_GATE: 1.8900 (1 inst); ScaleAddition_INT8_to_E3M2_scale_UE6M2_wide16: 325.3320 (1 inst); ScaleToFP19b_INT8_x_E3M2_UE6M2_wide22: 208.6560 (1 inst),1.005000e-03,CustomOperator_INT8_to_E3M2_0: 2.120e-05 (1 inst); CustomOperator_INT8_to_E3M2_1: 2.150e-05 (1 inst); CustomOperator_INT8_to_E3M2_2: 2.230e-05 (1 inst); CustomOperator_INT8_to_E3M2_3: 1.990e-05 (1 inst); FPNAdder: 2.370e-04 (1 inst); FixedFPTree_exp7_mant10_out16_vec4_range6: 3.820e-04 (1 inst); SNPS_CLOCK_GATE: 6.510e-07 (1 inst); ScaleAddition_INT8_to_E3M2_scale_UE6M2_wide16: 1.780e-04 (1 inst); ScaleToFP19b_INT8_x_E3M2_UE6M2_wide22: 1.080e-04 (1 inst),5.754000e-04,CustomOperator_INT8_to_E3M2_0: 2.070e-05 (1 inst); CustomOperator_INT8_to_E3M2_1: 2.060e-05 (1 inst); CustomOperator_INT8_to_E3M2_2: 2.200e-05 (1 inst); CustomOperator_INT8_to_E3M2_3: 1.760e-05 (1 inst); FPNAdder: 1.080e-04 (1 inst); FixedFPTree_exp7_mant10_out16_vec4_range6: 2.190e-04 (1 inst); SNPS_CLOCK_GATE: 5.810e-06 (1 inst); ScaleAddition_INT8_to_E3M2_scale_UE6M2_wide16: 6.390e-05 (1 inst); ScaleToFP19b_INT8_x_E3M2_UE6M2_wide22: 4.160e-05 (1 inst),2.5000,400.0,1059,0.372,0.0366,2048,1,5freq
baseline_act-INT8_w-INT8_UE6M2,baseline,INT8,INT8,UE6M2,400,true,0.0000,2192.022001,CustomOperator_INT8_to_INT8_0: 150.3180 (1 inst); CustomOperator_INT8_to_INT8_1: 154.2240 (1 inst); CustomOperator_INT8_to_INT8_2: 157.1220 (1 inst); CustomOperator_INT8_to_INT8_3: 154.6020 (1 inst); FPNAdder: 557.1720 (1 inst); FixedFPTree_exp8_mant14_out16_vec4_range0: 390.9780 (1 inst); SNPS_CLOCK_GATE: 1.8900 (1 inst); ScaleAddition_INT8_to_INT8_scale_UE6M2_wide16: 326.7180 (1 inst); ScaleToFP19b_INT8_x_INT8_UE6M2_wide22: 214.7040 (1 inst),1.077000e-03,CustomOperator_INT8_to_INT8_0: 7.490e-05 (1 inst); CustomOperator_INT8_to_INT8_1: 7.550e-05 (1 inst); CustomOperator_INT8_to_INT8_2: 7.810e-05 (1 inst); CustomOperator_INT8_to_INT8_3: 7.560e-05 (1 inst); FPNAdder: 2.110e-04 (1 inst); FixedFPTree_exp8_mant14_out16_vec4_range0: 2.540e-04 (1 inst); SNPS_CLOCK_GATE: 6.560e-07 (1 inst); ScaleAddition_INT8_to_INT8_scale_UE6M2_wide16: 1.800e-04 (1 inst); ScaleToFP19b_INT8_x_INT8_UE6M2_wide22: 1.120e-04 (1 inst),6.544000e-04,CustomOperator_INT8_to_INT8_0: 5.430e-05 (1 inst); CustomOperator_INT8_to_INT8_1: 5.660e-05 (1 inst); CustomOperator_INT8_to_INT8_2: 5.890e-05 (1 inst); CustomOperator_INT8_to_INT8_3: 5.600e-05 (1 inst); FPNAdder: 9.790e-05 (1 inst); FixedFPTree_exp8_mant14_out16_vec4_range0: 1.440e-04 (1 inst); SNPS_CLOCK_GATE: 5.810e-06 (1 inst); ScaleAddition_INT8_to_INT8_scale_UE6M2_wide16: 7.830e-05 (1 inst); ScaleToFP19b_INT8_x_INT8_UE6M2_wide22: 4.450e-05 (1 inst),2.5000,400.0,1059,0.372,0.0366,2048,1,5freq
baseline_act-E4M3_w-E2M1_UE7M1,baseline,E4M3,E2M1,UE7M1,400,true,0.0000,2199.078002,CustomOperator_E4M3_to_E2M1_0: 23.0580 (1 inst); CustomOperator_E4M3_to_E2M1_1: 22.9320 (1 inst); CustomOperator_E4M3_to_E2M1_2: 33.2640 (1 inst); CustomOperator_E4M3_to_E2M1_3: 30.6180 (1 inst); FPNAdder: 453.6000 (1 inst); FixedFPTree_exp7_mant6_out13_vec4_range16: 1188.0540 (1 inst); SNPS_CLOCK_GATE: 1.8900 (1 inst); ScaleAddition_E4M3_to_E2M1_scale_UE7M1_wide13: 193.7880 (1 inst); ScaleToFP14b_E4M3_x_E2M1_UE7M1_wide17: 182.3220 (1 inst),8.672000e-04,CustomOperator_E4M3_to_E2M1_0: 7.790e-06 (1 inst); CustomOperator_E4M3_to_E2M1_1: 7.790e-06 (1 inst); CustomOperator_E4M3_to_E2M1_2: 1.070e-05 (1 inst); CustomOperator_E4M3_to_E2M1_3: 9.720e-06 (1 inst); FPNAdder: 1.760e-04 (1 inst); FixedFPTree_exp7_mant6_out13_vec4_range16: 4.530e-04 (1 inst); SNPS_CLOCK_GATE: 5.860e-07 (1 inst); ScaleAddition_E4M3_to_E2M1_scale_UE7M1_wide13: 1.020e-04 (1 inst); ScaleToFP14b_E4M3_x_E2M1_UE7M1_wide17: 8.760e-05 (1 inst),4.667000e-04,CustomOperator_E4M3_to_E2M1_0: 8.730e-06 (1 inst); CustomOperator_E4M3_to_E2M1_1: 8.560e-06 (1 inst); CustomOperator_E4M3_to_E2M1_2: 1.190e-05 (1 inst); CustomOperator_E4M3_to_E2M1_3: 1.040e-05 (1 inst); FPNAdder: 7.820e-05 (1 inst); FixedFPTree_exp7_mant6_out13_vec4_range16: 2.260e-04 (1 inst); SNPS_CLOCK_GATE: 5.180e-06 (1 inst); ScaleAddition_E4M3_to_E2M1_scale_UE7M1_wide13: 3.720e-05 (1 inst); ScaleToFP14b_E4M3_x_E2M1_UE7M1_wide17: 3.380e-05 (1 inst),2.5000,400.0,1059,0.372,0.0366,2048,1,5freq
baseline_act-INT8_w-E2M3_UE7M1,baseline,INT8,E2M3,UE7M1,400,true,0.0000,2200.085999,CustomOperator_INT8_to_E2M3_0: 88.8300 (1 inst); CustomOperator_INT8_to_E2M3_1: 88.9560 (1 inst); CustomOperator_INT8_to_E2M3_2: 89.9640 (1 inst); CustomOperator_INT8_to_E2M3_3: 90.0900 (1 inst); FPNAdder: 561.9600 (1 inst); FixedFPTree_exp7_mant11_out18_vec4_range2: 745.6680 (1 inst); SNPS_CLOCK_GATE: 1.8900 (1 inst); ScaleAddition_INT8_to_E2M3_scale_UE7M1_wide18: 240.1560 (1 inst); ScaleToFP19b_INT8_x_E2M3_UE7M1_wide22: 208.6560 (1 inst),8.960000e-04,CustomOperator_INT8_to_E2M3_0: 3.780e-05 (1 inst); CustomOperator_INT8_to_E2M3_1: 3.790e-05 (1 inst); CustomOperator_INT8_to_E2M3_2: 3.820e-05 (1 inst); CustomOperator_INT8_to_E2M3_3: 3.800e-05 (1 inst); FPNAdder: 2.010e-04 (1 inst); FixedFPTree_exp7_mant11_out18_vec4_range2: 3.340e-04 (1 inst); SNPS_CLOCK_GATE: 6.580e-07 (1 inst); ScaleAddition_INT8_to_E2M3_scale_UE7M1_wide18: 1.070e-04 (1 inst); ScaleToFP19b_INT8_x_E2M3_UE7M1_wide22: 8.790e-05 (1 inst),5.679000e-04,CustomOperator_INT8_to_E2M3_0: 3.370e-05 (1 inst); CustomOperator_INT8_to_E2M3_1: 3.390e-05 (1 inst); CustomOperator_INT8_to_E2M3_2: 3.460e-05 (1 inst); CustomOperator_INT8_to_E2M3_3: 3.410e-05 (1 inst); FPNAdder: 9.340e-05 (1 inst); FixedFPTree_exp7_mant11_out18_vec4_range2: 2.010e-04 (1 inst); SNPS_CLOCK_GATE: 5.810e-06 (1 inst); ScaleAddition_INT8_to_E2M3_scale_UE7M1_wide18: 3.990e-05 (1 inst); ScaleToFP19b_INT8_x_E2M3_UE7M1_wide22: 3.660e-05 (1 inst),2.5000,400.0,1059,0.372,0.0366,2048,1,5freq
baseline_act-INT8_w-INT8_UE4M3,baseline,INT8,INT8,UE4M3,400,true,0.0000,2226.419998,CustomOperator_INT8_to_INT8_0: 147.4200 (1 inst); CustomOperator_INT8_to_INT8_1: 148.9320 (1 inst); CustomOperator_INT8_to_INT8_2: 146.6640 (1 inst); CustomOperator_INT8_to_INT8_3: 148.3020 (1 inst); FPNAdder: 550.1160 (1 inst); FixedFPTree_exp7_mant14_out14_vec4_range0: 414.2880 (1 inst); SNPS_CLOCK_GATE: 1.8900 (1 inst); ScaleAddition_INT8_to_INT8_scale_UE4M3_wide14: 396.9000 (1 inst); ScaleToFP19b_INT8_x_INT8_UE4M3_wide22: 188.1180 (1 inst),1.124000e-03,CustomOperator_INT8_to_INT8_0: 7.320e-05 (1 inst); CustomOperator_INT8_to_INT8_1: 7.310e-05 (1 inst); CustomOperator_INT8_to_INT8_2: 7.300e-05 (1 inst); CustomOperator_INT8_to_INT8_3: 7.430e-05 (1 inst); FPNAdder: 2.110e-04 (1 inst); FixedFPTree_exp7_mant14_out14_vec4_range0: 2.640e-04 (1 inst); SNPS_CLOCK_GATE: 6.560e-07 (1 inst); ScaleAddition_INT8_to_INT8_scale_UE4M3_wide14: 2.420e-04 (1 inst); ScaleToFP19b_INT8_x_INT8_UE4M3_wide22: 9.870e-05 (1 inst),6.586000e-04,CustomOperator_INT8_to_INT8_0: 5.330e-05 (1 inst); CustomOperator_INT8_to_INT8_1: 5.460e-05 (1 inst); CustomOperator_INT8_to_INT8_2: 5.460e-05 (1 inst); CustomOperator_INT8_to_INT8_3: 5.380e-05 (1 inst); FPNAdder: 9.830e-05 (1 inst); FixedFPTree_exp7_mant14_out14_vec4_range0: 1.470e-04 (1 inst); SNPS_CLOCK_GATE: 5.810e-06 (1 inst); ScaleAddition_INT8_to_INT8_scale_UE4M3_wide14: 9.150e-05 (1 inst); ScaleToFP19b_INT8_x_INT8_UE4M3_wide22: 3.810e-05 (1 inst),2.5000,400.0,1059,0.372,0.0366,2048,1,5freq
baseline_act-INT8_w-E2M3_UE4M3,baseline,INT8,E2M3,UE4M3,400,true,0.0000,2237.003996,CustomOperator_INT8_to_E2M3_0: 74.3400 (1 inst); CustomOperator_INT8_to_E2M3_1: 74.4660 (1 inst); CustomOperator_INT8_to_E2M3_2: 75.0960 (1 inst); CustomOperator_INT8_to_E2M3_3: 75.3480 (1 inst); FPNAdder: 584.8920 (1 inst); FixedFPTree_exp7_mant11_out14_vec4_range2: 657.9720 (1 inst); SNPS_CLOCK_GATE: 1.8900 (1 inst); ScaleAddition_INT8_to_E2M3_scale_UE4M3_wide14: 400.1760 (1 inst); ScaleToFP19b_INT8_x_E2M3_UE4M3_wide22: 209.7900 (1 inst),1.015000e-03,CustomOperator_INT8_to_E2M3_0: 2.820e-05 (1 inst); CustomOperator_INT8_to_E2M3_1: 2.840e-05 (1 inst); CustomOperator_INT8_to_E2M3_2: 2.820e-05 (1 inst); CustomOperator_INT8_to_E2M3_3: 2.820e-05 (1 inst); FPNAdder: 2.270e-04 (1 inst); FixedFPTree_exp7_mant11_out14_vec4_range2: 3.260e-04 (1 inst); SNPS_CLOCK_GATE: 6.510e-07 (1 inst); ScaleAddition_INT8_to_E2M3_scale_UE4M3_wide14: 2.320e-04 (1 inst); ScaleToFP19b_INT8_x_E2M3_UE4M3_wide22: 1.040e-04 (1 inst),5.795000e-04,CustomOperator_INT8_to_E2M3_0: 2.340e-05 (1 inst); CustomOperator_INT8_to_E2M3_1: 2.330e-05 (1 inst); CustomOperator_INT8_to_E2M3_2: 2.350e-05 (1 inst); CustomOperator_INT8_to_E2M3_3: 2.300e-05 (1 inst); FPNAdder: 1.040e-04 (1 inst); FixedFPTree_exp7_mant11_out14_vec4_range2: 1.970e-04 (1 inst); SNPS_CLOCK_GATE: 5.810e-06 (1 inst); ScaleAddition_INT8_to_E2M3_scale_UE4M3_wide14: 8.320e-05 (1 inst); ScaleToFP19b_INT8_x_E2M3_UE4M3_wide22: 3.750e-05 (1 inst),2.5000,400.0,1059,0.372,0.0366,2048,1,5freq
baseline_act-INT8_w-E2M3_UE5M3,baseline,INT8,E2M3,UE5M3,400,true,0.0000,2249.477996,CustomOperator_INT8_to_E2M3_0: 74.8440 (1 inst); CustomOperator_INT8_to_E2M3_1: 74.7180 (1 inst); CustomOperator_INT8_to_E2M3_2: 75.4740 (1 inst); CustomOperator_INT8_to_E2M3_3: 75.3480 (1 inst); FPNAdder: 586.4040 (1 inst); FixedFPTree_exp7_mant11_out14_vec4_range2: 661.6260 (1 inst); SNPS_CLOCK_GATE: 1.8900 (1 inst); ScaleAddition_INT8_to_E2M3_scale_UE5M3_wide14: 408.3660 (1 inst); ScaleToFP19b_INT8_x_E2M3_UE5M3_wide22: 207.5220 (1 inst),1.032000e-03,CustomOperator_INT8_to_E2M3_0: 2.840e-05 (1 inst); CustomOperator_INT8_to_E2M3_1: 2.840e-05 (1 inst); CustomOperator_INT8_to_E2M3_2: 2.860e-05 (1 inst); CustomOperator_INT8_to_E2M3_3: 2.840e-05 (1 inst); FPNAdder: 2.300e-04 (1 inst); FixedFPTree_exp7_mant11_out14_vec4_range2: 3.330e-04 (1 inst); SNPS_CLOCK_GATE: 6.550e-07 (1 inst); ScaleAddition_INT8_to_E2M3_scale_UE5M3_wide14: 2.360e-04 (1 inst); ScaleToFP19b_INT8_x_E2M3_UE5M3_wide22: 1.050e-04 (1 inst),6.152000e-04,CustomOperator_INT8_to_E2M3_0: 2.370e-05 (1 inst); CustomOperator_INT8_to_E2M3_1: 2.340e-05 (1 inst); CustomOperator_INT8_to_E2M3_2: 2.400e-05 (1 inst); CustomOperator_INT8_to_E2M3_3: 2.320e-05 (1 inst); FPNAdder: 1.110e-04 (1 inst); FixedFPTree_exp7_mant11_out14_vec4_range2: 2.000e-04 (1 inst); SNPS_CLOCK_GATE: 5.810e-06 (1 inst); ScaleAddition_INT8_to_E2M3_scale_UE5M3_wide14: 1.010e-04 (1 inst); ScaleToFP19b_INT8_x_E2M3_UE5M3_wide22: 4.300e-05 (1 inst),2.5000,400.0,1059,0.372,0.0366,2048,1,5freq
baseline_act-E4M3_w-E2M1_UE6M2,baseline,E4M3,E2M1,UE6M2,400,true,0.0000,2257.290003,CustomOperator_E4M3_to_E2M1_0: 23.4360 (1 inst); CustomOperator_E4M3_to_E2M1_1: 23.4360 (1 inst); CustomOperator_E4M3_to_E2M1_2: 30.3660 (1 inst); CustomOperator_E4M3_to_E2M1_3: 30.3660 (1 inst); FPNAdder: 454.3560 (1 inst); FixedFPTree_exp7_mant6_out11_vec4_range16: 1203.0480 (1 inst); SNPS_CLOCK_GATE: 1.8900 (1 inst); ScaleAddition_E4M3_to_E2M1_scale_UE6M2_wide11: 256.2840 (1 inst); ScaleToFP14b_E4M3_x_E2M1_UE6M2_wide17: 166.5720 (1 inst),9.174000e-04,CustomOperator_E4M3_to_E2M1_0: 7.890e-06 (1 inst); CustomOperator_E4M3_to_E2M1_1: 7.900e-06 (1 inst); CustomOperator_E4M3_to_E2M1_2: 1.020e-05 (1 inst); CustomOperator_E4M3_to_E2M1_3: 1.000e-05 (1 inst); FPNAdder: 1.790e-04 (1 inst); FixedFPTree_exp7_mant6_out11_vec4_range16: 4.600e-04 (1 inst); SNPS_CLOCK_GATE: 5.900e-07 (1 inst); ScaleAddition_E4M3_to_E2M1_scale_UE6M2_wide11: 1.420e-04 (1 inst); ScaleToFP14b_E4M3_x_E2M1_UE6M2_wide17: 8.840e-05 (1 inst),4.801000e-04,CustomOperator_E4M3_to_E2M1_0: 8.670e-06 (1 inst); CustomOperator_E4M3_to_E2M1_1: 8.620e-06 (1 inst); CustomOperator_E4M3_to_E2M1_2: 1.100e-05 (1 inst); CustomOperator_E4M3_to_E2M1_3: 1.050e-05 (1 inst); FPNAdder: 7.890e-05 (1 inst); FixedFPTree_exp7_mant6_out11_vec4_range16: 2.240e-04 (1 inst); SNPS_CLOCK_GATE: 5.180e-06 (1 inst); ScaleAddition_E4M3_to_E2M1_scale_UE6M2_wide11: 5.170e-05 (1 inst); ScaleToFP14b_E4M3_x_E2M1_UE6M2_wide17: 3.250e-05 (1 inst),2.5000,400.0,1059,0.372,0.0366,2048,1,5freq
baseline_act-INT8_w-E3M2_UE4M3,baseline,INT8,E3M2,UE4M3,400,true,0.0000,2271.023997,CustomOperator_INT8_to_E3M2_0: 58.0860 (1 inst); CustomOperator_INT8_to_E3M2_1: 58.7160 (1 inst); CustomOperator_INT8_to_E3M2_2: 60.2280 (1 inst); CustomOperator_INT8_to_E3M2_3: 59.9760 (1 inst); FPNAdder: 615.7620 (1 inst); FixedFPTree_exp7_mant10_out14_vec4_range6: 745.2900 (1 inst); SNPS_CLOCK_GATE: 1.8900 (1 inst); ScaleAddition_INT8_to_E3M2_scale_UE4M3_wide14: 366.9120 (1 inst); ScaleToFP19b_INT8_x_E3M2_UE4M3_wide22: 220.5000 (1 inst),1.050000e-03,CustomOperator_INT8_to_E3M2_0: 2.150e-05 (1 inst); CustomOperator_INT8_to_E3M2_1: 2.190e-05 (1 inst); CustomOperator_INT8_to_E3M2_2: 2.200e-05 (1 inst); CustomOperator_INT8_to_E3M2_3: 2.210e-05 (1 inst); FPNAdder: 2.400e-04 (1 inst); FixedFPTree_exp7_mant10_out14_vec4_range6: 3.880e-04 (1 inst); SNPS_CLOCK_GATE: 6.490e-07 (1 inst); ScaleAddition_INT8_to_E3M2_scale_UE4M3_wide14: 2.120e-04 (1 inst); ScaleToFP19b_INT8_x_E3M2_UE4M3_wide22: 1.080e-04 (1 inst),5.917000e-04,CustomOperator_INT8_to_E3M2_0: 2.080e-05 (1 inst); CustomOperator_INT8_to_E3M2_1: 2.100e-05 (1 inst); CustomOperator_INT8_to_E3M2_2: 2.160e-05 (1 inst); CustomOperator_INT8_to_E3M2_3: 2.110e-05 (1 inst); FPNAdder: 1.050e-04 (1 inst); FixedFPTree_exp7_mant10_out14_vec4_range6: 2.240e-04 (1 inst); SNPS_CLOCK_GATE: 5.810e-06 (1 inst); ScaleAddition_INT8_to_E3M2_scale_UE4M3_wide14: 7.500e-05 (1 inst); ScaleToFP19b_INT8_x_E3M2_UE4M3_wide22: 3.840e-05 (1 inst),2.5000,400.0,1059,0.372,0.0366,2048,1,5freq
baseline_act-INT8_w-E3M2_UE5M3,baseline,INT8,E3M2,UE5M3,400,true,0.0000,2279.843997,CustomOperator_INT8_to_E3M2_0: 58.0860 (1 inst); CustomOperator_INT8_to_E3M2_1: 58.5900 (1 inst); CustomOperator_INT8_to_E3M2_2: 60.2280 (1 inst); CustomOperator_INT8_to_E3M2_3: 60.9840 (1 inst); FPNAdder: 614.8800 (1 inst); FixedFPTree_exp7_mant10_out14_vec4_range6: 746.4240 (1 inst); SNPS_CLOCK_GATE: 1.8900 (1 inst); ScaleAddition_INT8_to_E3M2_scale_UE5M3_wide14: 375.8580 (1 inst); ScaleToFP19b_INT8_x_E3M2_UE5M3_wide22: 219.1140 (1 inst),1.057000e-03,CustomOperator_INT8_to_E3M2_0: 2.130e-05 (1 inst); CustomOperator_INT8_to_E3M2_1: 2.170e-05 (1 inst); CustomOperator_INT8_to_E3M2_2: 2.180e-05 (1 inst); CustomOperator_INT8_to_E3M2_3: 2.200e-05 (1 inst); FPNAdder: 2.410e-04 (1 inst); FixedFPTree_exp7_mant10_out14_vec4_range6: 3.890e-04 (1 inst); SNPS_CLOCK_GATE: 6.520e-07 (1 inst); ScaleAddition_INT8_to_E3M2_scale_UE5M3_wide14: 2.170e-04 (1 inst); ScaleToFP19b_INT8_x_E3M2_UE5M3_wide22: 1.090e-04 (1 inst),6.077000e-04,CustomOperator_INT8_to_E3M2_0: 2.070e-05 (1 inst); CustomOperator_INT8_to_E3M2_1: 2.090e-05 (1 inst); CustomOperator_INT8_to_E3M2_2: 2.150e-05 (1 inst); CustomOperator_INT8_to_E3M2_3: 2.130e-05 (1 inst); FPNAdder: 1.090e-04 (1 inst); FixedFPTree_exp7_mant10_out14_vec4_range6: 2.240e-04 (1 inst); SNPS_CLOCK_GATE: 5.810e-06 (1 inst); ScaleAddition_INT8_to_E3M2_scale_UE5M3_wide14: 8.580e-05 (1 inst); ScaleToFP19b_INT8_x_E3M2_UE5M3_wide22: 4.140e-05 (1 inst),2.5000,400.0,1059,0.372,0.0366,2048,1,5freq
baseline_act-E5M2_w-E2M1_UE8M0,baseline,E5M2,E2M1,UE8M0,400,true,0.0000,2284.758003,CustomOperator_E5M2_to_E2M1_0: 21.5460 (1 inst); CustomOperator_E5M2_to_E2M1_1: 22.5540 (1 inst); CustomOperator_E5M2_to_E2M1_2: 24.0660 (1 inst); CustomOperator_E5M2_to_E2M1_3: 24.6960 (1 inst); DirectToFP15b_E5M2_x_E2M1_UE8M0: 57.0780 (1 inst); FPNAdder: 421.7220 (1 inst); FixedFPTree_exp7_mant5_out5_vec4_range31: 1639.0080 (1 inst); SNPS_CLOCK_GATE: 1.8900 (1 inst),7.457000e-04,CustomOperator_E5M2_to_E2M1_0: 7.390e-06 (1 inst); CustomOperator_E5M2_to_E2M1_1: 7.530e-06 (1 inst); CustomOperator_E5M2_to_E2M1_2: 8.140e-06 (1 inst); CustomOperator_E5M2_to_E2M1_3: 8.330e-06 (1 inst); DirectToFP15b_E5M2_x_E2M1_UE8M0: 2.760e-05 (1 inst); FPNAdder: 1.210e-04 (1 inst); FixedFPTree_exp7_mant5_out5_vec4_range31: 5.580e-04 (1 inst); SNPS_CLOCK_GATE: 6.080e-07 (1 inst),3.682000e-04,CustomOperator_E5M2_to_E2M1_0: 8.520e-06 (1 inst); CustomOperator_E5M2_to_E2M1_1: 8.450e-06 (1 inst); CustomOperator_E5M2_to_E2M1_2: 9.110e-06 (1 inst); CustomOperator_E5M2_to_E2M1_3: 9.310e-06 (1 inst); DirectToFP15b_E5M2_x_E2M1_UE8M0: 8.310e-06 (1 inst); FPNAdder: 5.730e-05 (1 inst); FixedFPTree_exp7_mant5_out5_vec4_range31: 2.180e-04 (1 inst); SNPS_CLOCK_GATE: 5.300e-06 (1 inst),2.5000,400.0,1059,0.372,0.0366,2048,1,5freq
baseline_act-INT8_w-INT8_UE5M3,baseline,INT8,INT8,UE5M3,400,true,0.0000,2304.791999,CustomOperator_INT8_to_INT8_0: 152.7120 (1 inst); CustomOperator_INT8_to_INT8_1: 157.1220 (1 inst); CustomOperator_INT8_to_INT8_2: 155.4840 (1 inst); CustomOperator_INT8_to_INT8_3: 154.4760 (1 inst); FPNAdder: 560.4480 (1 inst); FixedFPTree_exp7_mant14_out14_vec4_range0: 417.1860 (1 inst); SNPS_CLOCK_GATE: 1.8900 (1 inst); ScaleAddition_INT8_to_INT8_scale_UE5M3_wide14: 404.9640 (1 inst); ScaleToFP19b_INT8_x_INT8_UE5M3_wide22: 216.7200 (1 inst),1.166000e-03,CustomOperator_INT8_to_INT8_0: 7.500e-05 (1 inst); CustomOperator_INT8_to_INT8_1: 7.720e-05 (1 inst); CustomOperator_INT8_to_INT8_2: 7.710e-05 (1 inst); CustomOperator_INT8_to_INT8_3: 7.670e-05 (1 inst); FPNAdder: 2.190e-04 (1 inst); FixedFPTree_exp7_mant14_out14_vec4_range0: 2.660e-04 (1 inst); SNPS_CLOCK_GATE: 6.470e-07 (1 inst); ScaleAddition_INT8_to_INT8_scale_UE5M3_wide14: 2.460e-04 (1 inst); ScaleToFP19b_INT8_x_INT8_UE5M3_wide22: 1.140e-04 (1 inst),6.938000e-04,CustomOperator_INT8_to_INT8_0: 5.510e-05 (1 inst); CustomOperator_INT8_to_INT8_1: 5.840e-05 (1 inst); CustomOperator_INT8_to_INT8_2: 5.820e-05 (1 inst); CustomOperator_INT8_to_INT8_3: 5.640e-05 (1 inst); FPNAdder: 1.060e-04 (1 inst); FixedFPTree_exp7_mant14_out14_vec4_range0: 1.490e-04 (1 inst); SNPS_CLOCK_GATE: 5.810e-06 (1 inst); ScaleAddition_INT8_to_INT8_scale_UE5M3_wide14: 9.660e-05 (1 inst); ScaleToFP19b_INT8_x_INT8_UE5M3_wide22: 4.780e-05 (1 inst),2.5000,400.0,1059,0.372,0.0366,2048,1,5freq
baseline_act-INT8_w-E2M3_UE4M4,baseline,INT8,E2M3,UE4M4,400,true,0.0000,2306.933995,CustomOperator_INT8_to_E2M3_0: 74.5920 (1 inst); CustomOperator_INT8_to_E2M3_1: 74.7180 (1 inst); CustomOperator_INT8_to_E2M3_2: 74.4660 (1 inst); CustomOperator_INT8_to_E2M3_3: 75.4740 (1 inst); FPNAdder: 587.2860 (1 inst); FixedFPTree_exp7_mant11_out12_vec4_range2: 677.5020 (1 inst); SNPS_CLOCK_GATE: 1.8900 (1 inst); ScaleAddition_INT8_to_E2M3_scale_UE4M4_wide12: 436.5900 (1 inst); ScaleToFP19b_INT8_x_E2M3_UE4M4_wide22: 221.8860 (1 inst),1.072000e-03,CustomOperator_INT8_to_E2M3_0: 2.850e-05 (1 inst); CustomOperator_INT8_to_E2M3_1: 2.840e-05 (1 inst); CustomOperator_INT8_to_E2M3_2: 2.830e-05 (1 inst); CustomOperator_INT8_to_E2M3_3: 2.860e-05 (1 inst); FPNAdder: 2.340e-04 (1 inst); FixedFPTree_exp7_mant11_out12_vec4_range2: 3.330e-04 (1 inst); SNPS_CLOCK_GATE: 6.460e-07 (1 inst); ScaleAddition_INT8_to_E2M3_scale_UE4M4_wide12: 2.630e-04 (1 inst); ScaleToFP19b_INT8_x_E2M3_UE4M4_wide22: 1.150e-04 (1 inst),6.464000e-04,CustomOperator_INT8_to_E2M3_0: 2.380e-05 (1 inst); CustomOperator_INT8_to_E2M3_1: 2.340e-05 (1 inst); CustomOperator_INT8_to_E2M3_2: 2.340e-05 (1 inst); CustomOperator_INT8_to_E2M3_3: 2.320e-05 (1 inst); FPNAdder: 1.210e-04 (1 inst); FixedFPTree_exp7_mant11_out12_vec4_range2: 2.030e-04 (1 inst); SNPS_CLOCK_GATE: 5.810e-06 (1 inst); ScaleAddition_INT8_to_E2M3_scale_UE4M4_wide12: 1.160e-04 (1 inst); ScaleToFP19b_INT8_x_E2M3_UE4M4_wide22: 4.580e-05 (1 inst),2.5000,400.0,1059,0.372,0.0366,2048,1,5freq
baseline_act-INT8_w-E4M3_UE8M0,baseline,INT8,E4M3,UE8M0,400,true,0.0000,2310.839999,CustomOperator_INT8_to_E4M3_0: 72.3240 (1 inst); CustomOperator_INT8_to_E4M3_1: 72.7020 (1 inst); CustomOperator_INT8_to_E4M3_2: 73.7100 (1 inst); CustomOperator_INT8_to_E4M3_3: 74.2140 (1 inst); DirectToFP19b_INT8_x_E4M3_UE8M0: 68.7960 (1 inst); FPNAdder: 526.5540 (1 inst); FixedFPTree_exp7_mant11_out11_vec4_range14: 1336.8600 (1 inst); SNPS_CLOCK_GATE: 1.8900 (1 inst),9.409000e-04,CustomOperator_INT8_to_E4M3_0: 2.910e-05 (1 inst); CustomOperator_INT8_to_E4M3_1: 2.930e-05 (1 inst); CustomOperator_INT8_to_E4M3_2: 2.930e-05 (1 inst); CustomOperator_INT8_to_E4M3_3: 2.940e-05 (1 inst); DirectToFP19b_INT8_x_E4M3_UE8M0: 3.580e-05 (1 inst); FPNAdder: 1.780e-04 (1 inst); FixedFPTree_exp7_mant11_out11_vec4_range14: 5.990e-04 (1 inst); SNPS_CLOCK_GATE: 6.480e-07 (1 inst),5.375000e-04,CustomOperator_INT8_to_E4M3_0: 2.530e-05 (1 inst); CustomOperator_INT8_to_E4M3_1: 2.490e-05 (1 inst); CustomOperator_INT8_to_E4M3_2: 2.560e-05 (1 inst); CustomOperator_INT8_to_E4M3_3: 2.520e-05 (1 inst); DirectToFP19b_INT8_x_E4M3_UE8M0: 1.140e-05 (1 inst); FPNAdder: 8.060e-05 (1 inst); FixedFPTree_exp7_mant11_out11_vec4_range14: 2.840e-04 (1 inst); SNPS_CLOCK_GATE: 5.810e-06 (1 inst),2.5000,400.0,1059,0.372,0.0366,2048,1,5freq
baseline_act-E4M3_w-E2M1_UE5M3,baseline,E4M3,E2M1,UE5M3,400,true,0.0000,2347.632000,CustomOperator_E4M3_to_E2M1_0: 23.8140 (1 inst); CustomOperator_E4M3_to_E2M1_1: 24.0660 (1 inst); CustomOperator_E4M3_to_E2M1_2: 32.7600 (1 inst); CustomOperator_E4M3_to_E2M1_3: 40.5720 (1 inst); FPNAdder: 500.9760 (1 inst); FixedFPTree_exp7_mant6_out9_vec4_range16: 1185.9120 (1 inst); SNPS_CLOCK_GATE: 1.8900 (1 inst); ScaleAddition_E4M3_to_E2M1_scale_UE5M3_wide9: 285.1380 (1 inst); ScaleToFP14b_E4M3_x_E2M1_UE5M3_wide17: 181.4400 (1 inst),9.599000e-04,CustomOperator_E4M3_to_E2M1_0: 8.220e-06 (1 inst); CustomOperator_E4M3_to_E2M1_1: 8.710e-06 (1 inst); CustomOperator_E4M3_to_E2M1_2: 1.100e-05 (1 inst); CustomOperator_E4M3_to_E2M1_3: 1.190e-05 (1 inst); FPNAdder: 2.000e-04 (1 inst); FixedFPTree_exp7_mant6_out9_vec4_range16: 4.520e-04 (1 inst); SNPS_CLOCK_GATE: 5.920e-07 (1 inst); ScaleAddition_E4M3_to_E2M1_scale_UE5M3_wide9: 1.630e-04 (1 inst); ScaleToFP14b_E4M3_x_E2M1_UE5M3_wide17: 9.260e-05 (1 inst),5.198000e-04,CustomOperator_E4M3_to_E2M1_0: 8.960e-06 (1 inst); CustomOperator_E4M3_to_E2M1_1: 9.180e-06 (1 inst); CustomOperator_E4M3_to_E2M1_2: 1.200e-05 (1 inst); CustomOperator_E4M3_to_E2M1_3: 1.240e-05 (1 inst); FPNAdder: 9.730e-05 (1 inst); FixedFPTree_exp7_mant6_out9_vec4_range16: 2.180e-04 (1 inst); SNPS_CLOCK_GATE: 5.180e-06 (1 inst); ScaleAddition_E4M3_to_E2M1_scale_UE5M3_wide9: 6.830e-05 (1 inst); ScaleToFP14b_E4M3_x_E2M1_UE5M3_wide17: 3.860e-05 (1 inst),2.5000,400.0,1059,0.372,0.0366,2048,1,5freq
baseline_act-E4M3_w-E2M1_UE4M3,baseline,E4M3,E2M1,UE4M3,400,true,0.0000,2357.082002,CustomOperator_E4M3_to_E2M1_0: 24.5700 (1 inst); CustomOperator_E4M3_to_E2M1_1: 23.9400 (1 inst); CustomOperator_E4M3_to_E2M1_2: 31.1220 (1 inst); CustomOperator_E4M3_to_E2M1_3: 40.8240 (1 inst); FPNAdder: 502.6140 (1 inst); FixedFPTree_exp7_mant6_out9_vec4_range16: 1200.2760 (1 inst); SNPS_CLOCK_GATE: 1.8900 (1 inst); ScaleAddition_E4M3_to_E2M1_scale_UE4M3_wide9: 281.3580 (1 inst); ScaleToFP14b_E4M3_x_E2M1_UE4M3_wide17: 177.2820 (1 inst),9.641000e-04,CustomOperator_E4M3_to_E2M1_0: 8.230e-06 (1 inst); CustomOperator_E4M3_to_E2M1_1: 8.750e-06 (1 inst); CustomOperator_E4M3_to_E2M1_2: 1.060e-05 (1 inst); CustomOperator_E4M3_to_E2M1_3: 1.230e-05 (1 inst); FPNAdder: 2.040e-04 (1 inst); FixedFPTree_exp7_mant6_out9_vec4_range16: 4.570e-04 (1 inst); SNPS_CLOCK_GATE: 5.960e-07 (1 inst); ScaleAddition_E4M3_to_E2M1_scale_UE4M3_wide9: 1.630e-04 (1 inst); ScaleToFP14b_E4M3_x_E2M1_UE4M3_wide17: 8.830e-05 (1 inst),5.116000e-04,CustomOperator_E4M3_to_E2M1_0: 9.000e-06 (1 inst); CustomOperator_E4M3_to_E2M1_1: 9.230e-06 (1 inst); CustomOperator_E4M3_to_E2M1_2: 1.160e-05 (1 inst); CustomOperator_E4M3_to_E2M1_3: 1.280e-05 (1 inst); FPNAdder: 9.690e-05 (1 inst); FixedFPTree_exp7_mant6_out9_vec4_range16: 2.200e-04 (1 inst); SNPS_CLOCK_GATE: 5.180e-06 (1 inst); ScaleAddition_E4M3_to_E2M1_scale_UE4M3_wide9: 5.840e-05 (1 inst); ScaleToFP14b_E4M3_x_E2M1_UE4M3_wide17: 3.710e-05 (1 inst),2.5000,400.0,1059,0.372,0.0366,2048,1,5freq
baseline_act-INT8_w-E3M2_UE4M4,baseline,INT8,E3M2,UE4M4,400,true,0.0000,2383.542000,CustomOperator_INT8_to_E3M2_0: 58.2120 (1 inst); CustomOperator_INT8_to_E3M2_1: 59.2200 (1 inst); CustomOperator_INT8_to_E3M2_2: 61.3620 (1 inst); CustomOperator_INT8_to_E3M2_3: 59.5980 (1 inst); FPNAdder: 634.6620 (1 inst); FixedFPTree_exp7_mant10_out12_vec4_range6: 746.5500 (1 inst); SNPS_CLOCK_GATE: 1.8900 (1 inst); ScaleAddition_INT8_to_E3M2_scale_UE4M4_wide12: 447.9300 (1 inst); ScaleToFP19b_INT8_x_E3M2_UE4M4_wide22: 229.0680 (1 inst),1.142000e-03,CustomOperator_INT8_to_E3M2_0: 2.180e-05 (1 inst); CustomOperator_INT8_to_E3M2_1: 2.230e-05 (1 inst); CustomOperator_INT8_to_E3M2_2: 2.180e-05 (1 inst); CustomOperator_INT8_to_E3M2_3: 2.190e-05 (1 inst); FPNAdder: 2.560e-04 (1 inst); FixedFPTree_exp7_mant10_out12_vec4_range6: 3.900e-04 (1 inst); SNPS_CLOCK_GATE: 6.580e-07 (1 inst); ScaleAddition_INT8_to_E3M2_scale_UE4M4_wide12: 2.760e-04 (1 inst); ScaleToFP19b_INT8_x_E3M2_UE4M4_wide22: 1.180e-04 (1 inst),6.493000e-04,CustomOperator_INT8_to_E3M2_0: 2.140e-05 (1 inst); CustomOperator_INT8_to_E3M2_1: 2.150e-05 (1 inst); CustomOperator_INT8_to_E3M2_2: 2.150e-05 (1 inst); CustomOperator_INT8_to_E3M2_3: 2.080e-05 (1 inst); FPNAdder: 1.200e-04 (1 inst); FixedFPTree_exp7_mant10_out12_vec4_range6: 2.260e-04 (1 inst); SNPS_CLOCK_GATE: 5.810e-06 (1 inst); ScaleAddition_INT8_to_E3M2_scale_UE4M4_wide12: 1.080e-04 (1 inst); ScaleToFP19b_INT8_x_E3M2_UE4M4_wide22: 4.450e-05 (1 inst),2.5000,400.0,1059,0.372,0.0366,2048,1,5freq
baseline_act-INT8_w-INT8_UE4M4,baseline,INT8,INT8,UE4M4,400,true,0.0000,2389.085999,CustomOperator_INT8_to_INT8_0: 147.7980 (1 inst); CustomOperator_INT8_to_INT8_1: 155.9880 (1 inst); CustomOperator_INT8_to_INT8_2: 152.5860 (1 inst); CustomOperator_INT8_to_INT8_3: 148.3020 (1 inst); FPNAdder: 574.9380 (1 inst); FixedFPTree_exp7_mant14_out14_vec4_range0: 428.0220 (1 inst); SNPS_CLOCK_GATE: 1.8900 (1 inst); ScaleAddition_INT8_to_INT8_scale_UE4M4_wide14: 477.1620 (1 inst); ScaleToFP19b_INT8_x_INT8_UE4M4_wide24: 219.3660 (1 inst),1.229000e-03,CustomOperator_INT8_to_INT8_0: 7.370e-05 (1 inst); CustomOperator_INT8_to_INT8_1: 7.790e-05 (1 inst); CustomOperator_INT8_to_INT8_2: 7.670e-05 (1 inst); CustomOperator_INT8_to_INT8_3: 7.440e-05 (1 inst); FPNAdder: 2.300e-04 (1 inst); FixedFPTree_exp7_mant14_out14_vec4_range0: 2.740e-04 (1 inst); SNPS_CLOCK_GATE: 6.600e-07 (1 inst); ScaleAddition_INT8_to_INT8_scale_UE4M4_wide14: 2.940e-04 (1 inst); ScaleToFP19b_INT8_x_INT8_UE4M4_wide24: 1.140e-04 (1 inst),7.424000e-04,CustomOperator_INT8_to_INT8_0: 5.330e-05 (1 inst); CustomOperator_INT8_to_INT8_1: 5.830e-05 (1 inst); CustomOperator_INT8_to_INT8_2: 5.770e-05 (1 inst); CustomOperator_INT8_to_INT8_3: 5.390e-05 (1 inst); FPNAdder: 1.220e-04 (1 inst); FixedFPTree_exp7_mant14_out14_vec4_range0: 1.530e-04 (1 inst); SNPS_CLOCK_GATE: 5.810e-06 (1 inst); ScaleAddition_INT8_to_INT8_scale_UE4M4_wide14: 1.260e-04 (1 inst); ScaleToFP19b_INT8_x_INT8_UE4M4_wide24: 4.970e-05 (1 inst),2.5000,400.0,1059,0.372,0.0366,2048,1,5freq
baseline_act-E4M3_w-E2M3_UE7M1,baseline,E4M3,E2M3,UE7M1,400,true,0.0000,2399.292002,CustomOperator_E4M3_to_E2M3_0: 45.8640 (1 inst); CustomOperator_E4M3_to_E2M3_1: 45.3600 (1 inst); CustomOperator_E4M3_to_E2M3_2: 52.2900 (1 inst); CustomOperator_E4M3_to_E2M3_3: 52.2900 (1 inst); FPNAdder: 461.2860 (1 inst); FixedFPTree_exp7_mant8_out13_vec4_range16: 1297.1700 (1 inst); SNPS_CLOCK_GATE: 1.8900 (1 inst); ScaleAddition_E4M3_to_E2M3_scale_UE7M1_wide13: 194.2920 (1 inst); ScaleToFP14b_E4M3_x_E2M3_UE7M1_wide17: 178.5420 (1 inst),1.081000e-03,CustomOperator_E4M3_to_E2M3_0: 1.590e-05 (1 inst); CustomOperator_E4M3_to_E2M3_1: 1.540e-05 (1 inst); CustomOperator_E4M3_to_E2M3_2: 1.740e-05 (1 inst); CustomOperator_E4M3_to_E2M3_3: 1.730e-05 (1 inst); FPNAdder: 1.860e-04 (1 inst); FixedFPTree_exp7_mant8_out13_vec4_range16: 6.210e-04 (1 inst); SNPS_CLOCK_GATE: 5.900e-07 (1 inst); ScaleAddition_E4M3_to_E2M3_scale_UE7M1_wide13: 1.060e-04 (1 inst); ScaleToFP14b_E4M3_x_E2M3_UE7M1_wide17: 8.950e-05 (1 inst),5.392000e-04,CustomOperator_E4M3_to_E2M3_0: 1.700e-05 (1 inst); CustomOperator_E4M3_to_E2M3_1: 1.610e-05 (1 inst); CustomOperator_E4M3_to_E2M3_2: 1.860e-05 (1 inst); CustomOperator_E4M3_to_E2M3_3: 1.750e-05 (1 inst); FPNAdder: 8.490e-05 (1 inst); FixedFPTree_exp7_mant8_out13_vec4_range16: 2.560e-04 (1 inst); SNPS_CLOCK_GATE: 5.180e-06 (1 inst); ScaleAddition_E4M3_to_E2M3_scale_UE7M1_wide13: 4.060e-05 (1 inst); ScaleToFP14b_E4M3_x_E2M3_UE7M1_wide17: 3.520e-05 (1 inst),2.5000,400.0,1059,0.372,0.0366,2048,1,5freq
baseline_act-E4M3_w-E2M1_UE4M4,baseline,E4M3,E2M1,UE4M4,400,true,0.0000,2413.782001,CustomOperator_E4M3_to_E2M1_0: 25.3260 (1 inst); CustomOperator_E4M3_to_E2M1_1: 24.0660 (1 inst); CustomOperator_E4M3_to_E2M1_2: 30.3660 (1 inst); CustomOperator_E4M3_to_E2M1_3: 28.8540 (1 inst); FPNAdder: 496.1880 (1 inst); FixedFPTree_exp7_mant6_out7_vec4_range16: 1216.5300 (1 inst); SNPS_CLOCK_GATE: 1.8900 (1 inst); ScaleAddition_E4M3_to_E2M1_scale_UE4M4_wide7: 338.3100 (1 inst); ScaleToFP14b_E4M3_x_E2M1_UE4M4_wide17: 179.4240 (1 inst),1.046000e-03,CustomOperator_E4M3_to_E2M1_0: 8.660e-06 (1 inst); CustomOperator_E4M3_to_E2M1_1: 8.640e-06 (1 inst); CustomOperator_E4M3_to_E2M1_2: 1.060e-05 (1 inst); CustomOperator_E4M3_to_E2M1_3: 8.650e-06 (1 inst); FPNAdder: 2.020e-04 (1 inst); FixedFPTree_exp7_mant6_out7_vec4_range16: 5.060e-04 (1 inst); SNPS_CLOCK_GATE: 5.920e-07 (1 inst); ScaleAddition_E4M3_to_E2M1_scale_UE4M4_wide7: 1.980e-04 (1 inst); ScaleToFP14b_E4M3_x_E2M1_UE4M4_wide17: 9.110e-05 (1 inst),5.521000e-04,CustomOperator_E4M3_to_E2M1_0: 9.290e-06 (1 inst); CustomOperator_E4M3_to_E2M1_1: 9.230e-06 (1 inst); CustomOperator_E4M3_to_E2M1_2: 1.120e-05 (1 inst); CustomOperator_E4M3_to_E2M1_3: 9.240e-06 (1 inst); FPNAdder: 9.950e-05 (1 inst); FixedFPTree_exp7_mant6_out7_vec4_range16: 2.310e-04 (1 inst); SNPS_CLOCK_GATE: 5.180e-06 (1 inst); ScaleAddition_E4M3_to_E2M1_scale_UE4M4_wide7: 8.960e-05 (1 inst); ScaleToFP14b_E4M3_x_E2M1_UE4M4_wide17: 3.720e-05 (1 inst),2.5000,400.0,1059,0.372,0.0366,2048,1,5freq
baseline_act-E4M3_w-E4M3_UE8M0,baseline,E4M3,E4M3,UE8M0,400,true,0.0000,2444.148001,CustomOperator_E4M3_to_E4M3_0: 55.6920 (1 inst); CustomOperator_E4M3_to_E4M3_1: 56.4480 (1 inst); CustomOperator_E4M3_to_E4M3_2: 59.9760 (1 inst); CustomOperator_E4M3_to_E4M3_3: 59.5980 (1 inst); DirectToFP14b_E4M3_x_E4M3_UE8M0: 59.5980 (1 inst); FPNAdder: 403.9560 (1 inst); FixedFPTree_exp7_mant8_out8_vec4_range28: 1678.0680 (1 inst); SNPS_CLOCK_GATE: 1.8900 (1 inst),8.483000e-04,CustomOperator_E4M3_to_E4M3_0: 1.930e-05 (1 inst); CustomOperator_E4M3_to_E4M3_1: 1.950e-05 (1 inst); CustomOperator_E4M3_to_E4M3_2: 2.030e-05 (1 inst); CustomOperator_E4M3_to_E4M3_3: 2.010e-05 (1 inst); DirectToFP14b_E4M3_x_E4M3_UE8M0: 2.850e-05 (1 inst); FPNAdder: 1.310e-04 (1 inst); FixedFPTree_exp7_mant8_out8_vec4_range28: 6.010e-04 (1 inst); SNPS_CLOCK_GATE: 5.880e-07 (1 inst),4.591000e-04,CustomOperator_E4M3_to_E4M3_0: 1.810e-05 (1 inst); CustomOperator_E4M3_to_E4M3_1: 1.800e-05 (1 inst); CustomOperator_E4M3_to_E4M3_2: 1.960e-05 (1 inst); CustomOperator_E4M3_to_E4M3_3: 1.820e-05 (1 inst); DirectToFP14b_E4M3_x_E4M3_UE8M0: 6.260e-06 (1 inst); FPNAdder: 6.010e-05 (1 inst); FixedFPTree_exp7_mant8_out8_vec4_range28: 2.690e-04 (1 inst); SNPS_CLOCK_GATE: 5.180e-06 (1 inst),2.5000,400.0,1059,0.372,0.0366,2048,1,5freq
baseline_act-E5M2_w-E2M3_UE8M0,baseline,E5M2,E2M3,UE8M0,400,true,0.0000,2444.148002,CustomOperator_E5M2_to_E2M3_0: 32.6340 (1 inst); CustomOperator_E5M2_to_E2M3_1: 32.6340 (1 inst); CustomOperator_E5M2_to_E2M3_2: 34.6500 (1 inst); CustomOperator_E5M2_to_E2M3_3: 34.6500 (1 inst); DirectToFP15b_E5M2_x_E2M3_UE8M0: 60.8580 (1 inst); FPNAdder: 414.1620 (1 inst); FixedFPTree_exp7_mant7_out7_vec4_range31: 1761.3540 (1 inst); SNPS_CLOCK_GATE: 1.8900 (1 inst),8.693000e-04,CustomOperator_E5M2_to_E2M3_0: 1.100e-05 (1 inst); CustomOperator_E5M2_to_E2M3_1: 1.100e-05 (1 inst); CustomOperator_E5M2_to_E2M3_2: 1.160e-05 (1 inst); CustomOperator_E5M2_to_E2M3_3: 1.170e-05 (1 inst); DirectToFP15b_E5M2_x_E2M3_UE8M0: 2.910e-05 (1 inst); FPNAdder: 1.270e-04 (1 inst); FixedFPTree_exp7_mant7_out7_vec4_range31: 6.590e-04 (1 inst); SNPS_CLOCK_GATE: 6.050e-07 (1 inst),4.252000e-04,CustomOperator_E5M2_to_E2M3_0: 1.200e-05 (1 inst); CustomOperator_E5M2_to_E2M3_1: 1.210e-05 (1 inst); CustomOperator_E5M2_to_E2M3_2: 1.260e-05 (1 inst); CustomOperator_E5M2_to_E2M3_3: 1.250e-05 (1 inst); DirectToFP15b_E5M2_x_E2M3_UE8M0: 7.580e-06 (1 inst); FPNAdder: 6.190e-05 (1 inst); FixedFPTree_exp7_mant7_out7_vec4_range31: 2.550e-04 (1 inst); SNPS_CLOCK_GATE: 5.300e-06 (1 inst),2.5000,400.0,1059,0.372,0.0366,2048,1,5freq
baseline_act-E4M3_w-E2M3_UE6M2,baseline,E4M3,E2M3,UE6M2,400,true,0.0000,2477.286002,CustomOperator_E4M3_to_E2M3_0: 44.8560 (1 inst); CustomOperator_E4M3_to_E2M3_1: 45.6120 (1 inst); CustomOperator_E4M3_to_E2M3_2: 53.4240 (1 inst); CustomOperator_E4M3_to_E2M3_3: 52.1640 (1 inst); FPNAdder: 474.7680 (1 inst); FixedFPTree_exp7_mant8_out11_vec4_range16: 1303.8480 (1 inst); SNPS_CLOCK_GATE: 1.8900 (1 inst); ScaleAddition_E4M3_to_E2M3_scale_UE6M2_wide11: 263.9700 (1 inst); ScaleToFP14b_E4M3_x_E2M3_UE6M2_wide17: 167.0760 (1 inst),1.144000e-03,CustomOperator_E4M3_to_E2M3_0: 1.540e-05 (1 inst); CustomOperator_E4M3_to_E2M3_1: 1.560e-05 (1 inst); CustomOperator_E4M3_to_E2M3_2: 1.770e-05 (1 inst); CustomOperator_E4M3_to_E2M3_3: 1.720e-05 (1 inst); FPNAdder: 1.950e-04 (1 inst); FixedFPTree_exp7_mant8_out11_vec4_range16: 6.320e-04 (1 inst); SNPS_CLOCK_GATE: 5.880e-07 (1 inst); ScaleAddition_E4M3_to_E2M3_scale_UE6M2_wide11: 1.480e-04 (1 inst); ScaleToFP14b_E4M3_x_E2M3_UE6M2_wide17: 9.000e-05 (1 inst),5.725000e-04,CustomOperator_E4M3_to_E2M3_0: 1.650e-05 (1 inst); CustomOperator_E4M3_to_E2M3_1: 1.630e-05 (1 inst); CustomOperator_E4M3_to_E2M3_2: 1.870e-05 (1 inst); CustomOperator_E4M3_to_E2M3_3: 1.770e-05 (1 inst); FPNAdder: 9.110e-05 (1 inst); FixedFPTree_exp7_mant8_out11_vec4_range16: 2.610e-04 (1 inst); SNPS_CLOCK_GATE: 5.180e-06 (1 inst); ScaleAddition_E4M3_to_E2M3_scale_UE6M2_wide11: 6.050e-05 (1 inst); ScaleToFP14b_E4M3_x_E2M3_UE6M2_wide17: 3.480e-05 (1 inst),2.5000,400.0,1059,0.372,0.0366,2048,1,5freq
baseline_act-E4M3_w-E3M2_UE7M1,baseline,E4M3,E3M2,UE7M1,400,true,0.0000,2498.454000,CustomOperator_E4M3_to_E3M2_0: 41.7060 (1 inst); CustomOperator_E4M3_to_E3M2_1: 42.8400 (1 inst); CustomOperator_E4M3_to_E3M2_2: 54.6840 (1 inst); CustomOperator_E4M3_to_E3M2_3: 51.6600 (1 inst); FPNAdder: 477.0360 (1 inst); FixedFPTree_exp7_mant7_out13_vec4_range20: 1374.2820 (1 inst); SNPS_CLOCK_GATE: 1.8900 (1 inst); ScaleAddition_E4M3_to_E3M2_scale_UE7M1_wide13: 195.4260 (1 inst); ScaleToFP14b_E4M3_x_E3M2_UE7M1_wide17: 187.7400 (1 inst),1.020000e-03,CustomOperator_E4M3_to_E3M2_0: 1.490e-05 (1 inst); CustomOperator_E4M3_to_E3M2_1: 1.580e-05 (1 inst); CustomOperator_E4M3_to_E3M2_2: 1.830e-05 (1 inst); CustomOperator_E4M3_to_E3M2_3: 1.800e-05 (1 inst); FPNAdder: 1.990e-04 (1 inst); FixedFPTree_exp7_mant7_out13_vec4_range20: 5.360e-04 (1 inst); SNPS_CLOCK_GATE: 5.830e-07 (1 inst); ScaleAddition_E4M3_to_E3M2_scale_UE7M1_wide13: 1.080e-04 (1 inst); ScaleToFP14b_E4M3_x_E3M2_UE7M1_wide17: 9.730e-05 (1 inst),5.338000e-04,CustomOperator_E4M3_to_E3M2_0: 1.390e-05 (1 inst); CustomOperator_E4M3_to_E3M2_1: 1.430e-05 (1 inst); CustomOperator_E4M3_to_E3M2_2: 1.720e-05 (1 inst); CustomOperator_E4M3_to_E3M2_3: 1.620e-05 (1 inst); FPNAdder: 8.980e-05 (1 inst); FixedFPTree_exp7_mant7_out13_vec4_range20: 2.490e-04 (1 inst); SNPS_CLOCK_GATE: 5.180e-06 (1 inst); ScaleAddition_E4M3_to_E3M2_scale_UE7M1_wide13: 4.080e-05 (1 inst); ScaleToFP14b_E4M3_x_E3M2_UE7M1_wide17: 3.900e-05 (1 inst),2.5000,400.0,1059,0.372,0.0366,2048,1,5freq
baseline_act-E4M3_w-E2M3_UE4M3,baseline,E4M3,E2M3,UE4M3,400,true,0.0000,2545.200003,CustomOperator_E4M3_to_E2M3_0: 45.2340 (1 inst); CustomOperator_E4M3_to_E2M3_1: 44.8560 (1 inst); CustomOperator_E4M3_to_E2M3_2: 51.9120 (1 inst); CustomOperator_E4M3_to_E2M3_3: 52.6680 (1 inst); FPNAdder: 504.2520 (1 inst); FixedFPTree_exp7_mant8_out9_vec4_range16: 1306.4940 (1 inst); SNPS_CLOCK_GATE: 1.8900 (1 inst); ScaleAddition_E4M3_to_E2M3_scale_UE4M3_wide9: 277.0740 (1 inst); ScaleToFP14b_E4M3_x_E2M3_UE4M3_wide17: 181.4400 (1 inst),1.148000e-03,CustomOperator_E4M3_to_E2M3_0: 1.550e-05 (1 inst); CustomOperator_E4M3_to_E2M3_1: 1.610e-05 (1 inst); CustomOperator_E4M3_to_E2M3_2: 1.730e-05 (1 inst); CustomOperator_E4M3_to_E2M3_3: 1.710e-05 (1 inst); FPNAdder: 2.090e-04 (1 inst); FixedFPTree_exp7_mant8_out9_vec4_range16: 6.110e-04 (1 inst); SNPS_CLOCK_GATE: 5.850e-07 (1 inst); ScaleAddition_E4M3_to_E2M3_scale_UE4M3_wide9: 1.600e-04 (1 inst); ScaleToFP14b_E4M3_x_E2M3_UE4M3_wide17: 8.730e-05 (1 inst),5.922000e-04,CustomOperator_E4M3_to_E2M3_0: 1.660e-05 (1 inst); CustomOperator_E4M3_to_E2M3_1: 1.670e-05 (1 inst); CustomOperator_E4M3_to_E2M3_2: 1.860e-05 (1 inst); CustomOperator_E4M3_to_E2M3_3: 1.810e-05 (1 inst); FPNAdder: 9.880e-05 (1 inst); FixedFPTree_exp7_mant8_out9_vec4_range16: 2.700e-04 (1 inst); SNPS_CLOCK_GATE: 5.180e-06 (1 inst); ScaleAddition_E4M3_to_E2M3_scale_UE4M3_wide9: 6.090e-05 (1 inst); ScaleToFP14b_E4M3_x_E2M3_UE4M3_wide17: 3.320e-05 (1 inst),2.5000,400.0,1059,0.372,0.0366,2048,1,5freq
baseline_act-E4M3_w-E2M3_UE5M3,baseline,E4M3,E2M3,UE5M3,400,true,0.0000,2553.012001,CustomOperator_E4M3_to_E2M3_0: 45.3600 (1 inst); CustomOperator_E4M3_to_E2M3_1: 44.8560 (1 inst); CustomOperator_E4M3_to_E2M3_2: 53.0460 (1 inst); CustomOperator_E4M3_to_E2M3_3: 53.1720 (1 inst); FPNAdder: 503.7480 (1 inst); FixedFPTree_exp7_mant8_out9_vec4_range16: 1306.7460 (1 inst); SNPS_CLOCK_GATE: 1.8900 (1 inst); ScaleAddition_E4M3_to_E2M3_scale_UE5M3_wide9: 287.0280 (1 inst); ScaleToFP14b_E4M3_x_E2M3_UE5M3_wide17: 177.7860 (1 inst),1.161000e-03,CustomOperator_E4M3_to_E2M3_0: 1.570e-05 (1 inst); CustomOperator_E4M3_to_E2M3_1: 1.620e-05 (1 inst); CustomOperator_E4M3_to_E2M3_2: 1.770e-05 (1 inst); CustomOperator_E4M3_to_E2M3_3: 1.730e-05 (1 inst); FPNAdder: 2.110e-04 (1 inst); FixedFPTree_exp7_mant8_out9_vec4_range16: 6.110e-04 (1 inst); SNPS_CLOCK_GATE: 5.930e-07 (1 inst); ScaleAddition_E4M3_to_E2M3_scale_UE5M3_wide9: 1.680e-04 (1 inst); ScaleToFP14b_E4M3_x_E2M3_UE5M3_wide17: 8.820e-05 (1 inst),6.069000e-04,CustomOperator_E4M3_to_E2M3_0: 1.680e-05 (1 inst); CustomOperator_E4M3_to_E2M3_1: 1.680e-05 (1 inst); CustomOperator_E4M3_to_E2M3_2: 1.890e-05 (1 inst); CustomOperator_E4M3_to_E2M3_3: 1.850e-05 (1 inst); FPNAdder: 1.010e-04 (1 inst); FixedFPTree_exp7_mant8_out9_vec4_range16: 2.690e-04 (1 inst); SNPS_CLOCK_GATE: 5.180e-06 (1 inst); ScaleAddition_E4M3_to_E2M3_scale_UE5M3_wide9: 7.460e-05 (1 inst); ScaleToFP14b_E4M3_x_E2M3_UE5M3_wide17: 3.370e-05 (1 inst),2.5000,400.0,1059,0.372,0.0366,2048,1,5freq
baseline_act-E5M2_w-E3M2_UE8M0,baseline,E5M2,E3M2,UE8M0,400,true,0.0000,2560.950003,CustomOperator_E5M2_to_E3M2_0: 39.3120 (1 inst); CustomOperator_E5M2_to_E3M2_1: 39.9420 (1 inst); CustomOperator_E5M2_to_E3M2_2: 41.8320 (1 inst); CustomOperator_E5M2_to_E3M2_3: 42.3360 (1 inst); DirectToFP15b_E5M2_x_E3M2_UE8M0: 58.9680 (1 inst); FPNAdder: 426.1320 (1 inst); FixedFPTree_exp7_mant6_out6_vec4_range35: 1839.0960 (1 inst); SNPS_CLOCK_GATE: 1.8900 (1 inst),8.576000e-04,CustomOperator_E5M2_to_E3M2_0: 1.310e-05 (1 inst); CustomOperator_E5M2_to_E3M2_1: 1.350e-05 (1 inst); CustomOperator_E5M2_to_E3M2_2: 1.340e-05 (1 inst); CustomOperator_E5M2_to_E3M2_3: 1.350e-05 (1 inst); DirectToFP15b_E5M2_x_E3M2_UE8M0: 2.940e-05 (1 inst); FPNAdder: 1.230e-04 (1 inst); FixedFPTree_exp7_mant6_out6_vec4_range35: 6.440e-04 (1 inst); SNPS_CLOCK_GATE: 6.000e-07 (1 inst),4.118000e-04,CustomOperator_E5M2_to_E3M2_0: 1.200e-05 (1 inst); CustomOperator_E5M2_to_E3M2_1: 1.240e-05 (1 inst); CustomOperator_E5M2_to_E3M2_2: 1.270e-05 (1 inst); CustomOperator_E5M2_to_E3M2_3: 1.250e-05 (1 inst); DirectToFP15b_E5M2_x_E3M2_UE8M0: 6.310e-06 (1 inst); FPNAdder: 5.650e-05 (1 inst); FixedFPTree_exp7_mant6_out6_vec4_range35: 2.490e-04 (1 inst); SNPS_CLOCK_GATE: 5.300e-06 (1 inst),2.5000,400.0,1059,0.372,0.0366,2048,1,5freq
baseline_act-E4M3_w-E3M2_UE6M2,baseline,E4M3,E3M2,UE6M2,400,true,0.0000,2639.322001,CustomOperator_E4M3_to_E3M2_0: 41.0760 (1 inst); CustomOperator_E4M3_to_E3M2_1: 42.9660 (1 inst); CustomOperator_E4M3_to_E3M2_2: 51.5340 (1 inst); CustomOperator_E4M3_to_E3M2_3: 49.2660 (1 inst); FPNAdder: 490.0140 (1 inst); FixedFPTree_exp7_mant7_out11_vec4_range20: 1440.3060 (1 inst); SNPS_CLOCK_GATE: 1.8900 (1 inst); ScaleAddition_E4M3_to_E3M2_scale_UE6M2_wide11: 271.4040 (1 inst); ScaleToFP14b_E4M3_x_E3M2_UE6M2_wide17: 179.8020 (1 inst),1.108000e-03,CustomOperator_E4M3_to_E3M2_0: 1.460e-05 (1 inst); CustomOperator_E4M3_to_E3M2_1: 1.570e-05 (1 inst); CustomOperator_E4M3_to_E3M2_2: 1.810e-05 (1 inst); CustomOperator_E4M3_to_E3M2_3: 1.720e-05 (1 inst); FPNAdder: 2.010e-04 (1 inst); FixedFPTree_exp7_mant7_out11_vec4_range20: 5.770e-04 (1 inst); SNPS_CLOCK_GATE: 5.850e-07 (1 inst); ScaleAddition_E4M3_to_E3M2_scale_UE6M2_wide11: 1.560e-04 (1 inst); ScaleToFP14b_E4M3_x_E3M2_UE6M2_wide17: 9.590e-05 (1 inst),5.740000e-04,CustomOperator_E4M3_to_E3M2_0: 1.370e-05 (1 inst); CustomOperator_E4M3_to_E3M2_1: 1.420e-05 (1 inst); CustomOperator_E4M3_to_E3M2_2: 1.660e-05 (1 inst); CustomOperator_E4M3_to_E3M2_3: 1.540e-05 (1 inst); FPNAdder: 9.750e-05 (1 inst); FixedFPTree_exp7_mant7_out11_vec4_range20: 2.700e-04 (1 inst); SNPS_CLOCK_GATE: 5.180e-06 (1 inst); ScaleAddition_E4M3_to_E3M2_scale_UE6M2_wide11: 5.220e-05 (1 inst); ScaleToFP14b_E4M3_x_E3M2_UE6M2_wide17: 3.940e-05 (1 inst),2.5000,400.0,1059,0.372,0.0366,2048,1,5freq
baseline_act-E4M3_w-E3M2_UE4M3,baseline,E4M3,E3M2,UE4M3,400,true,0.0000,2665.152001,CustomOperator_E4M3_to_E3M2_0: 41.4540 (1 inst); CustomOperator_E4M3_to_E3M2_1: 43.3440 (1 inst); CustomOperator_E4M3_to_E3M2_2: 53.0460 (1 inst); CustomOperator_E4M3_to_E3M2_3: 50.2740 (1 inst); FPNAdder: 505.5120 (1 inst); FixedFPTree_exp7_mant7_out9_vec4_range20: 1420.2720 (1 inst); SNPS_CLOCK_GATE: 1.8900 (1 inst); ScaleAddition_E4M3_to_E3M2_scale_UE4M3_wide9: 285.8940 (1 inst); ScaleToFP14b_E4M3_x_E3M2_UE4M3_wide17: 189.2520 (1 inst),1.149000e-03,CustomOperator_E4M3_to_E3M2_0: 1.470e-05 (1 inst); CustomOperator_E4M3_to_E3M2_1: 1.610e-05 (1 inst); CustomOperator_E4M3_to_E3M2_2: 1.820e-05 (1 inst); CustomOperator_E4M3_to_E3M2_3: 1.750e-05 (1 inst); FPNAdder: 2.040e-04 (1 inst); FixedFPTree_exp7_mant7_out9_vec4_range20: 6.060e-04 (1 inst); SNPS_CLOCK_GATE: 5.890e-07 (1 inst); ScaleAddition_E4M3_to_E3M2_scale_UE4M3_wide9: 1.650e-04 (1 inst); ScaleToFP14b_E4M3_x_E3M2_UE4M3_wide17: 9.400e-05 (1 inst),5.745000e-04,CustomOperator_E4M3_to_E3M2_0: 1.390e-05 (1 inst); CustomOperator_E4M3_to_E3M2_1: 1.440e-05 (1 inst); CustomOperator_E4M3_to_E3M2_2: 1.660e-05 (1 inst); CustomOperator_E4M3_to_E3M2_3: 1.550e-05 (1 inst); FPNAdder: 9.430e-05 (1 inst); FixedFPTree_exp7_mant7_out9_vec4_range20: 2.720e-04 (1 inst); SNPS_CLOCK_GATE: 5.180e-06 (1 inst); ScaleAddition_E4M3_to_E3M2_scale_UE4M3_wide9: 5.350e-05 (1 inst); ScaleToFP14b_E4M3_x_E3M2_UE4M3_wide17: 3.750e-05 (1 inst),2.5000,400.0,1059,0.372,0.0366,2048,1,5freq
baseline_act-E4M3_w-E2M3_UE4M4,baseline,E4M3,E2M3,UE4M4,400,true,0.0000,2667.798001,CustomOperator_E4M3_to_E2M3_0: 45.1080 (1 inst); CustomOperator_E4M3_to_E2M3_1: 46.1160 (1 inst); CustomOperator_E4M3_to_E2M3_2: 53.6760 (1 inst); CustomOperator_E4M3_to_E2M3_3: 52.5420 (1 inst); FPNAdder: 497.9520 (1 inst); FixedFPTree_exp7_mant8_out8_vec4_range16: 1349.3340 (1 inst); SNPS_CLOCK_GATE: 1.8900 (1 inst); ScaleAddition_E4M3_to_E2M3_scale_UE4M4_wide8: 352.4220 (1 inst); ScaleToFP14b_E4M3_x_E2M3_UE4M4_wide18: 197.6940 (1 inst),1.223000e-03,CustomOperator_E4M3_to_E2M3_0: 1.630e-05 (1 inst); CustomOperator_E4M3_to_E2M3_1: 1.640e-05 (1 inst); CustomOperator_E4M3_to_E2M3_2: 1.820e-05 (1 inst); CustomOperator_E4M3_to_E2M3_3: 1.760e-05 (1 inst); FPNAdder: 1.970e-04 (1 inst); FixedFPTree_exp7_mant8_out8_vec4_range16: 6.330e-04 (1 inst); SNPS_CLOCK_GATE: 5.880e-07 (1 inst); ScaleAddition_E4M3_to_E2M3_scale_UE4M4_wide8: 2.080e-04 (1 inst); ScaleToFP14b_E4M3_x_E2M3_UE4M4_wide18: 1.050e-04 (1 inst),6.402000e-04,CustomOperator_E4M3_to_E2M3_0: 1.720e-05 (1 inst); CustomOperator_E4M3_to_E2M3_1: 1.690e-05 (1 inst); CustomOperator_E4M3_to_E2M3_2: 1.950e-05 (1 inst); CustomOperator_E4M3_to_E2M3_3: 1.790e-05 (1 inst); FPNAdder: 9.530e-05 (1 inst); FixedFPTree_exp7_mant8_out8_vec4_range16: 2.810e-04 (1 inst); SNPS_CLOCK_GATE: 5.180e-06 (1 inst); ScaleAddition_E4M3_to_E2M3_scale_UE4M4_wide8: 9.530e-05 (1 inst); ScaleToFP14b_E4M3_x_E2M3_UE4M4_wide18: 4.080e-05 (1 inst),2.5000,400.0,1059,0.372,0.0366,2048,1,5freq
baseline_act-E4M3_w-E3M2_UE5M3,baseline,E4M3,E3M2,UE5M3,400,true,0.0000,2682.036001,CustomOperator_E4M3_to_E3M2_0: 41.7060 (1 inst); CustomOperator_E4M3_to_E3M2_1: 43.2180 (1 inst); CustomOperator_E4M3_to_E3M2_2: 54.0540 (1 inst); CustomOperator_E4M3_to_E3M2_3: 56.9520 (1 inst); FPNAdder: 500.4720 (1 inst); FixedFPTree_exp7_mant7_out9_vec4_range20: 1424.0520 (1 inst); SNPS_CLOCK_GATE: 1.8900 (1 inst); ScaleAddition_E4M3_to_E3M2_scale_UE5M3_wide9: 294.3360 (1 inst); ScaleToFP14b_E4M3_x_E3M2_UE5M3_wide17: 191.2680 (1 inst),1.165000e-03,CustomOperator_E4M3_to_E3M2_0: 1.480e-05 (1 inst); CustomOperator_E4M3_to_E3M2_1: 1.600e-05 (1 inst); CustomOperator_E4M3_to_E3M2_2: 1.890e-05 (1 inst); CustomOperator_E4M3_to_E3M2_3: 1.910e-05 (1 inst); FPNAdder: 2.050e-04 (1 inst); FixedFPTree_exp7_mant7_out9_vec4_range20: 6.100e-04 (1 inst); SNPS_CLOCK_GATE: 5.820e-07 (1 inst); ScaleAddition_E4M3_to_E3M2_scale_UE5M3_wide9: 1.730e-04 (1 inst); ScaleToFP14b_E4M3_x_E3M2_UE5M3_wide17: 9.440e-05 (1 inst),5.708000e-04,CustomOperator_E4M3_to_E3M2_0: 1.400e-05 (1 inst); CustomOperator_E4M3_to_E3M2_1: 1.430e-05 (1 inst); CustomOperator_E4M3_to_E3M2_2: 1.730e-05 (1 inst); CustomOperator_E4M3_to_E3M2_3: 1.720e-05 (1 inst); FPNAdder: 9.090e-05 (1 inst); FixedFPTree_exp7_mant7_out9_vec4_range20: 2.690e-04 (1 inst); SNPS_CLOCK_GATE: 5.180e-06 (1 inst); ScaleAddition_E4M3_to_E3M2_scale_UE5M3_wide9: 5.650e-05 (1 inst); ScaleToFP14b_E4M3_x_E3M2_UE5M3_wide17: 3.640e-05 (1 inst),2.5000,400.0,1059,0.372,0.0366,2048,1,5freq
baseline_act-INT8_w-E5M2_UE8M0,baseline,INT8,E5M2,UE8M0,400,true,0.0000,2774.267999,CustomOperator_INT8_to_E5M2_0: 57.9600 (1 inst); CustomOperator_INT8_to_E5M2_1: 58.5900 (1 inst); CustomOperator_INT8_to_E5M2_2: 60.3540 (1 inst); CustomOperator_INT8_to_E5M2_3: 61.2360 (1 inst); DirectToFP19b_INT8_x_E5M2_UE8M0: 70.5600 (1 inst); FPNAdder: 522.0180 (1 inst); FixedFPTree_exp8_mant10_out10_vec4_range29: 1858.5000 (1 inst); SNPS_CLOCK_GATE: 1.8900 (1 inst),1.088000e-03,CustomOperator_INT8_to_E5M2_0: 2.220e-05 (1 inst); CustomOperator_INT8_to_E5M2_1: 2.150e-05 (1 inst); CustomOperator_INT8_to_E5M2_2: 2.220e-05 (1 inst); CustomOperator_INT8_to_E5M2_3: 2.310e-05 (1 inst); DirectToFP19b_INT8_x_E5M2_UE8M0: 3.460e-05 (1 inst); FPNAdder: 1.680e-04 (1 inst); FixedFPTree_exp8_mant10_out10_vec4_range29: 7.860e-04 (1 inst); SNPS_CLOCK_GATE: 6.580e-07 (1 inst),5.163000e-04,CustomOperator_INT8_to_E5M2_0: 1.950e-05 (1 inst); CustomOperator_INT8_to_E5M2_1: 1.800e-05 (1 inst); CustomOperator_INT8_to_E5M2_2: 1.940e-05 (1 inst); CustomOperator_INT8_to_E5M2_3: 1.970e-05 (1 inst); DirectToFP19b_INT8_x_E5M2_UE8M0: 7.930e-06 (1 inst); FPNAdder: 7.870e-05 (1 inst); FixedFPTree_exp8_mant10_out10_vec4_range29: 2.930e-04 (1 inst); SNPS_CLOCK_GATE: 5.810e-06 (1 inst),2.5000,400.0,1059,0.372,0.0366,2048,1,5freq
baseline_act-E4M3_w-E3M2_UE4M4,baseline,E4M3,E3M2,UE4M4,400,true,0.0000,2813.580000,CustomOperator_E4M3_to_E3M2_0: 41.3280 (1 inst); CustomOperator_E4M3_to_E3M2_1: 42.8400 (1 inst); CustomOperator_E4M3_to_E3M2_2: 68.0400 (1 inst); CustomOperator_E4M3_to_E3M2_3: 73.2060 (1 inst); FPNAdder: 506.5200 (1 inst); FixedFPTree_exp7_mant7_out7_vec4_range20: 1477.4760 (1 inst); SNPS_CLOCK_GATE: 1.8900 (1 inst); ScaleAddition_E4M3_to_E3M2_scale_UE4M4_wide7: 337.0500 (1 inst); ScaleToFP14b_E4M3_x_E3M2_UE4M4_wide17: 192.9060 (1 inst),1.192000e-03,CustomOperator_E4M3_to_E3M2_0: 1.490e-05 (1 inst); CustomOperator_E4M3_to_E3M2_1: 1.650e-05 (1 inst); CustomOperator_E4M3_to_E3M2_2: 2.320e-05 (1 inst); CustomOperator_E4M3_to_E3M2_3: 2.370e-05 (1 inst); FPNAdder: 2.030e-04 (1 inst); FixedFPTree_exp7_mant7_out7_vec4_range20: 6.000e-04 (1 inst); SNPS_CLOCK_GATE: 5.880e-07 (1 inst); ScaleAddition_E4M3_to_E3M2_scale_UE4M4_wide7: 1.990e-04 (1 inst); ScaleToFP14b_E4M3_x_E3M2_UE4M4_wide17: 1.000e-04 (1 inst),6.259000e-04,CustomOperator_E4M3_to_E3M2_0: 1.410e-05 (1 inst); CustomOperator_E4M3_to_E3M2_1: 1.490e-05 (1 inst); CustomOperator_E4M3_to_E3M2_2: 2.140e-05 (1 inst); CustomOperator_E4M3_to_E3M2_3: 2.120e-05 (1 inst); FPNAdder: 9.560e-05 (1 inst); FixedFPTree_exp7_mant7_out7_vec4_range20: 2.870e-04 (1 inst); SNPS_CLOCK_GATE: 5.180e-06 (1 inst); ScaleAddition_E4M3_to_E3M2_scale_UE4M4_wide7: 7.920e-05 (1 inst); ScaleToFP14b_E4M3_x_E3M2_UE4M4_wide17: 3.740e-05 (1 inst),2.5000,400.0,1059,0.372,0.0366,2048,1,5freq
baseline_act-E5M2_w-E2M1_UE7M1,baseline,E5M2,E2M1,UE7M1,400,true,0.0000,2932.398005,CustomOperator_E5M2_to_E2M1_0: 21.4200 (1 inst); CustomOperator_E5M2_to_E2M1_1: 21.9240 (1 inst); CustomOperator_E5M2_to_E2M1_2: 28.2240 (1 inst); CustomOperator_E5M2_to_E2M1_3: 29.4840 (1 inst); FPNAdder: 523.4040 (1 inst); FixedFPTree_exp8_mant5_out14_vec4_range31: 1814.4000 (1 inst); SNPS_CLOCK_GATE: 1.8900 (1 inst); ScaleAddition_E5M2_to_E2M1_scale_UE7M1_wide14: 215.2080 (1 inst); ScaleToFP15b_E5M2_x_E2M1_UE7M1_wide18: 199.4580 (1 inst),1.098000e-03,CustomOperator_E5M2_to_E2M1_0: 7.390e-06 (1 inst); CustomOperator_E5M2_to_E2M1_1: 8.040e-06 (1 inst); CustomOperator_E5M2_to_E2M1_2: 8.920e-06 (1 inst); CustomOperator_E5M2_to_E2M1_3: 9.200e-06 (1 inst); FPNAdder: 2.040e-04 (1 inst); FixedFPTree_exp8_mant5_out14_vec4_range31: 6.510e-04 (1 inst); SNPS_CLOCK_GATE: 6.040e-07 (1 inst); ScaleAddition_E5M2_to_E2M1_scale_UE7M1_wide14: 1.070e-04 (1 inst); ScaleToFP15b_E5M2_x_E2M1_UE7M1_wide18: 8.940e-05 (1 inst),4.973000e-04,CustomOperator_E5M2_to_E2M1_0: 8.360e-06 (1 inst); CustomOperator_E5M2_to_E2M1_1: 9.050e-06 (1 inst); CustomOperator_E5M2_to_E2M1_2: 1.010e-05 (1 inst); CustomOperator_E5M2_to_E2M1_3: 1.020e-05 (1 inst); FPNAdder: 8.600e-05 (1 inst); FixedFPTree_exp8_mant5_out14_vec4_range31: 2.530e-04 (1 inst); SNPS_CLOCK_GATE: 5.300e-06 (1 inst); ScaleAddition_E5M2_to_E2M1_scale_UE7M1_wide14: 3.470e-05 (1 inst); ScaleToFP15b_E5M2_x_E2M1_UE7M1_wide18: 3.180e-05 (1 inst),2.5000,400.0,1059,0.372,0.0366,2048,1,5freq
baseline_act-E4M3_w-E4M3_UE7M1,baseline,E4M3,E4M3,UE7M1,400,true,0.0000,2997.666002,CustomOperator_E4M3_to_E4M3_0: 55.8180 (1 inst); CustomOperator_E4M3_to_E4M3_1: 58.5900 (1 inst); CustomOperator_E4M3_to_E4M3_2: 64.3860 (1 inst); CustomOperator_E4M3_to_E4M3_3: 64.7640 (1 inst); FPNAdder: 493.9200 (1 inst); FixedFPTree_exp7_mant8_out13_vec4_range28: 1805.2020 (1 inst); SNPS_CLOCK_GATE: 1.8900 (1 inst); ScaleAddition_E4M3_to_E4M3_scale_UE7M1_wide13: 199.2060 (1 inst); ScaleToFP14b_E4M3_x_E4M3_UE7M1_wide17: 181.0620 (1 inst),1.187000e-03,CustomOperator_E4M3_to_E4M3_0: 2.000e-05 (1 inst); CustomOperator_E4M3_to_E4M3_1: 2.120e-05 (1 inst); CustomOperator_E4M3_to_E4M3_2: 2.310e-05 (1 inst); CustomOperator_E4M3_to_E4M3_3: 2.360e-05 (1 inst); FPNAdder: 2.120e-04 (1 inst); FixedFPTree_exp7_mant8_out13_vec4_range28: 6.720e-04 (1 inst); SNPS_CLOCK_GATE: 5.960e-07 (1 inst); ScaleAddition_E4M3_to_E4M3_scale_UE7M1_wide13: 1.110e-04 (1 inst); ScaleToFP14b_E4M3_x_E4M3_UE7M1_wide17: 9.160e-05 (1 inst),6.077000e-04,CustomOperator_E4M3_to_E4M3_0: 1.860e-05 (1 inst); CustomOperator_E4M3_to_E4M3_1: 1.930e-05 (1 inst); CustomOperator_E4M3_to_E4M3_2: 2.130e-05 (1 inst); CustomOperator_E4M3_to_E4M3_3: 2.050e-05 (1 inst); FPNAdder: 9.780e-05 (1 inst); FixedFPTree_exp7_mant8_out13_vec4_range28: 2.940e-04 (1 inst); SNPS_CLOCK_GATE: 5.180e-06 (1 inst); ScaleAddition_E4M3_to_E4M3_scale_UE7M1_wide13: 4.430e-05 (1 inst); ScaleToFP14b_E4M3_x_E4M3_UE7M1_wide17: 3.620e-05 (1 inst),2.5000,400.0,1059,0.372,0.0366,2048,1,5freq
baseline_act-E5M2_w-E4M3_UE8M0,baseline,E5M2,E4M3,UE8M0,400,true,0.0000,3022.866002,CustomOperator_E5M2_to_E4M3_0: 48.7620 (1 inst); CustomOperator_E5M2_to_E4M3_1: 50.0220 (1 inst); CustomOperator_E5M2_to_E4M3_2: 48.2580 (1 inst); CustomOperator_E5M2_to_E4M3_3: 46.6200 (1 inst); DirectToFP15b_E5M2_x_E4M3_UE8M0: 64.3860 (1 inst); FPNAdder: 430.9200 (1 inst); FixedFPTree_exp7_mant7_out7_vec4_range43: 2259.8100 (1 inst); SNPS_CLOCK_GATE: 1.8900 (1 inst),1.007000e-03,CustomOperator_E5M2_to_E4M3_0: 1.760e-05 (1 inst); CustomOperator_E5M2_to_E4M3_1: 1.880e-05 (1 inst); CustomOperator_E5M2_to_E4M3_2: 1.640e-05 (1 inst); CustomOperator_E5M2_to_E4M3_3: 1.620e-05 (1 inst); DirectToFP15b_E5M2_x_E4M3_UE8M0: 3.240e-05 (1 inst); FPNAdder: 1.300e-04 (1 inst); FixedFPTree_exp7_mant7_out7_vec4_range43: 7.680e-04 (1 inst); SNPS_CLOCK_GATE: 5.980e-07 (1 inst),4.610000e-04,CustomOperator_E5M2_to_E4M3_0: 1.530e-05 (1 inst); CustomOperator_E5M2_to_E4M3_1: 1.660e-05 (1 inst); CustomOperator_E5M2_to_E4M3_2: 1.520e-05 (1 inst); CustomOperator_E5M2_to_E4M3_3: 1.440e-05 (1 inst); DirectToFP15b_E5M2_x_E4M3_UE8M0: 6.670e-06 (1 inst); FPNAdder: 6.000e-05 (1 inst); FixedFPTree_exp7_mant7_out7_vec4_range43: 2.810e-04 (1 inst); SNPS_CLOCK_GATE: 5.300e-06 (1 inst),2.5000,400.0,1059,0.372,0.0366,2048,1,5freq
baseline_act-INT8_w-E4M3_UE7M1,baseline,INT8,E4M3,UE7M1,400,true,0.0000,3041.640001,CustomOperator_INT8_to_E4M3_0: 72.8280 (1 inst); CustomOperator_INT8_to_E4M3_1: 74.8440 (1 inst); CustomOperator_INT8_to_E4M3_2: 77.2380 (1 inst); CustomOperator_INT8_to_E4M3_3: 79.0020 (1 inst); FPNAdder: 651.7980 (1 inst); FixedFPTree_exp8_mant11_out18_vec4_range14: 1490.3280 (1 inst); SNPS_CLOCK_GATE: 1.8900 (1 inst); ScaleAddition_INT8_to_E4M3_scale_UE7M1_wide18: 256.6620 (1 inst); ScaleToFP19b_INT8_x_E4M3_UE7M1_wide22: 233.2260 (1 inst),1.318000e-03,CustomOperator_INT8_to_E4M3_0: 3.000e-05 (1 inst); CustomOperator_INT8_to_E4M3_1: 3.010e-05 (1 inst); CustomOperator_INT8_to_E4M3_2: 3.080e-05 (1 inst); CustomOperator_INT8_to_E4M3_3: 3.160e-05 (1 inst); FPNAdder: 2.670e-04 (1 inst); FixedFPTree_exp8_mant11_out18_vec4_range14: 6.530e-04 (1 inst); SNPS_CLOCK_GATE: 6.520e-07 (1 inst); ScaleAddition_INT8_to_E4M3_scale_UE7M1_wide18: 1.470e-04 (1 inst); ScaleToFP19b_INT8_x_E4M3_UE7M1_wide22: 1.090e-04 (1 inst),7.042000e-04,CustomOperator_INT8_to_E4M3_0: 2.620e-05 (1 inst); CustomOperator_INT8_to_E4M3_1: 2.610e-05 (1 inst); CustomOperator_INT8_to_E4M3_2: 2.740e-05 (1 inst); CustomOperator_INT8_to_E4M3_3: 2.700e-05 (1 inst); FPNAdder: 1.170e-04 (1 inst); FixedFPTree_exp8_mant11_out18_vec4_range14: 3.210e-04 (1 inst); SNPS_CLOCK_GATE: 5.810e-06 (1 inst); ScaleAddition_INT8_to_E4M3_scale_UE7M1_wide18: 5.230e-05 (1 inst); ScaleToFP19b_INT8_x_E4M3_UE7M1_wide22: 4.260e-05 (1 inst),2.5000,400.0,1059,0.372,0.0366,2048,1,5freq
baseline_act-E5M2_w-E2M1_UE6M2,baseline,E5M2,E2M1,UE6M2,400,true,0.0000,3103.632004,CustomOperator_E5M2_to_E2M1_0: 22.6800 (1 inst); CustomOperator_E5M2_to_E2M1_1: 22.0500 (1 inst); CustomOperator_E5M2_to_E2M1_2: 30.2400 (1 inst); CustomOperator_E5M2_to_E2M1_3: 35.2800 (1 inst); FPNAdder: 550.6200 (1 inst); FixedFPTree_exp7_mant5_out12_vec4_range31: 1878.1560 (1 inst); SNPS_CLOCK_GATE: 1.8900 (1 inst); ScaleAddition_E5M2_to_E2M1_scale_UE6M2_wide12: 295.7220 (1 inst); ScaleToFP15b_E5M2_x_E2M1_UE6M2_wide18: 191.7720 (1 inst),1.226000e-03,CustomOperator_E5M2_to_E2M1_0: 8.020e-06 (1 inst); CustomOperator_E5M2_to_E2M1_1: 7.830e-06 (1 inst); CustomOperator_E5M2_to_E2M1_2: 1.030e-05 (1 inst); CustomOperator_E5M2_to_E2M1_3: 1.090e-05 (1 inst); FPNAdder: 2.250e-04 (1 inst); FixedFPTree_exp7_mant5_out12_vec4_range31: 6.970e-04 (1 inst); SNPS_CLOCK_GATE: 6.080e-07 (1 inst); ScaleAddition_E5M2_to_E2M1_scale_UE6M2_wide12: 1.590e-04 (1 inst); ScaleToFP15b_E5M2_x_E2M1_UE6M2_wide18: 9.520e-05 (1 inst),5.627000e-04,CustomOperator_E5M2_to_E2M1_0: 9.030e-06 (1 inst); CustomOperator_E5M2_to_E2M1_1: 8.960e-06 (1 inst); CustomOperator_E5M2_to_E2M1_2: 1.110e-05 (1 inst); CustomOperator_E5M2_to_E2M1_3: 1.150e-05 (1 inst); FPNAdder: 1.050e-04 (1 inst); FixedFPTree_exp7_mant5_out12_vec4_range31: 2.680e-04 (1 inst); SNPS_CLOCK_GATE: 5.300e-06 (1 inst); ScaleAddition_E5M2_to_E2M1_scale_UE6M2_wide12: 5.450e-05 (1 inst); ScaleToFP15b_E5M2_x_E2M1_UE6M2_wide18: 3.910e-05 (1 inst),2.5000,400.0,1059,0.372,0.0366,2048,1,5freq
baseline_act-E5M2_w-E2M3_UE7M1,baseline,E5M2,E2M3,UE7M1,400,true,0.0000,3134.754004,CustomOperator_E5M2_to_E2M3_0: 33.0120 (1 inst); CustomOperator_E5M2_to_E2M3_1: 33.1380 (1 inst); CustomOperator_E5M2_to_E2M3_2: 46.1160 (1 inst); CustomOperator_E5M2_to_E2M3_3: 46.9980 (1 inst); FPNAdder: 520.2540 (1 inst); FixedFPTree_exp8_mant7_out14_vec4_range31: 1952.8740 (1 inst); SNPS_CLOCK_GATE: 1.8900 (1 inst); ScaleAddition_E5M2_to_E2M3_scale_UE7M1_wide14: 219.8700 (1 inst); ScaleToFP15b_E5M2_x_E2M3_UE7M1_wide18: 208.0260 (1 inst),1.287000e-03,CustomOperator_E5M2_to_E2M3_0: 1.160e-05 (1 inst); CustomOperator_E5M2_to_E2M3_1: 1.180e-05 (1 inst); CustomOperator_E5M2_to_E2M3_2: 1.480e-05 (1 inst); CustomOperator_E5M2_to_E2M3_3: 1.420e-05 (1 inst); FPNAdder: 2.080e-04 (1 inst); FixedFPTree_exp8_mant7_out14_vec4_range31: 8.040e-04 (1 inst); SNPS_CLOCK_GATE: 6.020e-07 (1 inst); ScaleAddition_E5M2_to_E2M3_scale_UE7M1_wide14: 1.130e-04 (1 inst); ScaleToFP15b_E5M2_x_E2M3_UE7M1_wide18: 9.730e-05 (1 inst),5.698000e-04,CustomOperator_E5M2_to_E2M3_0: 1.250e-05 (1 inst); CustomOperator_E5M2_to_E2M3_1: 1.270e-05 (1 inst); CustomOperator_E5M2_to_E2M3_2: 1.500e-05 (1 inst); CustomOperator_E5M2_to_E2M3_3: 1.480e-05 (1 inst); FPNAdder: 9.160e-05 (1 inst); FixedFPTree_exp8_mant7_out14_vec4_range31: 2.890e-04 (1 inst); SNPS_CLOCK_GATE: 5.300e-06 (1 inst); ScaleAddition_E5M2_to_E2M3_scale_UE7M1_wide14: 4.210e-05 (1 inst); ScaleToFP15b_E5M2_x_E2M3_UE7M1_wide18: 3.650e-05 (1 inst),2.5000,400.0,1059,0.372,0.0366,2048,1,5freq
baseline_act-E4M3_w-E4M3_UE6M2,baseline,E4M3,E4M3,UE6M2,400,true,0.0000,3193.722002,CustomOperator_E4M3_to_E4M3_0: 55.9440 (1 inst); CustomOperator_E4M3_to_E4M3_1: 58.7160 (1 inst); CustomOperator_E4M3_to_E4M3_2: 66.7800 (1 inst); CustomOperator_E4M3_to_E4M3_3: 65.7720 (1 inst); FPNAdder: 512.1900 (1 inst); FixedFPTree_exp7_mant8_out11_vec4_range28: 1893.6540 (1 inst); SNPS_CLOCK_GATE: 1.8900 (1 inst); ScaleAddition_E4M3_to_E4M3_scale_UE6M2_wide11: 278.2080 (1 inst); ScaleToFP14b_E4M3_x_E4M3_UE6M2_wide17: 185.7240 (1 inst),1.308000e-03,CustomOperator_E4M3_to_E4M3_0: 2.040e-05 (1 inst); CustomOperator_E4M3_to_E4M3_1: 2.140e-05 (1 inst); CustomOperator_E4M3_to_E4M3_2: 2.430e-05 (1 inst); CustomOperator_E4M3_to_E4M3_3: 2.370e-05 (1 inst); FPNAdder: 2.120e-04 (1 inst); FixedFPTree_exp7_mant8_out11_vec4_range28: 7.290e-04 (1 inst); SNPS_CLOCK_GATE: 5.830e-07 (1 inst); ScaleAddition_E4M3_to_E4M3_scale_UE6M2_wide11: 1.630e-04 (1 inst); ScaleToFP14b_E4M3_x_E4M3_UE6M2_wide17: 1.010e-04 (1 inst),6.532000e-04,CustomOperator_E4M3_to_E4M3_0: 1.890e-05 (1 inst); CustomOperator_E4M3_to_E4M3_1: 1.970e-05 (1 inst); CustomOperator_E4M3_to_E4M3_2: 2.220e-05 (1 inst); CustomOperator_E4M3_to_E4M3_3: 2.040e-05 (1 inst); FPNAdder: 9.650e-05 (1 inst); FixedFPTree_exp7_mant8_out11_vec4_range28: 3.230e-04 (1 inst); SNPS_CLOCK_GATE: 5.180e-06 (1 inst); ScaleAddition_E4M3_to_E4M3_scale_UE6M2_wide11: 5.680e-05 (1 inst); ScaleToFP14b_E4M3_x_E4M3_UE6M2_wide17: 4.020e-05 (1 inst),2.5000,400.0,1059,0.372,0.0366,2048,1,5freq
baseline_act-E5M2_w-E2M1_UE4M4,baseline,E5M2,E2M1,UE4M4,400,true,0.0000,3216.275999,CustomOperator_E5M2_to_E2M1_0: 22.3020 (1 inst); CustomOperator_E5M2_to_E2M1_1: 22.8060 (1 inst); CustomOperator_E5M2_to_E2M1_2: 34.9020 (1 inst); CustomOperator_E5M2_to_E2M1_3: 36.0360 (1 inst); FPNAdder: 539.5320 (1 inst); FixedFPTree_exp7_mant5_out8_vec4_range31: 1905.6240 (1 inst); SNPS_CLOCK_GATE: 1.8900 (1 inst); ScaleAddition_E5M2_to_E2M1_scale_UE4M4_wide8: 375.1020 (1 inst); ScaleToFP15b_E5M2_x_E2M1_UE4M4_wide18: 204.1200 (1 inst),1.352000e-03,CustomOperator_E5M2_to_E2M1_0: 6.750e-06 (1 inst); CustomOperator_E5M2_to_E2M1_1: 7.090e-06 (1 inst); CustomOperator_E5M2_to_E2M1_2: 1.010e-05 (1 inst); CustomOperator_E5M2_to_E2M1_3: 1.050e-05 (1 inst); FPNAdder: 2.180e-04 (1 inst); FixedFPTree_exp7_mant5_out8_vec4_range31: 7.880e-04 (1 inst); SNPS_CLOCK_GATE: 5.990e-07 (1 inst); ScaleAddition_E5M2_to_E2M1_scale_UE4M4_wide8: 2.010e-04 (1 inst); ScaleToFP15b_E5M2_x_E2M1_UE4M4_wide18: 9.760e-05 (1 inst),6.071000e-04,CustomOperator_E5M2_to_E2M1_0: 7.470e-06 (1 inst); CustomOperator_E5M2_to_E2M1_1: 8.110e-06 (1 inst); CustomOperator_E5M2_to_E2M1_2: 1.160e-05 (1 inst); CustomOperator_E5M2_to_E2M1_3: 1.180e-05 (1 inst); FPNAdder: 1.080e-04 (1 inst); FixedFPTree_exp7_mant5_out8_vec4_range31: 2.760e-04 (1 inst); SNPS_CLOCK_GATE: 5.300e-06 (1 inst); ScaleAddition_E5M2_to_E2M1_scale_UE4M4_wide8: 7.920e-05 (1 inst); ScaleToFP15b_E5M2_x_E2M1_UE4M4_wide18: 4.810e-05 (1 inst),2.5000,400.0,1059,0.372,0.0366,2048,1,5freq
baseline_act-E5M2_w-E2M1_UE5M3,baseline,E5M2,E2M1,UE5M3,400,true,0.0000,3231.270001,CustomOperator_E5M2_to_E2M1_0: 22.1760 (1 inst); CustomOperator_E5M2_to_E2M1_1: 22.6800 (1 inst); CustomOperator_E5M2_to_E2M1_2: 43.0920 (1 inst); CustomOperator_E5M2_to_E2M1_3: 39.0600 (1 inst); FPNAdder: 578.2140 (1 inst); FixedFPTree_exp7_mant5_out10_vec4_range31: 1916.4600 (1 inst); SNPS_CLOCK_GATE: 1.8900 (1 inst); ScaleAddition_E5M2_to_E2M1_scale_UE5M3_wide10: 321.8040 (1 inst); ScaleToFP15b_E5M2_x_E2M1_UE5M3_wide18: 209.4120 (1 inst),1.255000e-03,CustomOperator_E5M2_to_E2M1_0: 8.560e-06 (1 inst); CustomOperator_E5M2_to_E2M1_1: 8.010e-06 (1 inst); CustomOperator_E5M2_to_E2M1_2: 1.250e-05 (1 inst); CustomOperator_E5M2_to_E2M1_3: 1.100e-05 (1 inst); FPNAdder: 2.260e-04 (1 inst); FixedFPTree_exp7_mant5_out10_vec4_range31: 7.150e-04 (1 inst); SNPS_CLOCK_GATE: 5.970e-07 (1 inst); ScaleAddition_E5M2_to_E2M1_scale_UE5M3_wide10: 1.670e-04 (1 inst); ScaleToFP15b_E5M2_x_E2M1_UE5M3_wide18: 9.440e-05 (1 inst),5.921000e-04,CustomOperator_E5M2_to_E2M1_0: 9.580e-06 (1 inst); CustomOperator_E5M2_to_E2M1_1: 8.880e-06 (1 inst); CustomOperator_E5M2_to_E2M1_2: 1.360e-05 (1 inst); CustomOperator_E5M2_to_E2M1_3: 1.200e-05 (1 inst); FPNAdder: 1.080e-04 (1 inst); FixedFPTree_exp7_mant5_out10_vec4_range31: 2.720e-04 (1 inst); SNPS_CLOCK_GATE: 5.300e-06 (1 inst); ScaleAddition_E5M2_to_E2M1_scale_UE5M3_wide10: 7.240e-05 (1 inst); ScaleToFP15b_E5M2_x_E2M1_UE5M3_wide18: 3.960e-05 (1 inst),2.5000,400.0,1059,0.372,0.0366,2048,1,5freq
baseline_act-INT8_w-E4M3_UE6M2,baseline,INT8,E4M3,UE6M2,400,true,0.0000,3235.932000,CustomOperator_INT8_to_E4M3_0: 73.9620 (1 inst); CustomOperator_INT8_to_E4M3_1: 75.7260 (1 inst); CustomOperator_INT8_to_E4M3_2: 78.6240 (1 inst); CustomOperator_INT8_to_E4M3_3: 80.6400 (1 inst); FPNAdder: 659.7360 (1 inst); FixedFPTree_exp8_mant11_out16_vec4_range14: 1561.7700 (1 inst); SNPS_CLOCK_GATE: 1.8900 (1 inst); ScaleAddition_INT8_to_E4M3_scale_UE6M2_wide16: 369.4320 (1 inst); ScaleToFP19b_INT8_x_E4M3_UE6M2_wide22: 244.9440 (1 inst),1.464000e-03,CustomOperator_INT8_to_E4M3_0: 3.000e-05 (1 inst); CustomOperator_INT8_to_E4M3_1: 3.080e-05 (1 inst); CustomOperator_INT8_to_E4M3_2: 3.280e-05 (1 inst); CustomOperator_INT8_to_E4M3_3: 3.190e-05 (1 inst); FPNAdder: 2.680e-04 (1 inst); FixedFPTree_exp8_mant11_out16_vec4_range14: 7.000e-04 (1 inst); SNPS_CLOCK_GATE: 6.580e-07 (1 inst); ScaleAddition_INT8_to_E4M3_scale_UE6M2_wide16: 2.270e-04 (1 inst); ScaleToFP19b_INT8_x_E4M3_UE6M2_wide22: 1.280e-04 (1 inst),7.616000e-04,CustomOperator_INT8_to_E4M3_0: 2.640e-05 (1 inst); CustomOperator_INT8_to_E4M3_1: 2.690e-05 (1 inst); CustomOperator_INT8_to_E4M3_2: 2.900e-05 (1 inst); CustomOperator_INT8_to_E4M3_3: 2.710e-05 (1 inst); FPNAdder: 1.180e-04 (1 inst); FixedFPTree_exp8_mant11_out16_vec4_range14: 3.390e-04 (1 inst); SNPS_CLOCK_GATE: 5.810e-06 (1 inst); ScaleAddition_INT8_to_E4M3_scale_UE6M2_wide16: 8.140e-05 (1 inst); ScaleToFP19b_INT8_x_E4M3_UE6M2_wide22: 4.960e-05 (1 inst),2.5000,400.0,1059,0.372,0.0366,2048,1,5freq
baseline_act-E5M2_w-E2M1_UE4M3,baseline,E5M2,E2M1,UE4M3,400,true,0.0000,3249.918002,CustomOperator_E5M2_to_E2M1_0: 22.9320 (1 inst); CustomOperator_E5M2_to_E2M1_1: 24.6960 (1 inst); CustomOperator_E5M2_to_E2M1_2: 43.7220 (1 inst); CustomOperator_E5M2_to_E2M1_3: 38.0520 (1 inst); FPNAdder: 564.8580 (1 inst); FixedFPTree_exp7_mant5_out10_vec4_range31: 1934.3520 (1 inst); SNPS_CLOCK_GATE: 1.8900 (1 inst); ScaleAddition_E5M2_to_E2M1_scale_UE4M3_wide10: 320.4180 (1 inst); ScaleToFP15b_E5M2_x_E2M1_UE4M3_wide18: 222.6420 (1 inst),1.263000e-03,CustomOperator_E5M2_to_E2M1_0: 8.630e-06 (1 inst); CustomOperator_E5M2_to_E2M1_1: 8.280e-06 (1 inst); CustomOperator_E5M2_to_E2M1_2: 1.230e-05 (1 inst); CustomOperator_E5M2_to_E2M1_3: 1.100e-05 (1 inst); FPNAdder: 2.150e-04 (1 inst); FixedFPTree_exp7_mant5_out10_vec4_range31: 7.290e-04 (1 inst); SNPS_CLOCK_GATE: 6.120e-07 (1 inst); ScaleAddition_E5M2_to_E2M1_scale_UE4M3_wide10: 1.670e-04 (1 inst); ScaleToFP15b_E5M2_x_E2M1_UE4M3_wide18: 9.860e-05 (1 inst),5.847000e-04,CustomOperator_E5M2_to_E2M1_0: 9.630e-06 (1 inst); CustomOperator_E5M2_to_E2M1_1: 9.090e-06 (1 inst); CustomOperator_E5M2_to_E2M1_2: 1.350e-05 (1 inst); CustomOperator_E5M2_to_E2M1_3: 1.180e-05 (1 inst); FPNAdder: 1.020e-04 (1 inst); FixedFPTree_exp7_mant5_out10_vec4_range31: 2.770e-04 (1 inst); SNPS_CLOCK_GATE: 5.300e-06 (1 inst); ScaleAddition_E5M2_to_E2M1_scale_UE4M3_wide10: 6.430e-05 (1 inst); ScaleToFP15b_E5M2_x_E2M1_UE4M3_wide18: 4.340e-05 (1 inst),2.5000,400.0,1059,0.372,0.0366,2048,1,5freq
baseline_act-E5M2_w-E2M3_UE6M2,baseline,E5M2,E2M3,UE6M2,400,true,0.0000,3258.360002,CustomOperator_E5M2_to_E2M3_0: 33.3900 (1 inst); CustomOperator_E5M2_to_E2M3_1: 35.4060 (1 inst); CustomOperator_E5M2_to_E2M3_2: 47.6280 (1 inst); CustomOperator_E5M2_to_E2M3_3: 54.0540 (1 inst); FPNAdder: 551.2500 (1 inst); FixedFPTree_exp7_mant7_out12_vec4_range31: 1974.9240 (1 inst); SNPS_CLOCK_GATE: 1.8900 (1 inst); ScaleAddition_E5M2_to_E2M3_scale_UE6M2_wide12: 286.2720 (1 inst); ScaleToFP15b_E5M2_x_E2M3_UE6M2_wide18: 196.4340 (1 inst),1.401000e-03,CustomOperator_E5M2_to_E2M3_0: 1.140e-05 (1 inst); CustomOperator_E5M2_to_E2M3_1: 1.230e-05 (1 inst); CustomOperator_E5M2_to_E2M3_2: 1.370e-05 (1 inst); CustomOperator_E5M2_to_E2M3_3: 1.600e-05 (1 inst); FPNAdder: 2.190e-04 (1 inst); FixedFPTree_exp7_mant7_out12_vec4_range31: 8.650e-04 (1 inst); SNPS_CLOCK_GATE: 6.110e-07 (1 inst); ScaleAddition_E5M2_to_E2M3_scale_UE6M2_wide12: 1.530e-04 (1 inst); ScaleToFP15b_E5M2_x_E2M3_UE6M2_wide18: 9.740e-05 (1 inst),6.260000e-04,CustomOperator_E5M2_to_E2M3_0: 1.240e-05 (1 inst); CustomOperator_E5M2_to_E2M3_1: 1.330e-05 (1 inst); CustomOperator_E5M2_to_E2M3_2: 1.440e-05 (1 inst); CustomOperator_E5M2_to_E2M3_3: 1.680e-05 (1 inst); FPNAdder: 1.060e-04 (1 inst); FixedFPTree_exp7_mant7_out12_vec4_range31: 3.060e-04 (1 inst); SNPS_CLOCK_GATE: 5.300e-06 (1 inst); ScaleAddition_E5M2_to_E2M3_scale_UE6M2_wide12: 6.170e-05 (1 inst); ScaleToFP15b_E5M2_x_E2M3_UE6M2_wide18: 3.830e-05 (1 inst),2.5000,400.0,1059,0.372,0.0366,2048,1,5freq
baseline_act-E4M3_w-E4M3_UE4M3,baseline,E4M3,E4M3,UE4M3,400,true,0.0000,3292.632002,CustomOperator_E4M3_to_E4M3_0: 57.2040 (1 inst); CustomOperator_E4M3_to_E4M3_1: 59.3460 (1 inst); CustomOperator_E4M3_to_E4M3_2: 67.0320 (1 inst); CustomOperator_E4M3_to_E4M3_3: 77.8680 (1 inst); FPNAdder: 552.3840 (1 inst); FixedFPTree_exp7_mant8_out9_vec4_range28: 1911.6720 (1 inst); SNPS_CLOCK_GATE: 1.8900 (1 inst); ScaleAddition_E4M3_to_E4M3_scale_UE4M3_wide9: 293.9580 (1 inst); ScaleToFP14b_E4M3_x_E4M3_UE4M3_wide17: 193.0320 (1 inst),1.317000e-03,CustomOperator_E4M3_to_E4M3_0: 2.110e-05 (1 inst); CustomOperator_E4M3_to_E4M3_1: 2.070e-05 (1 inst); CustomOperator_E4M3_to_E4M3_2: 2.240e-05 (1 inst); CustomOperator_E4M3_to_E4M3_3: 2.610e-05 (1 inst); FPNAdder: 2.180e-04 (1 inst); FixedFPTree_exp7_mant8_out9_vec4_range28: 7.260e-04 (1 inst); SNPS_CLOCK_GATE: 5.890e-07 (1 inst); ScaleAddition_E4M3_to_E4M3_scale_UE4M3_wide9: 1.730e-04 (1 inst); ScaleToFP14b_E4M3_x_E4M3_UE4M3_wide17: 9.670e-05 (1 inst),6.879000e-04,CustomOperator_E4M3_to_E4M3_0: 1.910e-05 (1 inst); CustomOperator_E4M3_to_E4M3_1: 1.850e-05 (1 inst); CustomOperator_E4M3_to_E4M3_2: 2.060e-05 (1 inst); CustomOperator_E4M3_to_E4M3_3: 2.310e-05 (1 inst); FPNAdder: 1.090e-04 (1 inst); FixedFPTree_exp7_mant8_out9_vec4_range28: 3.260e-04 (1 inst); SNPS_CLOCK_GATE: 5.170e-06 (1 inst); ScaleAddition_E4M3_to_E4M3_scale_UE4M3_wide9: 7.130e-05 (1 inst); ScaleToFP14b_E4M3_x_E4M3_UE4M3_wide17: 4.500e-05 (1 inst),2.5000,400.0,1059,0.372,0.0366,2048,1,5freq
baseline_act-E4M3_w-E4M3_UE5M3,baseline,E4M3,E4M3,UE5M3,400,true,0.0000,3306.114001,CustomOperator_E4M3_to_E4M3_0: 56.7000 (1 inst); CustomOperator_E4M3_to_E4M3_1: 59.0940 (1 inst); CustomOperator_E4M3_to_E4M3_2: 66.1500 (1 inst); CustomOperator_E4M3_to_E4M3_3: 76.8600 (1 inst); FPNAdder: 526.6800 (1 inst); FixedFPTree_exp7_mant8_out9_vec4_range28: 1957.2840 (1 inst); SNPS_CLOCK_GATE: 1.8900 (1 inst); ScaleAddition_E4M3_to_E4M3_scale_UE5M3_wide9: 300.7620 (1 inst); ScaleToFP14b_E4M3_x_E4M3_UE5M3_wide17: 188.1180 (1 inst),1.346000e-03,CustomOperator_E4M3_to_E4M3_0: 2.090e-05 (1 inst); CustomOperator_E4M3_to_E4M3_1: 2.080e-05 (1 inst); CustomOperator_E4M3_to_E4M3_2: 2.210e-05 (1 inst); CustomOperator_E4M3_to_E4M3_3: 2.560e-05 (1 inst); FPNAdder: 2.140e-04 (1 inst); FixedFPTree_exp7_mant8_out9_vec4_range28: 7.550e-04 (1 inst); SNPS_CLOCK_GATE: 5.970e-07 (1 inst); ScaleAddition_E4M3_to_E4M3_scale_UE5M3_wide9: 1.780e-04 (1 inst); ScaleToFP14b_E4M3_x_E4M3_UE5M3_wide17: 9.670e-05 (1 inst),6.919000e-04,CustomOperator_E4M3_to_E4M3_0: 1.930e-05 (1 inst); CustomOperator_E4M3_to_E4M3_1: 1.850e-05 (1 inst); CustomOperator_E4M3_to_E4M3_2: 2.010e-05 (1 inst); CustomOperator_E4M3_to_E4M3_3: 2.240e-05 (1 inst); FPNAdder: 1.020e-04 (1 inst); FixedFPTree_exp7_mant8_out9_vec4_range28: 3.410e-04 (1 inst); SNPS_CLOCK_GATE: 5.180e-06 (1 inst); ScaleAddition_E4M3_to_E4M3_scale_UE5M3_wide9: 6.970e-05 (1 inst); ScaleToFP14b_E4M3_x_E4M3_UE5M3_wide17: 4.360e-05 (1 inst),2.5000,400.0,1059,0.372,0.0366,2048,1,5freq
baseline_act-INT8_w-E4M3_UE4M3,baseline,INT8,E4M3,UE4M3,400,true,0.0000,3312.287998,CustomOperator_INT8_to_E4M3_0: 81.2700 (1 inst); CustomOperator_INT8_to_E4M3_1: 83.7900 (1 inst); CustomOperator_INT8_to_E4M3_2: 94.2480 (1 inst); CustomOperator_INT8_to_E4M3_3: 86.5620 (1 inst); FPNAdder: 681.9120 (1 inst); FixedFPTree_exp7_mant11_out14_vec4_range14: 1563.5340 (1 inst); SNPS_CLOCK_GATE: 1.8900 (1 inst); ScaleAddition_INT8_to_E4M3_scale_UE4M3_wide14: 396.9000 (1 inst); ScaleToFP19b_INT8_x_E4M3_UE4M3_wide22: 236.1240 (1 inst),1.564000e-03,CustomOperator_INT8_to_E4M3_0: 3.260e-05 (1 inst); CustomOperator_INT8_to_E4M3_1: 3.390e-05 (1 inst); CustomOperator_INT8_to_E4M3_2: 3.680e-05 (1 inst); CustomOperator_INT8_to_E4M3_3: 3.440e-05 (1 inst); FPNAdder: 2.840e-04 (1 inst); FixedFPTree_exp7_mant11_out14_vec4_range14: 7.640e-04 (1 inst); SNPS_CLOCK_GATE: 6.450e-07 (1 inst); ScaleAddition_INT8_to_E4M3_scale_UE4M3_wide14: 2.440e-04 (1 inst); ScaleToFP19b_INT8_x_E4M3_UE4M3_wide22: 1.180e-04 (1 inst),8.142000e-04,CustomOperator_INT8_to_E4M3_0: 2.810e-05 (1 inst); CustomOperator_INT8_to_E4M3_1: 2.830e-05 (1 inst); CustomOperator_INT8_to_E4M3_2: 3.140e-05 (1 inst); CustomOperator_INT8_to_E4M3_3: 2.880e-05 (1 inst); FPNAdder: 1.320e-04 (1 inst); FixedFPTree_exp7_mant11_out14_vec4_range14: 3.410e-04 (1 inst); SNPS_CLOCK_GATE: 5.810e-06 (1 inst); ScaleAddition_INT8_to_E4M3_scale_UE4M3_wide14: 1.030e-04 (1 inst); ScaleToFP19b_INT8_x_E4M3_UE4M3_wide22: 5.430e-05 (1 inst),2.5000,400.0,1059,0.372,0.0366,2048,1,5freq
baseline_act-E5M2_w-E2M3_UE5M3,baseline,E5M2,E2M3,UE5M3,400,true,0.0000,3366.468001,CustomOperator_E5M2_to_E2M3_0: 34.5240 (1 inst); CustomOperator_E5M2_to_E2M3_1: 34.2720 (1 inst); CustomOperator_E5M2_to_E2M3_2: 50.4000 (1 inst); CustomOperator_E5M2_to_E2M3_3: 51.6600 (1 inst); FPNAdder: 560.5740 (1 inst); FixedFPTree_exp7_mant7_out10_vec4_range31: 2036.1600 (1 inst); SNPS_CLOCK_GATE: 1.8900 (1 inst); ScaleAddition_E5M2_to_E2M3_scale_UE5M3_wide10: 315.7560 (1 inst); ScaleToFP15b_E5M2_x_E2M3_UE5M3_wide18: 206.0100 (1 inst),1.445000e-03,CustomOperator_E5M2_to_E2M3_0: 1.260e-05 (1 inst); CustomOperator_E5M2_to_E2M3_1: 1.090e-05 (1 inst); CustomOperator_E5M2_to_E2M3_2: 1.580e-05 (1 inst); CustomOperator_E5M2_to_E2M3_3: 1.540e-05 (1 inst); FPNAdder: 2.220e-04 (1 inst); FixedFPTree_exp7_mant7_out10_vec4_range31: 8.950e-04 (1 inst); SNPS_CLOCK_GATE: 6.060e-07 (1 inst); ScaleAddition_E5M2_to_E2M3_scale_UE5M3_wide10: 1.630e-04 (1 inst); ScaleToFP15b_E5M2_x_E2M3_UE5M3_wide18: 9.680e-05 (1 inst),6.651000e-04,CustomOperator_E5M2_to_E2M3_0: 1.350e-05 (1 inst); CustomOperator_E5M2_to_E2M3_1: 1.170e-05 (1 inst); CustomOperator_E5M2_to_E2M3_2: 1.740e-05 (1 inst); CustomOperator_E5M2_to_E2M3_3: 1.720e-05 (1 inst); FPNAdder: 1.090e-04 (1 inst); FixedFPTree_exp7_mant7_out10_vec4_range31: 3.170e-04 (1 inst); SNPS_CLOCK_GATE: 5.300e-06 (1 inst); ScaleAddition_E5M2_to_E2M3_scale_UE5M3_wide10: 7.790e-05 (1 inst); ScaleToFP15b_E5M2_x_E2M3_UE5M3_wide18: 4.310e-05 (1 inst),2.5000,400.0,1059,0.372,0.0366,2048,1,5freq
baseline_act-E5M2_w-E2M3_UE4M3,baseline,E5M2,E2M3,UE4M3,400,true,0.0000,3368.862001,CustomOperator_E5M2_to_E2M3_0: 33.7680 (1 inst); CustomOperator_E5M2_to_E2M3_1: 34.0200 (1 inst); CustomOperator_E5M2_to_E2M3_2: 50.0220 (1 inst); CustomOperator_E5M2_to_E2M3_3: 48.5100 (1 inst); FPNAdder: 561.2040 (1 inst); FixedFPTree_exp7_mant7_out10_vec4_range31: 2048.2560 (1 inst); SNPS_CLOCK_GATE: 1.8900 (1 inst); ScaleAddition_E5M2_to_E2M3_scale_UE4M3_wide10: 312.2280 (1 inst); ScaleToFP15b_E5M2_x_E2M3_UE4M3_wide18: 203.8680 (1 inst),1.445000e-03,CustomOperator_E5M2_to_E2M3_0: 1.270e-05 (1 inst); CustomOperator_E5M2_to_E2M3_1: 1.080e-05 (1 inst); CustomOperator_E5M2_to_E2M3_2: 1.570e-05 (1 inst); CustomOperator_E5M2_to_E2M3_3: 1.480e-05 (1 inst); FPNAdder: 2.180e-04 (1 inst); FixedFPTree_exp7_mant7_out10_vec4_range31: 9.030e-04 (1 inst); SNPS_CLOCK_GATE: 5.990e-07 (1 inst); ScaleAddition_E5M2_to_E2M3_scale_UE4M3_wide10: 1.620e-04 (1 inst); ScaleToFP15b_E5M2_x_E2M3_UE4M3_wide18: 9.570e-05 (1 inst),6.476000e-04,CustomOperator_E5M2_to_E2M3_0: 1.350e-05 (1 inst); CustomOperator_E5M2_to_E2M3_1: 1.180e-05 (1 inst); CustomOperator_E5M2_to_E2M3_2: 1.730e-05 (1 inst); CustomOperator_E5M2_to_E2M3_3: 1.640e-05 (1 inst); FPNAdder: 1.060e-04 (1 inst); FixedFPTree_exp7_mant7_out10_vec4_range31: 3.210e-04 (1 inst); SNPS_CLOCK_GATE: 5.300e-06 (1 inst); ScaleAddition_E5M2_to_E2M3_scale_UE4M3_wide10: 6.670e-05 (1 inst); ScaleToFP15b_E5M2_x_E2M3_UE4M3_wide18: 3.870e-05 (1 inst),2.5000,400.0,1059,0.372,0.0366,2048,1,5freq
baseline_act-INT8_w-E4M3_UE5M3,baseline,INT8,E4M3,UE5M3,400,true,0.0000,3369.113999,CustomOperator_INT8_to_E4M3_0: 81.5220 (1 inst); CustomOperator_INT8_to_E4M3_1: 83.6640 (1 inst); CustomOperator_INT8_to_E4M3_2: 98.7840 (1 inst); CustomOperator_INT8_to_E4M3_3: 90.3420 (1 inst); FPNAdder: 676.4940 (1 inst); FixedFPTree_exp7_mant11_out14_vec4_range14: 1606.2480 (1 inst); SNPS_CLOCK_GATE: 1.8900 (1 inst); ScaleAddition_INT8_to_E4M3_scale_UE5M3_wide14: 408.3660 (1 inst); ScaleToFP19b_INT8_x_E4M3_UE5M3_wide22: 236.2500 (1 inst),1.584000e-03,CustomOperator_INT8_to_E4M3_0: 3.270e-05 (1 inst); CustomOperator_INT8_to_E4M3_1: 3.390e-05 (1 inst); CustomOperator_INT8_to_E4M3_2: 3.780e-05 (1 inst); CustomOperator_INT8_to_E4M3_3: 3.490e-05 (1 inst); FPNAdder: 2.810e-04 (1 inst); FixedFPTree_exp7_mant11_out14_vec4_range14: 7.750e-04 (1 inst); SNPS_CLOCK_GATE: 6.560e-07 (1 inst); ScaleAddition_INT8_to_E4M3_scale_UE5M3_wide14: 2.540e-04 (1 inst); ScaleToFP19b_INT8_x_E4M3_UE5M3_wide22: 1.190e-04 (1 inst),8.393000e-04,CustomOperator_INT8_to_E4M3_0: 2.840e-05 (1 inst); CustomOperator_INT8_to_E4M3_1: 2.830e-05 (1 inst); CustomOperator_INT8_to_E4M3_2: 3.260e-05 (1 inst); CustomOperator_INT8_to_E4M3_3: 2.930e-05 (1 inst); FPNAdder: 1.320e-04 (1 inst); FixedFPTree_exp7_mant11_out14_vec4_range14: 3.510e-04 (1 inst); SNPS_CLOCK_GATE: 5.810e-06 (1 inst); ScaleAddition_INT8_to_E4M3_scale_UE5M3_wide14: 1.180e-04 (1 inst); ScaleToFP19b_INT8_x_E4M3_UE5M3_wide22: 5.310e-05 (1 inst),2.5000,400.0,1059,0.372,0.0366,2048,1,5freq
baseline_act-E5M2_w-E3M2_UE7M1,baseline,E5M2,E3M2,UE7M1,400,true,0.0000,3412.962005,CustomOperator_E5M2_to_E3M2_0: 40.1940 (1 inst); CustomOperator_E5M2_to_E3M2_1: 40.4460 (1 inst); CustomOperator_E5M2_to_E3M2_2: 46.9980 (1 inst); CustomOperator_E5M2_to_E3M2_3: 48.7620 (1 inst); FPNAdder: 534.9960 (1 inst); FixedFPTree_exp8_mant6_out14_vec4_range35: 2178.6660 (1 inst); SNPS_CLOCK_GATE: 1.8900 (1 inst); ScaleAddition_E5M2_to_E3M2_scale_UE7M1_wide14: 228.8160 (1 inst); ScaleToFP15b_E5M2_x_E3M2_UE7M1_wide18: 216.0900 (1 inst),1.349000e-03,CustomOperator_E5M2_to_E3M2_0: 1.520e-05 (1 inst); CustomOperator_E5M2_to_E3M2_1: 1.400e-05 (1 inst); CustomOperator_E5M2_to_E3M2_2: 1.610e-05 (1 inst); CustomOperator_E5M2_to_E3M2_3: 1.730e-05 (1 inst); FPNAdder: 2.220e-04 (1 inst); FixedFPTree_exp8_mant6_out14_vec4_range35: 8.220e-04 (1 inst); SNPS_CLOCK_GATE: 6.030e-07 (1 inst); ScaleAddition_E5M2_to_E3M2_scale_UE7M1_wide14: 1.240e-04 (1 inst); ScaleToFP15b_E5M2_x_E3M2_UE7M1_wide18: 1.050e-04 (1 inst),6.401000e-04,CustomOperator_E5M2_to_E3M2_0: 1.410e-05 (1 inst); CustomOperator_E5M2_to_E3M2_1: 1.290e-05 (1 inst); CustomOperator_E5M2_to_E3M2_2: 1.540e-05 (1 inst); CustomOperator_E5M2_to_E3M2_3: 1.590e-05 (1 inst); FPNAdder: 1.080e-04 (1 inst); FixedFPTree_exp8_mant6_out14_vec4_range35: 3.290e-04 (1 inst); SNPS_CLOCK_GATE: 5.300e-06 (1 inst); ScaleAddition_E5M2_to_E3M2_scale_UE7M1_wide14: 4.670e-05 (1 inst); ScaleToFP15b_E5M2_x_E3M2_UE7M1_wide18: 4.250e-05 (1 inst),2.5000,400.0,1059,0.372,0.0366,2048,1,5freq
baseline_act-INT8_w-E4M3_UE4M4,baseline,INT8,E4M3,UE4M4,400,true,0.0000,3431.358001,CustomOperator_INT8_to_E4M3_0: 81.2700 (1 inst); CustomOperator_INT8_to_E4M3_1: 82.5300 (1 inst); CustomOperator_INT8_to_E4M3_2: 94.5000 (1 inst); CustomOperator_INT8_to_E4M3_3: 84.0420 (1 inst); FPNAdder: 703.8360 (1 inst); FixedFPTree_exp7_mant11_out12_vec4_range14: 1580.2920 (1 inst); SNPS_CLOCK_GATE: 1.8900 (1 inst); ScaleAddition_INT8_to_E4M3_scale_UE4M4_wide12: 464.4360 (1 inst); ScaleToFP19b_INT8_x_E4M3_UE4M4_wide22: 252.3780 (1 inst),1.608000e-03,CustomOperator_INT8_to_E4M3_0: 3.310e-05 (1 inst); CustomOperator_INT8_to_E4M3_1: 3.300e-05 (1 inst); CustomOperator_INT8_to_E4M3_2: 3.620e-05 (1 inst); CustomOperator_INT8_to_E4M3_3: 3.310e-05 (1 inst); FPNAdder: 2.950e-04 (1 inst); FixedFPTree_exp7_mant11_out12_vec4_range14: 7.340e-04 (1 inst); SNPS_CLOCK_GATE: 6.530e-07 (1 inst); ScaleAddition_INT8_to_E4M3_scale_UE4M4_wide12: 2.980e-04 (1 inst); ScaleToFP19b_INT8_x_E4M3_UE4M4_wide22: 1.310e-04 (1 inst),8.669000e-04,CustomOperator_INT8_to_E4M3_0: 2.870e-05 (1 inst); CustomOperator_INT8_to_E4M3_1: 2.780e-05 (1 inst); CustomOperator_INT8_to_E4M3_2: 3.120e-05 (1 inst); CustomOperator_INT8_to_E4M3_3: 2.830e-05 (1 inst); FPNAdder: 1.430e-04 (1 inst); FixedFPTree_exp7_mant11_out12_vec4_range14: 3.530e-04 (1 inst); SNPS_CLOCK_GATE: 5.810e-06 (1 inst); ScaleAddition_INT8_to_E4M3_scale_UE4M4_wide12: 1.320e-04 (1 inst); ScaleToFP19b_INT8_x_E4M3_UE4M4_wide22: 5.580e-05 (1 inst),2.5000,400.0,1059,0.372,0.0366,2048,1,5freq
baseline_act-E5M2_w-E2M3_UE4M4,baseline,E5M2,E2M3,UE4M4,400,true,0.0000,3441.312003,CustomOperator_E5M2_to_E2M3_0: 33.8940 (1 inst); CustomOperator_E5M2_to_E2M3_1: 35.9100 (1 inst); CustomOperator_E5M2_to_E2M3_2: 50.9040 (1 inst); CustomOperator_E5M2_to_E2M3_3: 54.4320 (1 inst); FPNAdder: 553.1400 (1 inst); FixedFPTree_exp7_mant7_out8_vec4_range31: 2039.8140 (1 inst); SNPS_CLOCK_GATE: 1.8900 (1 inst); ScaleAddition_E5M2_to_E2M3_scale_UE4M4_wide8: 381.9060 (1 inst); ScaleToFP15b_E5M2_x_E2M3_UE4M4_wide18: 214.0740 (1 inst),1.492000e-03,CustomOperator_E5M2_to_E2M3_0: 1.210e-05 (1 inst); CustomOperator_E5M2_to_E2M3_1: 1.280e-05 (1 inst); CustomOperator_E5M2_to_E2M3_2: 1.590e-05 (1 inst); CustomOperator_E5M2_to_E2M3_3: 1.620e-05 (1 inst); FPNAdder: 2.280e-04 (1 inst); FixedFPTree_exp7_mant7_out8_vec4_range31: 8.670e-04 (1 inst); SNPS_CLOCK_GATE: 6.040e-07 (1 inst); ScaleAddition_E5M2_to_E2M3_scale_UE4M4_wide8: 2.210e-04 (1 inst); ScaleToFP15b_E5M2_x_E2M3_UE4M4_wide18: 1.050e-04 (1 inst),6.872000e-04,CustomOperator_E5M2_to_E2M3_0: 1.280e-05 (1 inst); CustomOperator_E5M2_to_E2M3_1: 1.380e-05 (1 inst); CustomOperator_E5M2_to_E2M3_2: 1.690e-05 (1 inst); CustomOperator_E5M2_to_E2M3_3: 1.740e-05 (1 inst); FPNAdder: 1.120e-04 (1 inst); FixedFPTree_exp7_mant7_out8_vec4_range31: 3.250e-04 (1 inst); SNPS_CLOCK_GATE: 5.300e-06 (1 inst); ScaleAddition_E5M2_to_E2M3_scale_UE4M4_wide8: 8.510e-05 (1 inst); ScaleToFP15b_E5M2_x_E2M3_UE4M4_wide18: 4.650e-05 (1 inst),2.5000,400.0,1059,0.372,0.0366,2048,1,5freq
baseline_act-E5M2_w-E3M2_UE6M2,baseline,E5M2,E3M2,UE6M2,400,true,0.0000,3464.118005,CustomOperator_E5M2_to_E3M2_0: 40.3200 (1 inst); CustomOperator_E5M2_to_E3M2_1: 44.4780 (1 inst); CustomOperator_E5M2_to_E3M2_2: 53.8020 (1 inst); CustomOperator_E5M2_to_E3M2_3: 55.8180 (1 inst); FPNAdder: 540.6660 (1 inst); FixedFPTree_exp8_mant6_out12_vec4_range35: 2114.1540 (1 inst); SNPS_CLOCK_GATE: 1.8900 (1 inst); ScaleAddition_E5M2_to_E3M2_scale_UE6M2_wide12: 308.9520 (1 inst); ScaleToFP15b_E5M2_x_E3M2_UE6M2_wide18: 228.0600 (1 inst),1.407000e-03,CustomOperator_E5M2_to_E3M2_0: 1.540e-05 (1 inst); CustomOperator_E5M2_to_E3M2_1: 1.570e-05 (1 inst); CustomOperator_E5M2_to_E3M2_2: 1.790e-05 (1 inst); CustomOperator_E5M2_to_E3M2_3: 1.840e-05 (1 inst); FPNAdder: 2.320e-04 (1 inst); FixedFPTree_exp8_mant6_out12_vec4_range35: 7.970e-04 (1 inst); SNPS_CLOCK_GATE: 6.020e-07 (1 inst); ScaleAddition_E5M2_to_E3M2_scale_UE6M2_wide12: 1.760e-04 (1 inst); ScaleToFP15b_E5M2_x_E3M2_UE6M2_wide18: 1.210e-04 (1 inst),6.405000e-04,CustomOperator_E5M2_to_E3M2_0: 1.390e-05 (1 inst); CustomOperator_E5M2_to_E3M2_1: 1.400e-05 (1 inst); CustomOperator_E5M2_to_E3M2_2: 1.720e-05 (1 inst); CustomOperator_E5M2_to_E3M2_3: 1.670e-05 (1 inst); FPNAdder: 1.020e-04 (1 inst); FixedFPTree_exp8_mant6_out12_vec4_range35: 3.210e-04 (1 inst); SNPS_CLOCK_GATE: 5.300e-06 (1 inst); ScaleAddition_E5M2_to_E3M2_scale_UE6M2_wide12: 5.700e-05 (1 inst); ScaleToFP15b_E5M2_x_E3M2_UE6M2_wide18: 4.270e-05 (1 inst),2.5000,400.0,1059,0.372,0.0366,2048,1,5freq
baseline_act-E4M3_w-E4M3_UE4M4,baseline,E4M3,E4M3,UE4M4,400,true,0.0000,3469.410000,CustomOperator_E4M3_to_E4M3_0: 57.2040 (1 inst); CustomOperator_E4M3_to_E4M3_1: 59.4720 (1 inst); CustomOperator_E4M3_to_E4M3_2: 71.1900 (1 inst); CustomOperator_E4M3_to_E4M3_3: 84.2940 (1 inst); FPNAdder: 547.3440 (1 inst); FixedFPTree_exp7_mant8_out8_vec4_range28: 1976.1840 (1 inst); SNPS_CLOCK_GATE: 1.8900 (1 inst); ScaleAddition_E4M3_to_E4M3_scale_UE4M4_wide8: 385.4340 (1 inst); ScaleToFP14b_E4M3_x_E4M3_UE4M4_wide18: 211.3020 (1 inst),1.433000e-03,CustomOperator_E4M3_to_E4M3_0: 2.000e-05 (1 inst); CustomOperator_E4M3_to_E4M3_1: 2.240e-05 (1 inst); CustomOperator_E4M3_to_E4M3_2: 2.360e-05 (1 inst); CustomOperator_E4M3_to_E4M3_3: 2.740e-05 (1 inst); FPNAdder: 2.260e-04 (1 inst); FixedFPTree_exp7_mant8_out8_vec4_range28: 7.510e-04 (1 inst); SNPS_CLOCK_GATE: 5.950e-07 (1 inst); ScaleAddition_E4M3_to_E4M3_scale_UE4M4_wide8: 2.410e-04 (1 inst); ScaleToFP14b_E4M3_x_E4M3_UE4M4_wide18: 1.090e-04 (1 inst),7.535000e-04,CustomOperator_E4M3_to_E4M3_0: 1.810e-05 (1 inst); CustomOperator_E4M3_to_E4M3_1: 1.990e-05 (1 inst); CustomOperator_E4M3_to_E4M3_2: 2.140e-05 (1 inst); CustomOperator_E4M3_to_E4M3_3: 2.430e-05 (1 inst); FPNAdder: 1.140e-04 (1 inst); FixedFPTree_exp7_mant8_out8_vec4_range28: 3.420e-04 (1 inst); SNPS_CLOCK_GATE: 5.180e-06 (1 inst); ScaleAddition_E4M3_to_E4M3_scale_UE4M4_wide8: 1.090e-04 (1 inst); ScaleToFP14b_E4M3_x_E4M3_UE4M4_wide18: 4.810e-05 (1 inst),2.5000,400.0,1059,0.372,0.0366,2048,1,5freq
baseline_act-E5M2_w-E3M2_UE4M3,baseline,E5M2,E3M2,UE4M3,400,true,0.0000,3575.124005,CustomOperator_E5M2_to_E3M2_0: 42.0840 (1 inst); CustomOperator_E5M2_to_E3M2_1: 43.3440 (1 inst); CustomOperator_E5M2_to_E3M2_2: 62.7480 (1 inst); CustomOperator_E5M2_to_E3M2_3: 66.7800 (1 inst); FPNAdder: 584.7660 (1 inst); FixedFPTree_exp7_mant6_out10_vec4_range35: 2138.2200 (1 inst); SNPS_CLOCK_GATE: 1.8900 (1 inst); ScaleAddition_E5M2_to_E3M2_scale_UE4M3_wide10: 335.5380 (1 inst); ScaleToFP15b_E5M2_x_E3M2_UE4M3_wide18: 224.4060 (1 inst),1.442000e-03,CustomOperator_E5M2_to_E3M2_0: 1.620e-05 (1 inst); CustomOperator_E5M2_to_E3M2_1: 1.700e-05 (1 inst); CustomOperator_E5M2_to_E3M2_2: 2.010e-05 (1 inst); CustomOperator_E5M2_to_E3M2_3: 2.000e-05 (1 inst); FPNAdder: 2.400e-04 (1 inst); FixedFPTree_exp7_mant6_out10_vec4_range35: 8.250e-04 (1 inst); SNPS_CLOCK_GATE: 6.020e-07 (1 inst); ScaleAddition_E5M2_to_E3M2_scale_UE4M3_wide10: 1.870e-04 (1 inst); ScaleToFP15b_E5M2_x_E3M2_UE4M3_wide18: 1.040e-04 (1 inst),6.607000e-04,CustomOperator_E5M2_to_E3M2_0: 1.460e-05 (1 inst); CustomOperator_E5M2_to_E3M2_1: 1.560e-05 (1 inst); CustomOperator_E5M2_to_E3M2_2: 1.910e-05 (1 inst); CustomOperator_E5M2_to_E3M2_3: 1.690e-05 (1 inst); FPNAdder: 1.140e-04 (1 inst); FixedFPTree_exp7_mant6_out10_vec4_range35: 3.220e-04 (1 inst); SNPS_CLOCK_GATE: 5.300e-06 (1 inst); ScaleAddition_E5M2_to_E3M2_scale_UE4M3_wide10: 6.280e-05 (1 inst); ScaleToFP15b_E5M2_x_E3M2_UE4M3_wide18: 4.110e-05 (1 inst),2.5000,400.0,1059,0.372,0.0366,2048,1,5freq
baseline_act-INT8_w-E5M2_UE7M1,baseline,INT8,E5M2,UE7M1,400,true,0.0000,3616.830003,CustomOperator_INT8_to_E5M2_0: 59.2200 (1 inst); CustomOperator_INT8_to_E5M2_1: 58.8420 (1 inst); CustomOperator_INT8_to_E5M2_2: 64.1340 (1 inst); CustomOperator_INT8_to_E5M2_3: 65.2680 (1 inst); FPNAdder: 672.7140 (1 inst); FixedFPTree_exp8_mant10_out18_vec4_range29: 2090.9700 (1 inst); SNPS_CLOCK_GATE: 1.8900 (1 inst); ScaleAddition_INT8_to_E5M2_scale_UE7M1_wide18: 257.2920 (1 inst); ScaleToFP19b_INT8_x_E5M2_UE7M1_wide22: 260.8200 (1 inst),1.609000e-03,CustomOperator_INT8_to_E5M2_0: 2.280e-05 (1 inst); CustomOperator_INT8_to_E5M2_1: 2.330e-05 (1 inst); CustomOperator_INT8_to_E5M2_2: 2.310e-05 (1 inst); CustomOperator_INT8_to_E5M2_3: 2.470e-05 (1 inst); FPNAdder: 2.770e-04 (1 inst); FixedFPTree_exp8_mant10_out18_vec4_range29: 9.460e-04 (1 inst); SNPS_CLOCK_GATE: 6.550e-07 (1 inst); ScaleAddition_INT8_to_E5M2_scale_UE7M1_wide18: 1.440e-04 (1 inst); ScaleToFP19b_INT8_x_E5M2_UE7M1_wide22: 1.330e-04 (1 inst),6.998000e-04,CustomOperator_INT8_to_E5M2_0: 1.990e-05 (1 inst); CustomOperator_INT8_to_E5M2_1: 1.960e-05 (1 inst); CustomOperator_INT8_to_E5M2_2: 2.090e-05 (1 inst); CustomOperator_INT8_to_E5M2_3: 2.070e-05 (1 inst); FPNAdder: 1.140e-04 (1 inst); FixedFPTree_exp8_mant10_out18_vec4_range29: 3.370e-04 (1 inst); SNPS_CLOCK_GATE: 5.810e-06 (1 inst); ScaleAddition_INT8_to_E5M2_scale_UE7M1_wide18: 5.420e-05 (1 inst); ScaleToFP19b_INT8_x_E5M2_UE7M1_wide22: 5.000e-05 (1 inst),2.5000,400.0,1059,0.372,0.0366,2048,1,5freq
baseline_act-E5M2_w-E3M2_UE5M3,baseline,E5M2,E3M2,UE5M3,400,true,0.0000,3620.232005,CustomOperator_E5M2_to_E3M2_0: 42.0840 (1 inst); CustomOperator_E5M2_to_E3M2_1: 43.5960 (1 inst); CustomOperator_E5M2_to_E3M2_2: 59.5980 (1 inst); CustomOperator_E5M2_to_E3M2_3: 62.3700 (1 inst); FPNAdder: 592.9560 (1 inst); FixedFPTree_exp7_mant6_out10_vec4_range35: 2165.3100 (1 inst); SNPS_CLOCK_GATE: 1.8900 (1 inst); ScaleAddition_E5M2_to_E3M2_scale_UE5M3_wide10: 344.7360 (1 inst); ScaleToFP15b_E5M2_x_E3M2_UE5M3_wide18: 229.9500 (1 inst),1.450000e-03,CustomOperator_E5M2_to_E3M2_0: 1.670e-05 (1 inst); CustomOperator_E5M2_to_E3M2_1: 1.760e-05 (1 inst); CustomOperator_E5M2_to_E3M2_2: 1.930e-05 (1 inst); CustomOperator_E5M2_to_E3M2_3: 1.890e-05 (1 inst); FPNAdder: 2.460e-04 (1 inst); FixedFPTree_exp7_mant6_out10_vec4_range35: 8.170e-04 (1 inst); SNPS_CLOCK_GATE: 6.030e-07 (1 inst); ScaleAddition_E5M2_to_E3M2_scale_UE5M3_wide10: 1.940e-04 (1 inst); ScaleToFP15b_E5M2_x_E3M2_UE5M3_wide18: 1.070e-04 (1 inst),6.708000e-04,CustomOperator_E5M2_to_E3M2_0: 1.510e-05 (1 inst); CustomOperator_E5M2_to_E3M2_1: 1.610e-05 (1 inst); CustomOperator_E5M2_to_E3M2_2: 1.850e-05 (1 inst); CustomOperator_E5M2_to_E3M2_3: 1.640e-05 (1 inst); FPNAdder: 1.160e-04 (1 inst); FixedFPTree_exp7_mant6_out10_vec4_range35: 3.280e-04 (1 inst); SNPS_CLOCK_GATE: 5.300e-06 (1 inst); ScaleAddition_E5M2_to_E3M2_scale_UE5M3_wide10: 6.430e-05 (1 inst); ScaleToFP15b_E5M2_x_E3M2_UE5M3_wide18: 4.100e-05 (1 inst),2.5000,400.0,1059,0.372,0.0366,2048,1,5freq
baseline_act-E5M2_w-E5M2_UE8M0,baseline,E5M2,E5M2,UE8M0,400,true,0.0000,3674.412003,CustomOperator_E5M2_to_E5M2_0: 44.8560 (1 inst); CustomOperator_E5M2_to_E5M2_1: 46.1160 (1 inst); CustomOperator_E5M2_to_E5M2_2: 47.7540 (1 inst); CustomOperator_E5M2_to_E5M2_3: 47.1240 (1 inst); DirectToFP17b_E5M2_x_E5M2_UE8M0: 62.3700 (1 inst); FPNAdder: 511.0560 (1 inst); FixedFPTree_exp8_mant6_out6_vec4_range58: 2835.5040 (1 inst); SNPS_CLOCK_GATE: 1.8900 (1 inst),1.136000e-03,CustomOperator_E5M2_to_E5M2_0: 1.550e-05 (1 inst); CustomOperator_E5M2_to_E5M2_1: 1.720e-05 (1 inst); CustomOperator_E5M2_to_E5M2_2: 1.620e-05 (1 inst); CustomOperator_E5M2_to_E5M2_3: 1.620e-05 (1 inst); DirectToFP17b_E5M2_x_E5M2_UE8M0: 3.070e-05 (1 inst); FPNAdder: 1.480e-04 (1 inst); FixedFPTree_exp8_mant6_out6_vec4_range58: 8.840e-04 (1 inst); SNPS_CLOCK_GATE: 6.310e-07 (1 inst),4.795000e-04,CustomOperator_E5M2_to_E5M2_0: 1.320e-05 (1 inst); CustomOperator_E5M2_to_E5M2_1: 1.480e-05 (1 inst); CustomOperator_E5M2_to_E5M2_2: 1.320e-05 (1 inst); CustomOperator_E5M2_to_E5M2_3: 1.310e-05 (1 inst); DirectToFP17b_E5M2_x_E5M2_UE8M0: 6.050e-06 (1 inst); FPNAdder: 6.820e-05 (1 inst); FixedFPTree_exp8_mant6_out6_vec4_range58: 2.980e-04 (1 inst); SNPS_CLOCK_GATE: 5.560e-06 (1 inst),2.5000,400.0,1059,0.372,0.0366,2048,1,5freq
baseline_act-E5M2_w-E3M2_UE4M4,baseline,E5M2,E3M2,UE4M4,400,true,0.0000,3697.974003,CustomOperator_E5M2_to_E3M2_0: 42.8400 (1 inst); CustomOperator_E5M2_to_E3M2_1: 43.5960 (1 inst); CustomOperator_E5M2_to_E3M2_2: 68.2920 (1 inst); CustomOperator_E5M2_to_E3M2_3: 62.7480 (1 inst); FPNAdder: 575.8200 (1 inst); FixedFPTree_exp7_mant6_out8_vec4_range35: 2200.7160 (1 inst); SNPS_CLOCK_GATE: 1.8900 (1 inst); ScaleAddition_E5M2_to_E3M2_scale_UE4M4_wide8: 416.5560 (1 inst); ScaleToFP15b_E5M2_x_E3M2_UE4M4_wide18: 215.4600 (1 inst),1.497000e-03,CustomOperator_E5M2_to_E3M2_0: 1.620e-05 (1 inst); CustomOperator_E5M2_to_E3M2_1: 1.570e-05 (1 inst); CustomOperator_E5M2_to_E3M2_2: 2.080e-05 (1 inst); CustomOperator_E5M2_to_E3M2_3: 1.950e-05 (1 inst); FPNAdder: 2.260e-04 (1 inst); FixedFPTree_exp7_mant6_out8_vec4_range35: 8.390e-04 (1 inst); SNPS_CLOCK_GATE: 6.050e-07 (1 inst); ScaleAddition_E5M2_to_E3M2_scale_UE4M4_wide8: 2.470e-04 (1 inst); ScaleToFP15b_E5M2_x_E3M2_UE4M4_wide18: 1.030e-04 (1 inst),6.923000e-04,CustomOperator_E5M2_to_E3M2_0: 1.490e-05 (1 inst); CustomOperator_E5M2_to_E3M2_1: 1.430e-05 (1 inst); CustomOperator_E5M2_to_E3M2_2: 1.910e-05 (1 inst); CustomOperator_E5M2_to_E3M2_3: 1.730e-05 (1 inst); FPNAdder: 1.050e-04 (1 inst); FixedFPTree_exp7_mant6_out8_vec4_range35: 3.370e-04 (1 inst); SNPS_CLOCK_GATE: 5.300e-06 (1 inst); ScaleAddition_E5M2_to_E3M2_scale_UE4M4_wide8: 8.600e-05 (1 inst); ScaleToFP15b_E5M2_x_E3M2_UE4M4_wide18: 4.200e-05 (1 inst),2.5000,400.0,1059,0.372,0.0366,2048,1,5freq
baseline_act-INT8_w-E5M2_UE6M2,baseline,INT8,E5M2,UE6M2,400,true,0.0000,3820.068003,CustomOperator_INT8_to_E5M2_0: 60.1020 (1 inst); CustomOperator_INT8_to_E5M2_1: 60.3540 (1 inst); CustomOperator_INT8_to_E5M2_2: 66.0240 (1 inst); CustomOperator_INT8_to_E5M2_3: 64.8900 (1 inst); FPNAdder: 694.2600 (1 inst); FixedFPTree_exp8_mant10_out16_vec4_range29: 2163.9240 (1 inst); SNPS_CLOCK_GATE: 1.8900 (1 inst); ScaleAddition_INT8_to_E5M2_scale_UE6M2_wide16: 350.1540 (1 inst); ScaleToFP19b_INT8_x_E5M2_UE6M2_wide22: 270.7740 (1 inst),1.799000e-03,CustomOperator_INT8_to_E5M2_0: 2.300e-05 (1 inst); CustomOperator_INT8_to_E5M2_1: 2.340e-05 (1 inst); CustomOperator_INT8_to_E5M2_2: 2.350e-05 (1 inst); CustomOperator_INT8_to_E5M2_3: 2.310e-05 (1 inst); FPNAdder: 2.910e-04 (1 inst); FixedFPTree_exp8_mant10_out16_vec4_range29: 1.060e-03 (1 inst); SNPS_CLOCK_GATE: 6.460e-07 (1 inst); ScaleAddition_INT8_to_E5M2_scale_UE6M2_wide16: 2.040e-04 (1 inst); ScaleToFP19b_INT8_x_E5M2_UE6M2_wide22: 1.350e-04 (1 inst),7.534000e-04,CustomOperator_INT8_to_E5M2_0: 1.970e-05 (1 inst); CustomOperator_INT8_to_E5M2_1: 1.940e-05 (1 inst); CustomOperator_INT8_to_E5M2_2: 2.020e-05 (1 inst); CustomOperator_INT8_to_E5M2_3: 1.890e-05 (1 inst); FPNAdder: 1.260e-04 (1 inst); FixedFPTree_exp8_mant10_out16_vec4_range29: 3.600e-04 (1 inst); SNPS_CLOCK_GATE: 5.810e-06 (1 inst); ScaleAddition_INT8_to_E5M2_scale_UE6M2_wide16: 7.410e-05 (1 inst); ScaleToFP19b_INT8_x_E5M2_UE6M2_wide22: 5.100e-05 (1 inst),2.5000,400.0,1059,0.372,0.0366,2048,1,5freq
baseline_act-INT8_w-E5M2_UE4M3,baseline,INT8,E5M2,UE4M3,400,true,0.0000,3899.951998,CustomOperator_INT8_to_E5M2_0: 59.9760 (1 inst); CustomOperator_INT8_to_E5M2_1: 59.8500 (1 inst); CustomOperator_INT8_to_E5M2_2: 75.4740 (1 inst); CustomOperator_INT8_to_E5M2_3: 72.8280 (1 inst); FPNAdder: 676.2420 (1 inst); FixedFPTree_exp8_mant10_out14_vec4_range29: 2192.4000 (1 inst); SNPS_CLOCK_GATE: 1.8900 (1 inst); ScaleAddition_INT8_to_E5M2_scale_UE4M3_wide14: 408.8700 (1 inst); ScaleToFP19b_INT8_x_E5M2_UE4M3_wide22: 265.1040 (1 inst),1.770000e-03,CustomOperator_INT8_to_E5M2_0: 2.350e-05 (1 inst); CustomOperator_INT8_to_E5M2_1: 2.320e-05 (1 inst); CustomOperator_INT8_to_E5M2_2: 2.500e-05 (1 inst); CustomOperator_INT8_to_E5M2_3: 2.550e-05 (1 inst); FPNAdder: 2.710e-04 (1 inst); FixedFPTree_exp8_mant10_out14_vec4_range29: 1.040e-03 (1 inst); SNPS_CLOCK_GATE: 6.490e-07 (1 inst); ScaleAddition_INT8_to_E5M2_scale_UE4M3_wide14: 2.280e-04 (1 inst); ScaleToFP19b_INT8_x_E5M2_UE4M3_wide22: 1.220e-04 (1 inst),8.094000e-04,CustomOperator_INT8_to_E5M2_0: 2.000e-05 (1 inst); CustomOperator_INT8_to_E5M2_1: 1.950e-05 (1 inst); CustomOperator_INT8_to_E5M2_2: 2.140e-05 (1 inst); CustomOperator_INT8_to_E5M2_3: 2.040e-05 (1 inst); FPNAdder: 1.330e-04 (1 inst); FixedFPTree_exp8_mant10_out14_vec4_range29: 3.720e-04 (1 inst); SNPS_CLOCK_GATE: 5.810e-06 (1 inst); ScaleAddition_INT8_to_E5M2_scale_UE4M3_wide14: 1.030e-04 (1 inst); ScaleToFP19b_INT8_x_E5M2_UE4M3_wide22: 5.650e-05 (1 inst),2.5000,400.0,1059,0.372,0.0366,2048,1,5freq
baseline_act-E5M2_w-E4M3_UE7M1,baseline,E5M2,E4M3,UE7M1,400,true,0.0000,3900.456005,CustomOperator_E5M2_to_E4M3_0: 48.6360 (1 inst); CustomOperator_E5M2_to_E4M3_1: 52.7940 (1 inst); CustomOperator_E5M2_to_E4M3_2: 68.5440 (1 inst); CustomOperator_E5M2_to_E4M3_3: 64.8900 (1 inst); FPNAdder: 540.2880 (1 inst); FixedFPTree_exp8_mant7_out14_vec4_range43: 2599.3800 (1 inst); SNPS_CLOCK_GATE: 1.8900 (1 inst); ScaleAddition_E5M2_to_E4M3_scale_UE7M1_wide14: 227.5560 (1 inst); ScaleToFP15b_E5M2_x_E4M3_UE7M1_wide18: 218.2320 (1 inst),1.484000e-03,CustomOperator_E5M2_to_E4M3_0: 1.820e-05 (1 inst); CustomOperator_E5M2_to_E4M3_1: 2.120e-05 (1 inst); CustomOperator_E5M2_to_E4M3_2: 2.550e-05 (1 inst); CustomOperator_E5M2_to_E4M3_3: 2.450e-05 (1 inst); FPNAdder: 2.330e-04 (1 inst); FixedFPTree_exp8_mant7_out14_vec4_range43: 9.190e-04 (1 inst); SNPS_CLOCK_GATE: 6.080e-07 (1 inst); ScaleAddition_E5M2_to_E4M3_scale_UE7M1_wide14: 1.240e-04 (1 inst); ScaleToFP15b_E5M2_x_E4M3_UE7M1_wide18: 1.050e-04 (1 inst),6.879000e-04,CustomOperator_E5M2_to_E4M3_0: 1.550e-05 (1 inst); CustomOperator_E5M2_to_E4M3_1: 1.750e-05 (1 inst); CustomOperator_E5M2_to_E4M3_2: 2.180e-05 (1 inst); CustomOperator_E5M2_to_E4M3_3: 2.060e-05 (1 inst); FPNAdder: 1.070e-04 (1 inst); FixedFPTree_exp8_mant7_out14_vec4_range43: 3.530e-04 (1 inst); SNPS_CLOCK_GATE: 5.300e-06 (1 inst); ScaleAddition_E5M2_to_E4M3_scale_UE7M1_wide14: 4.990e-05 (1 inst); ScaleToFP15b_E5M2_x_E4M3_UE7M1_wide18: 4.560e-05 (1 inst),2.5000,400.0,1059,0.372,0.0366,2048,1,5freq
baseline_act-INT8_w-E5M2_UE5M3,baseline,INT8,E5M2,UE5M3,400,true,0.0000,3912.048000,CustomOperator_INT8_to_E5M2_0: 59.5980 (1 inst); CustomOperator_INT8_to_E5M2_1: 58.9680 (1 inst); CustomOperator_INT8_to_E5M2_2: 69.4260 (1 inst); CustomOperator_INT8_to_E5M2_3: 68.1660 (1 inst); FPNAdder: 709.1280 (1 inst); FixedFPTree_exp8_mant10_out14_vec4_range29: 2166.9480 (1 inst); SNPS_CLOCK_GATE: 1.8900 (1 inst); ScaleAddition_INT8_to_E5M2_scale_UE5M3_wide14: 424.9980 (1 inst); ScaleToFP19b_INT8_x_E5M2_UE5M3_wide22: 265.4820 (1 inst),1.778000e-03,CustomOperator_INT8_to_E5M2_0: 2.340e-05 (1 inst); CustomOperator_INT8_to_E5M2_1: 2.270e-05 (1 inst); CustomOperator_INT8_to_E5M2_2: 2.430e-05 (1 inst); CustomOperator_INT8_to_E5M2_3: 2.470e-05 (1 inst); FPNAdder: 2.910e-04 (1 inst); FixedFPTree_exp8_mant10_out14_vec4_range29: 1.010e-03 (1 inst); SNPS_CLOCK_GATE: 6.490e-07 (1 inst); ScaleAddition_INT8_to_E5M2_scale_UE5M3_wide14: 2.440e-04 (1 inst); ScaleToFP19b_INT8_x_E5M2_UE5M3_wide22: 1.230e-04 (1 inst),8.205000e-04,CustomOperator_INT8_to_E5M2_0: 1.990e-05 (1 inst); CustomOperator_INT8_to_E5M2_1: 1.900e-05 (1 inst); CustomOperator_INT8_to_E5M2_2: 2.080e-05 (1 inst); CustomOperator_INT8_to_E5M2_3: 2.000e-05 (1 inst); FPNAdder: 1.420e-04 (1 inst); FixedFPTree_exp8_mant10_out14_vec4_range29: 3.650e-04 (1 inst); SNPS_CLOCK_GATE: 5.810e-06 (1 inst); ScaleAddition_INT8_to_E5M2_scale_UE5M3_wide14: 1.160e-04 (1 inst); ScaleToFP19b_INT8_x_E5M2_UE5M3_wide22: 5.290e-05 (1 inst),2.5000,400.0,1059,0.372,0.0366,2048,1,5freq
baseline_act-E5M2_w-E4M3_UE6M2,baseline,E5M2,E4M3,UE6M2,400,true,0.0000,4055.814005,CustomOperator_E5M2_to_E4M3_0: 50.0220 (1 inst); CustomOperator_E5M2_to_E4M3_1: 53.6760 (1 inst); CustomOperator_E5M2_to_E4M3_2: 75.4740 (1 inst); CustomOperator_E5M2_to_E4M3_3: 78.1200 (1 inst); FPNAdder: 590.6880 (1 inst); FixedFPTree_exp8_mant7_out12_vec4_range43: 2577.4560 (1 inst); SNPS_CLOCK_GATE: 1.8900 (1 inst); ScaleAddition_E5M2_to_E4M3_scale_UE6M2_wide12: 321.0480 (1 inst); ScaleToFP15b_E5M2_x_E4M3_UE6M2_wide18: 232.0920 (1 inst),1.585000e-03,CustomOperator_E5M2_to_E4M3_0: 1.840e-05 (1 inst); CustomOperator_E5M2_to_E4M3_1: 2.120e-05 (1 inst); CustomOperator_E5M2_to_E4M3_2: 2.720e-05 (1 inst); CustomOperator_E5M2_to_E4M3_3: 2.720e-05 (1 inst); FPNAdder: 2.500e-04 (1 inst); FixedFPTree_exp8_mant7_out12_vec4_range43: 9.210e-04 (1 inst); SNPS_CLOCK_GATE: 6.030e-07 (1 inst); ScaleAddition_E5M2_to_E4M3_scale_UE6M2_wide12: 1.860e-04 (1 inst); ScaleToFP15b_E5M2_x_E4M3_UE6M2_wide18: 1.200e-04 (1 inst),7.293000e-04,CustomOperator_E5M2_to_E4M3_0: 1.580e-05 (1 inst); CustomOperator_E5M2_to_E4M3_1: 1.780e-05 (1 inst); CustomOperator_E5M2_to_E4M3_2: 2.320e-05 (1 inst); CustomOperator_E5M2_to_E4M3_3: 2.220e-05 (1 inst); FPNAdder: 1.230e-04 (1 inst); FixedFPTree_exp8_mant7_out12_vec4_range43: 3.580e-04 (1 inst); SNPS_CLOCK_GATE: 5.300e-06 (1 inst); ScaleAddition_E5M2_to_E4M3_scale_UE6M2_wide12: 6.400e-05 (1 inst); ScaleToFP15b_E5M2_x_E4M3_UE6M2_wide18: 4.740e-05 (1 inst),2.5000,400.0,1059,0.372,0.0366,2048,1,5freq
baseline_act-INT8_w-E5M2_UE4M4,baseline,INT8,E5M2,UE4M4,400,true,0.0000,4085.298000,CustomOperator_INT8_to_E5M2_0: 59.9760 (1 inst); CustomOperator_INT8_to_E5M2_1: 59.2200 (1 inst); CustomOperator_INT8_to_E5M2_2: 65.8980 (1 inst); CustomOperator_INT8_to_E5M2_3: 69.1740 (1 inst); FPNAdder: 736.3440 (1 inst); FixedFPTree_exp8_mant10_out12_vec4_range29: 2238.1380 (1 inst); SNPS_CLOCK_GATE: 1.8900 (1 inst); ScaleAddition_INT8_to_E5M2_scale_UE4M4_wide12: 478.9260 (1 inst); ScaleToFP19b_INT8_x_E5M2_UE4M4_wide22: 286.3980 (1 inst),1.920000e-03,CustomOperator_INT8_to_E5M2_0: 2.370e-05 (1 inst); CustomOperator_INT8_to_E5M2_1: 2.300e-05 (1 inst); CustomOperator_INT8_to_E5M2_2: 2.400e-05 (1 inst); CustomOperator_INT8_to_E5M2_3: 2.320e-05 (1 inst); FPNAdder: 3.100e-04 (1 inst); FixedFPTree_exp8_mant10_out12_vec4_range29: 1.070e-03 (1 inst); SNPS_CLOCK_GATE: 6.430e-07 (1 inst); ScaleAddition_INT8_to_E5M2_scale_UE4M4_wide12: 2.920e-04 (1 inst); ScaleToFP19b_INT8_x_E5M2_UE4M4_wide22: 1.420e-04 (1 inst),8.580000e-04,CustomOperator_INT8_to_E5M2_0: 2.010e-05 (1 inst); CustomOperator_INT8_to_E5M2_1: 1.930e-05 (1 inst); CustomOperator_INT8_to_E5M2_2: 2.120e-05 (1 inst); CustomOperator_INT8_to_E5M2_3: 1.950e-05 (1 inst); FPNAdder: 1.520e-04 (1 inst); FixedFPTree_exp8_mant10_out12_vec4_range29: 3.770e-04 (1 inst); SNPS_CLOCK_GATE: 5.810e-06 (1 inst); ScaleAddition_INT8_to_E5M2_scale_UE4M4_wide12: 1.240e-04 (1 inst); ScaleToFP19b_INT8_x_E5M2_UE4M4_wide22: 5.840e-05 (1 inst),2.5000,400.0,1059,0.372,0.0366,2048,1,5freq
baseline_act-E5M2_w-E4M3_UE4M3,baseline,E5M2,E4M3,UE4M3,400,true,0.0000,4241.286001,CustomOperator_E5M2_to_E4M3_0: 51.6600 (1 inst); CustomOperator_E5M2_to_E4M3_1: 45.9900 (1 inst); CustomOperator_E5M2_to_E4M3_2: 62.6220 (1 inst); CustomOperator_E5M2_to_E4M3_3: 65.8980 (1 inst); FPNAdder: 615.7620 (1 inst); FixedFPTree_exp8_mant7_out10_vec4_range43: 2740.5000 (1 inst); SNPS_CLOCK_GATE: 1.8900 (1 inst); ScaleAddition_E5M2_to_E4M3_scale_UE4M3_wide10: 344.8620 (1 inst); ScaleToFP15b_E5M2_x_E4M3_UE4M3_wide18: 228.6900 (1 inst),1.688000e-03,CustomOperator_E5M2_to_E4M3_0: 2.060e-05 (1 inst); CustomOperator_E5M2_to_E4M3_1: 1.720e-05 (1 inst); CustomOperator_E5M2_to_E4M3_2: 2.120e-05 (1 inst); CustomOperator_E5M2_to_E4M3_3: 2.300e-05 (1 inst); FPNAdder: 2.510e-04 (1 inst); FixedFPTree_exp8_mant7_out10_vec4_range43: 1.040e-03 (1 inst); SNPS_CLOCK_GATE: 5.970e-07 (1 inst); ScaleAddition_E5M2_to_E4M3_scale_UE4M3_wide10: 1.950e-04 (1 inst); ScaleToFP15b_E5M2_x_E4M3_UE4M3_wide18: 1.050e-04 (1 inst),7.735000e-04,CustomOperator_E5M2_to_E4M3_0: 1.740e-05 (1 inst); CustomOperator_E5M2_to_E4M3_1: 1.440e-05 (1 inst); CustomOperator_E5M2_to_E4M3_2: 1.780e-05 (1 inst); CustomOperator_E5M2_to_E4M3_3: 2.000e-05 (1 inst); FPNAdder: 1.230e-04 (1 inst); FixedFPTree_exp8_mant7_out10_vec4_range43: 3.920e-04 (1 inst); SNPS_CLOCK_GATE: 5.300e-06 (1 inst); ScaleAddition_E5M2_to_E4M3_scale_UE4M3_wide10: 8.270e-05 (1 inst); ScaleToFP15b_E5M2_x_E4M3_UE4M3_wide18: 4.870e-05 (1 inst),2.5000,400.0,1059,0.372,0.0366,2048,1,5freq
baseline_act-E5M2_w-E4M3_UE5M3,baseline,E5M2,E4M3,UE5M3,400,true,0.0000,4242.546004,CustomOperator_E5M2_to_E4M3_0: 51.5340 (1 inst); CustomOperator_E5M2_to_E4M3_1: 44.8560 (1 inst); CustomOperator_E5M2_to_E4M3_2: 64.7640 (1 inst); CustomOperator_E5M2_to_E4M3_3: 67.2840 (1 inst); FPNAdder: 612.7380 (1 inst); FixedFPTree_exp8_mant7_out10_vec4_range43: 2719.9620 (1 inst); SNPS_CLOCK_GATE: 1.8900 (1 inst); ScaleAddition_E5M2_to_E4M3_scale_UE5M3_wide10: 352.0440 (1 inst); ScaleToFP15b_E5M2_x_E4M3_UE5M3_wide18: 244.0620 (1 inst),1.686000e-03,CustomOperator_E5M2_to_E4M3_0: 2.100e-05 (1 inst); CustomOperator_E5M2_to_E4M3_1: 1.630e-05 (1 inst); CustomOperator_E5M2_to_E4M3_2: 2.260e-05 (1 inst); CustomOperator_E5M2_to_E4M3_3: 2.310e-05 (1 inst); FPNAdder: 2.560e-04 (1 inst); FixedFPTree_exp8_mant7_out10_vec4_range43: 1.010e-03 (1 inst); SNPS_CLOCK_GATE: 6.090e-07 (1 inst); ScaleAddition_E5M2_to_E4M3_scale_UE5M3_wide10: 1.980e-04 (1 inst); ScaleToFP15b_E5M2_x_E4M3_UE5M3_wide18: 1.180e-04 (1 inst),7.684000e-04,CustomOperator_E5M2_to_E4M3_0: 1.710e-05 (1 inst); CustomOperator_E5M2_to_E4M3_1: 1.430e-05 (1 inst); CustomOperator_E5M2_to_E4M3_2: 1.950e-05 (1 inst); CustomOperator_E5M2_to_E4M3_3: 1.940e-05 (1 inst); FPNAdder: 1.210e-04 (1 inst); FixedFPTree_exp8_mant7_out10_vec4_range43: 3.810e-04 (1 inst); SNPS_CLOCK_GATE: 5.300e-06 (1 inst); ScaleAddition_E5M2_to_E4M3_scale_UE5M3_wide10: 8.300e-05 (1 inst); ScaleToFP15b_E5M2_x_E4M3_UE5M3_wide18: 5.380e-05 (1 inst),2.5000,400.0,1059,0.372,0.0366,2048,1,5freq
baseline_act-E5M2_w-E4M3_UE4M4,baseline,E5M2,E4M3,UE4M4,400,true,0.0000,4493.160002,CustomOperator_E5M2_to_E4M3_0: 49.5180 (1 inst); CustomOperator_E5M2_to_E4M3_1: 45.8640 (1 inst); CustomOperator_E5M2_to_E4M3_2: 65.6460 (1 inst); CustomOperator_E5M2_to_E4M3_3: 68.9220 (1 inst); FPNAdder: 627.9840 (1 inst); FixedFPTree_exp8_mant7_out8_vec4_range43: 2899.7640 (1 inst); SNPS_CLOCK_GATE: 1.8900 (1 inst); ScaleAddition_E5M2_to_E4M3_scale_UE4M4_wide8: 407.1060 (1 inst); ScaleToFP15b_E5M2_x_E4M3_UE4M4_wide18: 249.2280 (1 inst),1.805000e-03,CustomOperator_E5M2_to_E4M3_0: 1.780e-05 (1 inst); CustomOperator_E5M2_to_E4M3_1: 1.660e-05 (1 inst); CustomOperator_E5M2_to_E4M3_2: 2.210e-05 (1 inst); CustomOperator_E5M2_to_E4M3_3: 2.320e-05 (1 inst); FPNAdder: 2.630e-04 (1 inst); FixedFPTree_exp8_mant7_out8_vec4_range43: 1.090e-03 (1 inst); SNPS_CLOCK_GATE: 5.990e-07 (1 inst); ScaleAddition_E5M2_to_E4M3_scale_UE4M4_wide8: 2.410e-04 (1 inst); ScaleToFP15b_E5M2_x_E4M3_UE4M4_wide18: 1.210e-04 (1 inst),8.185000e-04,CustomOperator_E5M2_to_E4M3_0: 1.550e-05 (1 inst); CustomOperator_E5M2_to_E4M3_1: 1.400e-05 (1 inst); CustomOperator_E5M2_to_E4M3_2: 1.920e-05 (1 inst); CustomOperator_E5M2_to_E4M3_3: 1.920e-05 (1 inst); FPNAdder: 1.240e-04 (1 inst); FixedFPTree_exp8_mant7_out8_vec4_range43: 4.290e-04 (1 inst); SNPS_CLOCK_GATE: 5.300e-06 (1 inst); ScaleAddition_E5M2_to_E4M3_scale_UE4M4_wide8: 9.240e-05 (1 inst); ScaleToFP15b_E5M2_x_E4M3_UE4M4_wide18: 4.720e-05 (1 inst),2.5000,400.0,1059,0.372,0.0366,2048,1,5freq
baseline_act-E5M2_w-E5M2_UE7M1,baseline,E5M2,E5M2,UE7M1,400,true,0.0000,4663.260006,CustomOperator_E5M2_to_E5M2_0: 47.5020 (1 inst); CustomOperator_E5M2_to_E5M2_1: 50.9040 (1 inst); CustomOperator_E5M2_to_E5M2_2: 59.2200 (1 inst); CustomOperator_E5M2_to_E5M2_3: 62.7480 (1 inst); FPNAdder: 661.7520 (1 inst); FixedFPTree_exp8_mant6_out16_vec4_range58: 3205.8180 (1 inst); SNPS_CLOCK_GATE: 1.8900 (1 inst); ScaleAddition_E5M2_to_E5M2_scale_UE7M1_wide16: 248.5980 (1 inst); ScaleToFP17b_E5M2_x_E5M2_UE7M1_wide20: 244.3140 (1 inst),1.647000e-03,CustomOperator_E5M2_to_E5M2_0: 1.780e-05 (1 inst); CustomOperator_E5M2_to_E5M2_1: 1.920e-05 (1 inst); CustomOperator_E5M2_to_E5M2_2: 2.020e-05 (1 inst); CustomOperator_E5M2_to_E5M2_3: 2.100e-05 (1 inst); FPNAdder: 2.630e-04 (1 inst); FixedFPTree_exp8_mant6_out16_vec4_range58: 1.050e-03 (1 inst); SNPS_CLOCK_GATE: 6.210e-07 (1 inst); ScaleAddition_E5M2_to_E5M2_scale_UE7M1_wide16: 1.290e-04 (1 inst); ScaleToFP17b_E5M2_x_E5M2_UE7M1_wide20: 1.140e-04 (1 inst),6.909000e-04,CustomOperator_E5M2_to_E5M2_0: 1.440e-05 (1 inst); CustomOperator_E5M2_to_E5M2_1: 1.550e-05 (1 inst); CustomOperator_E5M2_to_E5M2_2: 1.650e-05 (1 inst); CustomOperator_E5M2_to_E5M2_3: 1.620e-05 (1 inst); FPNAdder: 1.200e-04 (1 inst); FixedFPTree_exp8_mant6_out16_vec4_range58: 3.590e-04 (1 inst); SNPS_CLOCK_GATE: 5.560e-06 (1 inst); ScaleAddition_E5M2_to_E5M2_scale_UE7M1_wide16: 4.490e-05 (1 inst); ScaleToFP17b_E5M2_x_E5M2_UE7M1_wide20: 4.520e-05 (1 inst),2.5000,400.0,1059,0.372,0.0366,2048,1,5freq
baseline_act-E5M2_w-E5M2_UE6M2,baseline,E5M2,E5M2,UE6M2,400,true,0.0000,4966.794003,CustomOperator_E5M2_to_E5M2_0: 48.1320 (1 inst); CustomOperator_E5M2_to_E5M2_1: 44.8560 (1 inst); CustomOperator_E5M2_to_E5M2_2: 84.9240 (1 inst); CustomOperator_E5M2_to_E5M2_3: 83.0340 (1 inst); FPNAdder: 691.6140 (1 inst); FixedFPTree_exp8_mant6_out14_vec4_range58: 3306.6180 (1 inst); SNPS_CLOCK_GATE: 1.8900 (1 inst); ScaleAddition_E5M2_to_E5M2_scale_UE6M2_wide14: 347.6340 (1 inst); ScaleToFP17b_E5M2_x_E5M2_UE6M2_wide20: 271.7820 (1 inst),1.841000e-03,CustomOperator_E5M2_to_E5M2_0: 1.720e-05 (1 inst); CustomOperator_E5M2_to_E5M2_1: 1.520e-05 (1 inst); CustomOperator_E5M2_to_E5M2_2: 2.970e-05 (1 inst); CustomOperator_E5M2_to_E5M2_3: 2.710e-05 (1 inst); FPNAdder: 2.930e-04 (1 inst); FixedFPTree_exp8_mant6_out14_vec4_range58: 1.110e-03 (1 inst); SNPS_CLOCK_GATE: 6.260e-07 (1 inst); ScaleAddition_E5M2_to_E5M2_scale_UE6M2_wide14: 1.940e-04 (1 inst); ScaleToFP17b_E5M2_x_E5M2_UE6M2_wide20: 1.370e-04 (1 inst),7.644000e-04,CustomOperator_E5M2_to_E5M2_0: 1.430e-05 (1 inst); CustomOperator_E5M2_to_E5M2_1: 1.180e-05 (1 inst); CustomOperator_E5M2_to_E5M2_2: 2.060e-05 (1 inst); CustomOperator_E5M2_to_E5M2_3: 1.920e-05 (1 inst); FPNAdder: 1.310e-04 (1 inst); FixedFPTree_exp8_mant6_out14_vec4_range58: 3.920e-04 (1 inst); SNPS_CLOCK_GATE: 5.560e-06 (1 inst); ScaleAddition_E5M2_to_E5M2_scale_UE6M2_wide14: 6.040e-05 (1 inst); ScaleToFP17b_E5M2_x_E5M2_UE6M2_wide20: 5.510e-05 (1 inst),2.5000,400.0,1059,0.372,0.0366,2048,1,5freq
baseline_act-E5M2_w-E5M2_UE4M3,baseline,E5M2,E5M2,UE4M3,400,true,0.0000,5380.956005,CustomOperator_E5M2_to_E5M2_0: 48.2580 (1 inst); CustomOperator_E5M2_to_E5M2_1: 55.8180 (1 inst); CustomOperator_E5M2_to_E5M2_2: 79.1280 (1 inst); CustomOperator_E5M2_to_E5M2_3: 79.5060 (1 inst); FPNAdder: 688.0860 (1 inst); FixedFPTree_exp8_mant6_out12_vec4_range58: 3638.3760 (1 inst); SNPS_CLOCK_GATE: 1.8900 (1 inst); ScaleAddition_E5M2_to_E5M2_scale_UE4M3_wide12: 434.4480 (1 inst); ScaleToFP17b_E5M2_x_E5M2_UE4M3_wide20: 266.2380 (1 inst),2.048000e-03,CustomOperator_E5M2_to_E5M2_0: 1.770e-05 (1 inst); CustomOperator_E5M2_to_E5M2_1: 2.040e-05 (1 inst); CustomOperator_E5M2_to_E5M2_2: 2.760e-05 (1 inst); CustomOperator_E5M2_to_E5M2_3: 2.730e-05 (1 inst); FPNAdder: 2.890e-04 (1 inst); FixedFPTree_exp8_mant6_out12_vec4_range58: 1.260e-03 (1 inst); SNPS_CLOCK_GATE: 6.330e-07 (1 inst); ScaleAddition_E5M2_to_E5M2_scale_UE4M3_wide12: 2.600e-04 (1 inst); ScaleToFP17b_E5M2_x_E5M2_UE4M3_wide20: 1.310e-04 (1 inst),8.681000e-04,CustomOperator_E5M2_to_E5M2_0: 1.420e-05 (1 inst); CustomOperator_E5M2_to_E5M2_1: 1.620e-05 (1 inst); CustomOperator_E5M2_to_E5M2_2: 2.010e-05 (1 inst); CustomOperator_E5M2_to_E5M2_3: 1.870e-05 (1 inst); FPNAdder: 1.330e-04 (1 inst); FixedFPTree_exp8_mant6_out12_vec4_range58: 4.450e-04 (1 inst); SNPS_CLOCK_GATE: 5.560e-06 (1 inst); ScaleAddition_E5M2_to_E5M2_scale_UE4M3_wide12: 1.070e-04 (1 inst); ScaleToFP17b_E5M2_x_E5M2_UE4M3_wide20: 5.260e-05 (1 inst),2.5000,400.0,1059,0.372,0.0366,2048,1,5freq
baseline_act-E5M2_w-E5M2_UE5M3,baseline,E5M2,E5M2,UE5M3,400,true,0.0000,5430.096005,CustomOperator_E5M2_to_E5M2_0: 48.2580 (1 inst); CustomOperator_E5M2_to_E5M2_1: 51.4080 (1 inst); CustomOperator_E5M2_to_E5M2_2: 76.7340 (1 inst); CustomOperator_E5M2_to_E5M2_3: 82.4040 (1 inst); FPNAdder: 678.7620 (1 inst); FixedFPTree_exp8_mant6_out12_vec4_range58: 3665.3400 (1 inst); SNPS_CLOCK_GATE: 1.8900 (1 inst); ScaleAddition_E5M2_to_E5M2_scale_UE5M3_wide12: 446.1660 (1 inst); ScaleToFP17b_E5M2_x_E5M2_UE5M3_wide20: 294.2100 (1 inst),2.076000e-03,CustomOperator_E5M2_to_E5M2_0: 1.760e-05 (1 inst); CustomOperator_E5M2_to_E5M2_1: 1.950e-05 (1 inst); CustomOperator_E5M2_to_E5M2_2: 2.870e-05 (1 inst); CustomOperator_E5M2_to_E5M2_3: 2.650e-05 (1 inst); FPNAdder: 2.840e-04 (1 inst); FixedFPTree_exp8_mant6_out12_vec4_range58: 1.270e-03 (1 inst); SNPS_CLOCK_GATE: 6.300e-07 (1 inst); ScaleAddition_E5M2_to_E5M2_scale_UE5M3_wide12: 2.660e-04 (1 inst); ScaleToFP17b_E5M2_x_E5M2_UE5M3_wide20: 1.520e-04 (1 inst),8.802000e-04,CustomOperator_E5M2_to_E5M2_0: 1.450e-05 (1 inst); CustomOperator_E5M2_to_E5M2_1: 1.540e-05 (1 inst); CustomOperator_E5M2_to_E5M2_2: 2.130e-05 (1 inst); CustomOperator_E5M2_to_E5M2_3: 1.870e-05 (1 inst); FPNAdder: 1.280e-04 (1 inst); FixedFPTree_exp8_mant6_out12_vec4_range58: 4.530e-04 (1 inst); SNPS_CLOCK_GATE: 5.550e-06 (1 inst); ScaleAddition_E5M2_to_E5M2_scale_UE5M3_wide12: 1.090e-04 (1 inst); ScaleToFP17b_E5M2_x_E5M2_UE5M3_wide20: 5.940e-05 (1 inst),2.5000,400.0,1059,0.372,0.0366,2048,1,5freq
baseline_act-E5M2_w-E5M2_UE4M4,baseline,E5M2,E5M2,UE4M4,400,true,0.0000,5454.162004,CustomOperator_E5M2_to_E5M2_0: 48.1320 (1 inst); CustomOperator_E5M2_to_E5M2_1: 45.7380 (1 inst); CustomOperator_E5M2_to_E5M2_2: 67.5360 (1 inst); CustomOperator_E5M2_to_E5M2_3: 65.1420 (1 inst); FPNAdder: 749.1960 (1 inst); FixedFPTree_exp8_mant6_out10_vec4_range58: 3611.5380 (1 inst); SNPS_CLOCK_GATE: 1.8900 (1 inst); ScaleAddition_E5M2_to_E5M2_scale_UE4M4_wide10: 480.5640 (1 inst); ScaleToFP17b_E5M2_x_E5M2_UE4M4_wide20: 302.4000 (1 inst),2.077000e-03,CustomOperator_E5M2_to_E5M2_0: 1.810e-05 (1 inst); CustomOperator_E5M2_to_E5M2_1: 1.690e-05 (1 inst); CustomOperator_E5M2_to_E5M2_2: 2.200e-05 (1 inst); CustomOperator_E5M2_to_E5M2_3: 2.010e-05 (1 inst); FPNAdder: 3.130e-04 (1 inst); FixedFPTree_exp8_mant6_out10_vec4_range58: 1.250e-03 (1 inst); SNPS_CLOCK_GATE: 6.280e-07 (1 inst); ScaleAddition_E5M2_to_E5M2_scale_UE4M4_wide10: 2.790e-04 (1 inst); ScaleToFP17b_E5M2_x_E5M2_UE4M4_wide20: 1.450e-04 (1 inst),8.754000e-04,CustomOperator_E5M2_to_E5M2_0: 1.440e-05 (1 inst); CustomOperator_E5M2_to_E5M2_1: 1.220e-05 (1 inst); CustomOperator_E5M2_to_E5M2_2: 1.680e-05 (1 inst); CustomOperator_E5M2_to_E5M2_3: 1.580e-05 (1 inst); FPNAdder: 1.550e-04 (1 inst); FixedFPTree_exp8_mant6_out10_vec4_range58: 4.400e-04 (1 inst); SNPS_CLOCK_GATE: 5.560e-06 (1 inst); ScaleAddition_E5M2_to_E5M2_scale_UE4M4_wide10: 9.570e-05 (1 inst); ScaleToFP17b_E5M2_x_E5M2_UE4M4_wide20: 6.440e-05 (1 inst),2.5000,400.0,1059,0.372,0.0366,2048,1,5freq
baseline_act-E5M2_w-E5M2_UE4M3,baseline,E5M2,E5M2,UE4M3,488,true,0.0000,10141.866012,CustomOperator_E5M2_to_E5M2_0: 46.2420 (1 inst); CustomOperator_E5M2_to_E5M2_1: 58.8420 (1 inst); CustomOperator_E5M2_to_E5M2_2: 111.7620 (1 inst); CustomOperator_E5M2_to_E5M2_3: 111.6360 (1 inst); FPNAdder: 1132.3620 (1 inst); FixedFPTree_exp8_mant6_out12_vec4_range58: 6979.5180 (1 inst); SNPS_CLOCK_GATE: 1.8900 (1 inst); ScaleAddition_E5M2_to_E5M2_scale_UE4M3_wide12: 1081.7100 (1 inst); ScaleToFP17b_E5M2_x_E5M2_UE4M3_wide20: 525.2940 (1 inst),4.622000e-03,CustomOperator_E5M2_to_E5M2_0: 1.690e-05 (1 inst); CustomOperator_E5M2_to_E5M2_1: 2.260e-05 (1 inst); CustomOperator_E5M2_to_E5M2_2: 3.690e-05 (1 inst); CustomOperator_E5M2_to_E5M2_3: 3.470e-05 (1 inst); FPNAdder: 5.950e-04 (1 inst); FixedFPTree_exp8_mant6_out12_vec4_range58: 2.780e-03 (1 inst); SNPS_CLOCK_GATE: 6.290e-07 (1 inst); ScaleAddition_E5M2_to_E5M2_scale_UE4M3_wide12: 7.880e-04 (1 inst); ScaleToFP17b_E5M2_x_E5M2_UE4M3_wide20: 3.250e-04 (1 inst),2.004000e-03,CustomOperator_E5M2_to_E5M2_0: 1.590e-05 (1 inst); CustomOperator_E5M2_to_E5M2_1: 2.000e-05 (1 inst); CustomOperator_E5M2_to_E5M2_2: 3.040e-05 (1 inst); CustomOperator_E5M2_to_E5M2_3: 2.880e-05 (1 inst); FPNAdder: 2.850e-04 (1 inst); FixedFPTree_exp8_mant6_out12_vec4_range58: 1.070e-03 (1 inst); SNPS_CLOCK_GATE: 6.770e-06 (1 inst); ScaleAddition_E5M2_to_E5M2_scale_UE4M3_wide12: 3.420e-04 (1 inst); ScaleToFP17b_E5M2_x_E5M2_UE4M3_wide20: 1.360e-04 (1 inst),2.0492,488.0,1059,0.372,0.0366,2048,1,atfmax
baseline_act-E2M1_w-E2M1_UE8M0,baseline,E2M1,E2M1,UE8M0,500,true,0.0000,926.477998,CustomOperator_E2M1_to_E2M1_0: 9.0720 (1 inst); CustomOperator_E2M1_to_E2M1_1: 9.0720 (1 inst); CustomOperator_E2M1_to_E2M1_2: 9.4500 (1 inst); CustomOperator_E2M1_to_E2M1_3: 9.0720 (1 inst); DirectToFP14b_E2M1_x_E2M1_UE8M0_wide14: 68.9220 (1 inst); FPNAdder: 406.9800 (1 inst); FixedFPTree_exp7_mant4_out14_vec4_range4: 343.8540 (1 inst); SNPS_CLOCK_GATE: 1.8900 (1 inst),3.285000e-04,CustomOperator_E2M1_to_E2M1_0: 2.800e-06 (1 inst); CustomOperator_E2M1_to_E2M1_1: 2.840e-06 (1 inst); CustomOperator_E2M1_to_E2M1_2: 2.940e-06 (1 inst); CustomOperator_E2M1_to_E2M1_3: 2.740e-06 (1 inst); DirectToFP14b_E2M1_x_E2M1_UE8M0_wide14: 3.340e-05 (1 inst); FPNAdder: 1.360e-04 (1 inst); FixedFPTree_exp7_mant4_out14_vec4_range4: 1.400e-04 (1 inst); SNPS_CLOCK_GATE: 5.940e-07 (1 inst),2.446000e-04,CustomOperator_E2M1_to_E2M1_0: 4.260e-06 (1 inst); CustomOperator_E2M1_to_E2M1_1: 4.280e-06 (1 inst); CustomOperator_E2M1_to_E2M1_2: 4.480e-06 (1 inst); CustomOperator_E2M1_to_E2M1_3: 3.990e-06 (1 inst); DirectToFP14b_E2M1_x_E2M1_UE8M0_wide14: 7.880e-06 (1 inst); FPNAdder: 6.400e-05 (1 inst); FixedFPTree_exp7_mant4_out14_vec4_range4: 9.750e-05 (1 inst); SNPS_CLOCK_GATE: 6.470e-06 (1 inst),2.0000,500.0,1059,0.372,0.0366,2048,1,e2m1_fsweep
baseline_act-E2M3_w-E2M1_UE8M0,baseline,E2M3,E2M1,UE8M0,500,true,0.0000,1112.579999,CustomOperator_E2M3_to_E2M1_0: 17.3880 (1 inst); CustomOperator_E2M3_to_E2M1_1: 16.8840 (1 inst); CustomOperator_E2M3_to_E2M1_2: 18.1440 (1 inst); CustomOperator_E2M3_to_E2M1_3: 17.5140 (1 inst); DirectToFP14b_E2M3_x_E2M1_UE8M0: 57.9600 (1 inst); FPNAdder: 406.8540 (1 inst); FixedFPTree_exp6_mant6_out6_vec4_range4: 506.6460 (1 inst); SNPS_CLOCK_GATE: 1.8900 (1 inst),4.469000e-04,CustomOperator_E2M3_to_E2M1_0: 5.730e-06 (1 inst); CustomOperator_E2M3_to_E2M1_1: 5.400e-06 (1 inst); CustomOperator_E2M3_to_E2M1_2: 5.620e-06 (1 inst); CustomOperator_E2M3_to_E2M1_3: 5.320e-06 (1 inst); DirectToFP14b_E2M3_x_E2M1_UE8M0: 3.280e-05 (1 inst); FPNAdder: 1.350e-04 (1 inst); FixedFPTree_exp6_mant6_out6_vec4_range4: 2.490e-04 (1 inst); SNPS_CLOCK_GATE: 5.870e-07 (1 inst),3.296000e-04,CustomOperator_E2M3_to_E2M1_0: 8.450e-06 (1 inst); CustomOperator_E2M3_to_E2M1_1: 7.980e-06 (1 inst); CustomOperator_E2M3_to_E2M1_2: 8.430e-06 (1 inst); CustomOperator_E2M3_to_E2M1_3: 7.670e-06 (1 inst); DirectToFP14b_E2M3_x_E2M1_UE8M0: 9.900e-06 (1 inst); FPNAdder: 6.220e-05 (1 inst); FixedFPTree_exp6_mant6_out6_vec4_range4: 1.650e-04 (1 inst); SNPS_CLOCK_GATE: 6.470e-06 (1 inst),2.0000,500.0,1059,0.372,0.0366,2048,1,5freq
baseline_act-E2M3_w-E2M3_UE8M0,baseline,E2M3,E2M3,UE8M0,500,true,0.0000,1271.969998,CustomOperator_E2M3_to_E2M3_0: 38.3040 (1 inst); CustomOperator_E2M3_to_E2M3_1: 38.0520 (1 inst); CustomOperator_E2M3_to_E2M3_2: 38.9340 (1 inst); CustomOperator_E2M3_to_E2M3_3: 39.1860 (1 inst); DirectToFP14b_E2M3_x_E2M3_UE8M0: 60.1020 (1 inst); FPNAdder: 413.9100 (1 inst); FixedFPTree_exp6_mant8_out8_vec4_range4: 572.4180 (1 inst); SNPS_CLOCK_GATE: 1.8900 (1 inst),5.423000e-04,CustomOperator_E2M3_to_E2M3_0: 1.260e-05 (1 inst); CustomOperator_E2M3_to_E2M3_1: 1.240e-05 (1 inst); CustomOperator_E2M3_to_E2M3_2: 1.270e-05 (1 inst); CustomOperator_E2M3_to_E2M3_3: 1.270e-05 (1 inst); DirectToFP14b_E2M3_x_E2M3_UE8M0: 3.380e-05 (1 inst); FPNAdder: 1.530e-04 (1 inst); FixedFPTree_exp6_mant8_out8_vec4_range4: 2.960e-04 (1 inst); SNPS_CLOCK_GATE: 5.920e-07 (1 inst),4.094000e-04,CustomOperator_E2M3_to_E2M3_0: 1.620e-05 (1 inst); CustomOperator_E2M3_to_E2M3_1: 1.580e-05 (1 inst); CustomOperator_E2M3_to_E2M3_2: 1.650e-05 (1 inst); CustomOperator_E2M3_to_E2M3_3: 1.620e-05 (1 inst); DirectToFP14b_E2M3_x_E2M3_UE8M0: 1.030e-05 (1 inst); FPNAdder: 7.680e-05 (1 inst); FixedFPTree_exp6_mant8_out8_vec4_range4: 1.950e-04 (1 inst); SNPS_CLOCK_GATE: 6.470e-06 (1 inst),2.0000,500.0,1059,0.372,0.0366,2048,1,5freq
baseline_act-E3M2_w-E2M1_UE8M0,baseline,E3M2,E2M1,UE8M0,500,true,0.0000,1346.814000,CustomOperator_E3M2_to_E2M1_0: 16.6320 (1 inst); CustomOperator_E3M2_to_E2M1_1: 18.1440 (1 inst); CustomOperator_E3M2_to_E2M1_2: 21.0420 (1 inst); CustomOperator_E3M2_to_E2M1_3: 23.3100 (1 inst); DirectToFP14b_E3M2_x_E2M1_UE8M0: 57.3300 (1 inst); FPNAdder: 431.1720 (1 inst); FixedFPTree_exp6_mant5_out5_vec4_range8: 706.9860 (1 inst); SNPS_CLOCK_GATE: 1.8900 (1 inst),5.303000e-04,CustomOperator_E3M2_to_E2M1_0: 5.620e-06 (1 inst); CustomOperator_E3M2_to_E2M1_1: 6.420e-06 (1 inst); CustomOperator_E3M2_to_E2M1_2: 6.520e-06 (1 inst); CustomOperator_E3M2_to_E2M1_3: 7.250e-06 (1 inst); DirectToFP14b_E3M2_x_E2M1_UE8M0: 3.050e-05 (1 inst); FPNAdder: 1.390e-04 (1 inst); FixedFPTree_exp6_mant5_out5_vec4_range8: 3.250e-04 (1 inst); SNPS_CLOCK_GATE: 5.920e-07 (1 inst),3.849000e-04,CustomOperator_E3M2_to_E2M1_0: 7.800e-06 (1 inst); CustomOperator_E3M2_to_E2M1_1: 8.650e-06 (1 inst); CustomOperator_E3M2_to_E2M1_2: 9.390e-06 (1 inst); CustomOperator_E3M2_to_E2M1_3: 1.030e-05 (1 inst); DirectToFP14b_E3M2_x_E2M1_UE8M0: 1.040e-05 (1 inst); FPNAdder: 7.840e-05 (1 inst); FixedFPTree_exp6_mant5_out5_vec4_range8: 2.010e-04 (1 inst); SNPS_CLOCK_GATE: 6.470e-06 (1 inst),2.0000,500.0,1059,0.372,0.0366,2048,1,5freq
baseline_act-INT8_w-E2M1_UE8M0,baseline,INT8,E2M1,UE8M0,500,true,0.0000,1380.834000,CustomOperator_INT8_to_E2M1_0: 33.7680 (1 inst); CustomOperator_INT8_to_E2M1_1: 33.7680 (1 inst); CustomOperator_INT8_to_E2M1_2: 33.8940 (1 inst); CustomOperator_INT8_to_E2M1_3: 33.8940 (1 inst); DirectToFP19b_INT8_x_E2M1_UE8M0: 64.6380 (1 inst); FPNAdder: 524.5380 (1 inst); FixedFPTree_exp7_mant9_out9_vec4_range2: 571.0320 (1 inst); SNPS_CLOCK_GATE: 1.8900 (1 inst),5.681000e-04,CustomOperator_INT8_to_E2M1_0: 1.220e-05 (1 inst); CustomOperator_INT8_to_E2M1_1: 1.210e-05 (1 inst); CustomOperator_INT8_to_E2M1_2: 1.200e-05 (1 inst); CustomOperator_INT8_to_E2M1_3: 1.190e-05 (1 inst); DirectToFP19b_INT8_x_E2M1_UE8M0: 3.340e-05 (1 inst); FPNAdder: 1.880e-04 (1 inst); FixedFPTree_exp7_mant9_out9_vec4_range2: 2.880e-04 (1 inst); SNPS_CLOCK_GATE: 6.500e-07 (1 inst),4.407000e-04,CustomOperator_INT8_to_E2M1_0: 1.440e-05 (1 inst); CustomOperator_INT8_to_E2M1_1: 1.420e-05 (1 inst); CustomOperator_INT8_to_E2M1_2: 1.410e-05 (1 inst); CustomOperator_INT8_to_E2M1_3: 1.330e-05 (1 inst); DirectToFP19b_INT8_x_E2M1_UE8M0: 9.590e-06 (1 inst); FPNAdder: 1.000e-04 (1 inst); FixedFPTree_exp7_mant9_out9_vec4_range2: 2.030e-04 (1 inst); SNPS_CLOCK_GATE: 7.260e-06 (1 inst),2.0000,500.0,1059,0.372,0.0366,2048,1,5freq
baseline_act-E2M1_w-E2M1_UE7M1,baseline,E2M1,E2M1,UE7M1,500,true,0.0000,1458.449997,CustomOperator_E2M1_to_E2M1_0: 9.5760 (1 inst); CustomOperator_E2M1_to_E2M1_1: 9.9540 (1 inst); CustomOperator_E2M1_to_E2M1_2: 12.6000 (1 inst); CustomOperator_E2M1_to_E2M1_3: 11.3400 (1 inst); FPNAdder: 474.1380 (1 inst); FixedFPTree_exp7_mant4_out13_vec4_range4: 477.5400 (1 inst); SNPS_CLOCK_GATE: 1.8900 (1 inst); ScaleAddition_E2M1_to_E2M1_scale_UE7M1_wide13: 209.7900 (1 inst); ScaleToFP14b_E2M1_x_E2M1_UE7M1_wide17: 182.1960 (1 inst),5.567000e-04,CustomOperator_E2M1_to_E2M1_0: 3.080e-06 (1 inst); CustomOperator_E2M1_to_E2M1_1: 3.390e-06 (1 inst); CustomOperator_E2M1_to_E2M1_2: 4.580e-06 (1 inst); CustomOperator_E2M1_to_E2M1_3: 3.810e-06 (1 inst); FPNAdder: 1.740e-04 (1 inst); FixedFPTree_exp7_mant4_out13_vec4_range4: 2.120e-04 (1 inst); SNPS_CLOCK_GATE: 5.930e-07 (1 inst); ScaleAddition_E2M1_to_E2M1_scale_UE7M1_wide13: 7.040e-05 (1 inst); ScaleToFP14b_E2M1_x_E2M1_UE7M1_wide17: 7.520e-05 (1 inst),3.681000e-04,CustomOperator_E2M1_to_E2M1_0: 4.680e-06 (1 inst); CustomOperator_E2M1_to_E2M1_1: 5.130e-06 (1 inst); CustomOperator_E2M1_to_E2M1_2: 6.700e-06 (1 inst); CustomOperator_E2M1_to_E2M1_3: 5.300e-06 (1 inst); FPNAdder: 8.650e-05 (1 inst); FixedFPTree_exp7_mant4_out13_vec4_range4: 1.450e-04 (1 inst); SNPS_CLOCK_GATE: 6.470e-06 (1 inst); ScaleAddition_E2M1_to_E2M1_scale_UE7M1_wide13: 2.510e-05 (1 inst); ScaleToFP14b_E2M1_x_E2M1_UE7M1_wide17: 3.060e-05 (1 inst),2.0000,500.0,1059,0.372,0.0366,2048,1,e2m1_fsweep
baseline_act-E3M2_w-E2M3_UE8M0,baseline,E3M2,E2M3,UE8M0,500,true,0.0000,1494.485999,CustomOperator_E3M2_to_E2M3_0: 28.7280 (1 inst); CustomOperator_E3M2_to_E2M3_1: 30.1140 (1 inst); CustomOperator_E3M2_to_E2M3_2: 33.2640 (1 inst); CustomOperator_E3M2_to_E2M3_3: 30.1140 (1 inst); DirectToFP14b_E3M2_x_E2M3_UE8M0: 65.8980 (1 inst); FPNAdder: 428.7780 (1 inst); FixedFPTree_exp6_mant7_out7_vec4_range8: 806.4000 (1 inst); SNPS_CLOCK_GATE: 1.8900 (1 inst),6.533000e-04,CustomOperator_E3M2_to_E2M3_0: 1.060e-05 (1 inst); CustomOperator_E3M2_to_E2M3_1: 1.080e-05 (1 inst); CustomOperator_E3M2_to_E2M3_2: 1.130e-05 (1 inst); CustomOperator_E3M2_to_E2M3_3: 1.020e-05 (1 inst); DirectToFP14b_E3M2_x_E2M3_UE8M0: 3.580e-05 (1 inst); FPNAdder: 1.520e-04 (1 inst); FixedFPTree_exp6_mant7_out7_vec4_range8: 4.120e-04 (1 inst); SNPS_CLOCK_GATE: 5.850e-07 (1 inst),4.589000e-04,CustomOperator_E3M2_to_E2M3_0: 1.350e-05 (1 inst); CustomOperator_E3M2_to_E2M3_1: 1.380e-05 (1 inst); CustomOperator_E3M2_to_E2M3_2: 1.490e-05 (1 inst); CustomOperator_E3M2_to_E2M3_3: 1.320e-05 (1 inst); DirectToFP14b_E3M2_x_E2M3_UE8M0: 1.180e-05 (1 inst); FPNAdder: 8.160e-05 (1 inst); FixedFPTree_exp6_mant7_out7_vec4_range8: 2.480e-04 (1 inst); SNPS_CLOCK_GATE: 6.470e-06 (1 inst),2.0000,500.0,1059,0.372,0.0366,2048,1,5freq
baseline_act-E3M2_w-E3M2_UE8M0,baseline,E3M2,E3M2,UE8M0,500,true,0.0000,1598.561999,CustomOperator_E3M2_to_E3M2_0: 32.0040 (1 inst); CustomOperator_E3M2_to_E3M2_1: 34.1460 (1 inst); CustomOperator_E3M2_to_E3M2_2: 38.0520 (1 inst); CustomOperator_E3M2_to_E3M2_3: 35.6580 (1 inst); DirectToFP14b_E3M2_x_E3M2_UE8M0: 60.8580 (1 inst); FPNAdder: 442.2600 (1 inst); FixedFPTree_exp6_mant6_out6_vec4_range12: 884.3940 (1 inst); SNPS_CLOCK_GATE: 1.8900 (1 inst),6.770000e-04,CustomOperator_E3M2_to_E3M2_0: 1.150e-05 (1 inst); CustomOperator_E3M2_to_E3M2_1: 1.260e-05 (1 inst); CustomOperator_E3M2_to_E3M2_2: 1.390e-05 (1 inst); CustomOperator_E3M2_to_E3M2_3: 1.320e-05 (1 inst); DirectToFP14b_E3M2_x_E3M2_UE8M0: 3.410e-05 (1 inst); FPNAdder: 1.480e-04 (1 inst); FixedFPTree_exp6_mant6_out6_vec4_range12: 4.340e-04 (1 inst); SNPS_CLOCK_GATE: 5.990e-07 (1 inst),4.404000e-04,CustomOperator_E3M2_to_E3M2_0: 1.280e-05 (1 inst); CustomOperator_E3M2_to_E3M2_1: 1.370e-05 (1 inst); CustomOperator_E3M2_to_E3M2_2: 1.540e-05 (1 inst); CustomOperator_E3M2_to_E3M2_3: 1.410e-05 (1 inst); DirectToFP14b_E3M2_x_E3M2_UE8M0: 7.880e-06 (1 inst); FPNAdder: 7.340e-05 (1 inst); FixedFPTree_exp6_mant6_out6_vec4_range12: 2.430e-04 (1 inst); SNPS_CLOCK_GATE: 6.470e-06 (1 inst),2.0000,500.0,1059,0.372,0.0366,2048,1,5freq
baseline_act-E2M1_w-E2M1_UE6M2,baseline,E2M1,E2M1,UE6M2,500,true,0.0000,1617.587999,CustomOperator_E2M1_to_E2M1_0: 9.3240 (1 inst); CustomOperator_E2M1_to_E2M1_1: 9.9540 (1 inst); CustomOperator_E2M1_to_E2M1_2: 12.2220 (1 inst); CustomOperator_E2M1_to_E2M1_3: 11.3400 (1 inst); FPNAdder: 495.5580 (1 inst); FixedFPTree_exp6_mant4_out11_vec4_range4: 546.8400 (1 inst); SNPS_CLOCK_GATE: 1.8900 (1 inst); ScaleAddition_E2M1_to_E2M1_scale_UE6M2_wide11: 275.8140 (1 inst); ScaleToFP14b_E2M1_x_E2M1_UE6M2_wide17: 176.5260 (1 inst),7.133000e-04,CustomOperator_E2M1_to_E2M1_0: 3.170e-06 (1 inst); CustomOperator_E2M1_to_E2M1_1: 3.670e-06 (1 inst); CustomOperator_E2M1_to_E2M1_2: 4.040e-06 (1 inst); CustomOperator_E2M1_to_E2M1_3: 3.740e-06 (1 inst); FPNAdder: 2.110e-04 (1 inst); FixedFPTree_exp6_mant4_out11_vec4_range4: 2.450e-04 (1 inst); SNPS_CLOCK_GATE: 5.880e-07 (1 inst); ScaleAddition_E2M1_to_E2M1_scale_UE6M2_wide11: 1.330e-04 (1 inst); ScaleToFP14b_E2M1_x_E2M1_UE6M2_wide17: 9.510e-05 (1 inst),4.386000e-04,CustomOperator_E2M1_to_E2M1_0: 4.770e-06 (1 inst); CustomOperator_E2M1_to_E2M1_1: 5.370e-06 (1 inst); CustomOperator_E2M1_to_E2M1_2: 6.050e-06 (1 inst); CustomOperator_E2M1_to_E2M1_3: 5.000e-06 (1 inst); FPNAdder: 9.930e-05 (1 inst); FixedFPTree_exp6_mant4_out11_vec4_range4: 1.670e-04 (1 inst); SNPS_CLOCK_GATE: 6.470e-06 (1 inst); ScaleAddition_E2M1_to_E2M1_scale_UE6M2_wide11: 5.490e-05 (1 inst); ScaleToFP14b_E2M1_x_E2M1_UE6M2_wide17: 3.280e-05 (1 inst),2.0000,500.0,1059,0.372,0.0366,2048,1,e2m1_fsweep
baseline_act-INT8_w-E3M2_UE8M0,baseline,INT8,E3M2,UE8M0,500,true,0.0000,1643.165998,CustomOperator_INT8_to_E3M2_0: 55.8180 (1 inst); CustomOperator_INT8_to_E3M2_1: 55.9440 (1 inst); CustomOperator_INT8_to_E3M2_2: 55.9440 (1 inst); CustomOperator_INT8_to_E3M2_3: 51.7860 (1 inst); DirectToFP19b_INT8_x_E3M2_UE8M0: 69.9300 (1 inst); FPNAdder: 549.7380 (1 inst); FixedFPTree_exp7_mant10_out10_vec4_range6: 719.5860 (1 inst); SNPS_CLOCK_GATE: 1.8900 (1 inst),7.754000e-04,CustomOperator_INT8_to_E3M2_0: 2.120e-05 (1 inst); CustomOperator_INT8_to_E3M2_1: 2.130e-05 (1 inst); CustomOperator_INT8_to_E3M2_2: 2.140e-05 (1 inst); CustomOperator_INT8_to_E3M2_3: 2.000e-05 (1 inst); DirectToFP19b_INT8_x_E3M2_UE8M0: 3.870e-05 (1 inst); FPNAdder: 2.160e-04 (1 inst); FixedFPTree_exp7_mant10_out10_vec4_range6: 4.270e-04 (1 inst); SNPS_CLOCK_GATE: 6.580e-07 (1 inst),5.453000e-04,CustomOperator_INT8_to_E3M2_0: 2.230e-05 (1 inst); CustomOperator_INT8_to_E3M2_1: 2.170e-05 (1 inst); CustomOperator_INT8_to_E3M2_2: 2.280e-05 (1 inst); CustomOperator_INT8_to_E3M2_3: 2.050e-05 (1 inst); DirectToFP19b_INT8_x_E3M2_UE8M0: 1.060e-05 (1 inst); FPNAdder: 1.100e-04 (1 inst); FixedFPTree_exp7_mant10_out10_vec4_range6: 2.650e-04 (1 inst); SNPS_CLOCK_GATE: 7.260e-06 (1 inst),2.0000,500.0,1059,0.372,0.0366,2048,1,5freq
baseline_act-INT8_w-E2M3_UE8M0,baseline,INT8,E2M3,UE8M0,500,true,0.0000,1648.457997,CustomOperator_INT8_to_E2M3_0: 74.8440 (1 inst); CustomOperator_INT8_to_E2M3_1: 74.3400 (1 inst); CustomOperator_INT8_to_E2M3_2: 75.6000 (1 inst); CustomOperator_INT8_to_E2M3_3: 68.2920 (1 inst); DirectToFP19b_INT8_x_E2M3_UE8M0: 71.8200 (1 inst); FPNAdder: 543.3120 (1 inst); FixedFPTree_exp7_mant11_out11_vec4_range2: 655.0740 (1 inst); SNPS_CLOCK_GATE: 1.8900 (1 inst),7.508000e-04,CustomOperator_INT8_to_E2M3_0: 2.990e-05 (1 inst); CustomOperator_INT8_to_E2M3_1: 2.990e-05 (1 inst); CustomOperator_INT8_to_E2M3_2: 2.990e-05 (1 inst); CustomOperator_INT8_to_E2M3_3: 2.780e-05 (1 inst); DirectToFP19b_INT8_x_E2M3_UE8M0: 3.830e-05 (1 inst); FPNAdder: 2.130e-04 (1 inst); FixedFPTree_exp7_mant11_out11_vec4_range2: 3.700e-04 (1 inst); SNPS_CLOCK_GATE: 6.560e-07 (1 inst),5.557000e-04,CustomOperator_INT8_to_E2M3_0: 2.970e-05 (1 inst); CustomOperator_INT8_to_E2M3_1: 2.860e-05 (1 inst); CustomOperator_INT8_to_E2M3_2: 2.940e-05 (1 inst); CustomOperator_INT8_to_E2M3_3: 2.710e-05 (1 inst); DirectToFP19b_INT8_x_E2M3_UE8M0: 1.090e-05 (1 inst); FPNAdder: 1.130e-04 (1 inst); FixedFPTree_exp7_mant11_out11_vec4_range2: 2.430e-04 (1 inst); SNPS_CLOCK_GATE: 7.260e-06 (1 inst),2.0000,500.0,1059,0.372,0.0366,2048,1,5freq
baseline_act-E2M1_w-E2M1_UE4M3,baseline,E2M1,E2M1,UE4M3,500,true,0.0000,1660.931998,CustomOperator_E2M1_to_E2M1_0: 10.2060 (1 inst); CustomOperator_E2M1_to_E2M1_1: 10.8360 (1 inst); CustomOperator_E2M1_to_E2M1_2: 25.5780 (1 inst); CustomOperator_E2M1_to_E2M1_3: 19.7820 (1 inst); FPNAdder: 524.6640 (1 inst); FixedFPTree_exp6_mant4_out9_vec4_range4: 546.0840 (1 inst); SNPS_CLOCK_GATE: 1.8900 (1 inst); ScaleAddition_E2M1_to_E2M1_scale_UE4M3_wide9: 280.7280 (1 inst); ScaleToFP14b_E2M1_x_E2M1_UE4M3_wide17: 166.6980 (1 inst),7.280000e-04,CustomOperator_E2M1_to_E2M1_0: 3.850e-06 (1 inst); CustomOperator_E2M1_to_E2M1_1: 3.800e-06 (1 inst); CustomOperator_E2M1_to_E2M1_2: 7.090e-06 (1 inst); CustomOperator_E2M1_to_E2M1_3: 5.480e-06 (1 inst); FPNAdder: 2.200e-04 (1 inst); FixedFPTree_exp6_mant4_out9_vec4_range4: 2.440e-04 (1 inst); SNPS_CLOCK_GATE: 5.880e-07 (1 inst); ScaleAddition_E2M1_to_E2M1_scale_UE4M3_wide9: 1.430e-04 (1 inst); ScaleToFP14b_E2M1_x_E2M1_UE4M3_wide17: 8.800e-05 (1 inst),4.321000e-04,CustomOperator_E2M1_to_E2M1_0: 5.670e-06 (1 inst); CustomOperator_E2M1_to_E2M1_1: 5.710e-06 (1 inst); CustomOperator_E2M1_to_E2M1_2: 1.150e-05 (1 inst); CustomOperator_E2M1_to_E2M1_3: 7.250e-06 (1 inst); FPNAdder: 9.800e-05 (1 inst); FixedFPTree_exp6_mant4_out9_vec4_range4: 1.660e-04 (1 inst); SNPS_CLOCK_GATE: 6.470e-06 (1 inst); ScaleAddition_E2M1_to_E2M1_scale_UE4M3_wide9: 4.200e-05 (1 inst); ScaleToFP14b_E2M1_x_E2M1_UE4M3_wide17: 3.260e-05 (1 inst),2.0000,500.0,1059,0.372,0.0366,2048,1,e2m1_fsweep
baseline_act-E2M1_w-E2M1_UE5M3,baseline,E2M1,E2M1,UE5M3,500,true,0.0000,1679.705997,CustomOperator_E2M1_to_E2M1_0: 10.0800 (1 inst); CustomOperator_E2M1_to_E2M1_1: 11.5920 (1 inst); CustomOperator_E2M1_to_E2M1_2: 30.3660 (1 inst); CustomOperator_E2M1_to_E2M1_3: 18.5220 (1 inst); FPNAdder: 516.4740 (1 inst); FixedFPTree_exp6_mant4_out9_vec4_range4: 542.9340 (1 inst); SNPS_CLOCK_GATE: 1.8900 (1 inst); ScaleAddition_E2M1_to_E2M1_scale_UE5M3_wide9: 289.1700 (1 inst); ScaleToFP14b_E2M1_x_E2M1_UE5M3_wide17: 186.1020 (1 inst),7.356000e-04,CustomOperator_E2M1_to_E2M1_0: 3.960e-06 (1 inst); CustomOperator_E2M1_to_E2M1_1: 3.680e-06 (1 inst); CustomOperator_E2M1_to_E2M1_2: 7.980e-06 (1 inst); CustomOperator_E2M1_to_E2M1_3: 4.680e-06 (1 inst); FPNAdder: 2.170e-04 (1 inst); FixedFPTree_exp6_mant4_out9_vec4_range4: 2.430e-04 (1 inst); SNPS_CLOCK_GATE: 5.970e-07 (1 inst); ScaleAddition_E2M1_to_E2M1_scale_UE5M3_wide9: 1.450e-04 (1 inst); ScaleToFP14b_E2M1_x_E2M1_UE5M3_wide17: 9.800e-05 (1 inst),4.758000e-04,CustomOperator_E2M1_to_E2M1_0: 5.830e-06 (1 inst); CustomOperator_E2M1_to_E2M1_1: 5.470e-06 (1 inst); CustomOperator_E2M1_to_E2M1_2: 1.250e-05 (1 inst); CustomOperator_E2M1_to_E2M1_3: 6.260e-06 (1 inst); FPNAdder: 1.090e-04 (1 inst); FixedFPTree_exp6_mant4_out9_vec4_range4: 1.640e-04 (1 inst); SNPS_CLOCK_GATE: 6.470e-06 (1 inst); ScaleAddition_E2M1_to_E2M1_scale_UE5M3_wide9: 6.930e-05 (1 inst); ScaleToFP14b_E2M1_x_E2M1_UE5M3_wide17: 4.010e-05 (1 inst),2.0000,500.0,1059,0.372,0.0366,2048,1,e2m1_fsweep
baseline_act-INT8_w-INT8_UE8M0,baseline,INT8,INT8,UE8M0,500,true,0.0000,1692.306000,CustomOperator_INT8_to_INT8_0: 147.2940 (1 inst); CustomOperator_INT8_to_INT8_1: 145.9080 (1 inst); CustomOperator_INT8_to_INT8_2: 146.2860 (1 inst); CustomOperator_INT8_to_INT8_3: 151.7040 (1 inst); DirectToFP19b_INT8_x_INT8_UE8M0: 78.4980 (1 inst); FPNAdder: 534.4920 (1 inst); FixedFPTree_exp7_mant14_out14_vec4_range0: 401.4360 (1 inst); SNPS_CLOCK_GATE: 1.8900 (1 inst),8.914000e-04,CustomOperator_INT8_to_INT8_0: 8.130e-05 (1 inst); CustomOperator_INT8_to_INT8_1: 8.010e-05 (1 inst); CustomOperator_INT8_to_INT8_2: 7.990e-05 (1 inst); CustomOperator_INT8_to_INT8_3: 8.170e-05 (1 inst); DirectToFP19b_INT8_x_INT8_UE8M0: 4.460e-05 (1 inst); FPNAdder: 2.140e-04 (1 inst); FixedFPTree_exp7_mant14_out14_vec4_range0: 2.970e-04 (1 inst); SNPS_CLOCK_GATE: 6.540e-07 (1 inst),6.427000e-04,CustomOperator_INT8_to_INT8_0: 6.630e-05 (1 inst); CustomOperator_INT8_to_INT8_1: 6.690e-05 (1 inst); CustomOperator_INT8_to_INT8_2: 6.740e-05 (1 inst); CustomOperator_INT8_to_INT8_3: 6.860e-05 (1 inst); DirectToFP19b_INT8_x_INT8_UE8M0: 1.290e-05 (1 inst); FPNAdder: 1.100e-04 (1 inst); FixedFPTree_exp7_mant14_out14_vec4_range0: 1.740e-04 (1 inst); SNPS_CLOCK_GATE: 7.260e-06 (1 inst),2.0000,500.0,1059,0.372,0.0366,2048,1,5freq
baseline_act-E2M1_w-E2M1_UE4M4,baseline,E2M1,E2M1,UE4M4,500,true,0.0000,1701.377999,CustomOperator_E2M1_to_E2M1_0: 10.0800 (1 inst); CustomOperator_E2M1_to_E2M1_1: 10.9620 (1 inst); CustomOperator_E2M1_to_E2M1_2: 16.3800 (1 inst); CustomOperator_E2M1_to_E2M1_3: 13.6080 (1 inst); FPNAdder: 518.3640 (1 inst); FixedFPTree_exp6_mant4_out7_vec4_range4: 561.7080 (1 inst); SNPS_CLOCK_GATE: 1.8900 (1 inst); ScaleAddition_E2M1_to_E2M1_scale_UE4M4_wide7: 331.6320 (1 inst); ScaleToFP14b_E2M1_x_E2M1_UE4M4_wide17: 161.6580 (1 inst),8.309000e-04,CustomOperator_E2M1_to_E2M1_0: 3.680e-06 (1 inst); CustomOperator_E2M1_to_E2M1_1: 4.040e-06 (1 inst); CustomOperator_E2M1_to_E2M1_2: 5.290e-06 (1 inst); CustomOperator_E2M1_to_E2M1_3: 4.390e-06 (1 inst); FPNAdder: 2.370e-04 (1 inst); FixedFPTree_exp6_mant4_out7_vec4_range4: 2.580e-04 (1 inst); SNPS_CLOCK_GATE: 5.790e-07 (1 inst); ScaleAddition_E2M1_to_E2M1_scale_UE4M4_wide7: 2.070e-04 (1 inst); ScaleToFP14b_E2M1_x_E2M1_UE4M4_wide17: 9.770e-05 (1 inst),5.262000e-04,CustomOperator_E2M1_to_E2M1_0: 5.380e-06 (1 inst); CustomOperator_E2M1_to_E2M1_1: 5.700e-06 (1 inst); CustomOperator_E2M1_to_E2M1_2: 8.150e-06 (1 inst); CustomOperator_E2M1_to_E2M1_3: 6.180e-06 (1 inst); FPNAdder: 1.190e-04 (1 inst); FixedFPTree_exp6_mant4_out7_vec4_range4: 1.740e-04 (1 inst); SNPS_CLOCK_GATE: 6.470e-06 (1 inst); ScaleAddition_E2M1_to_E2M1_scale_UE4M4_wide7: 9.190e-05 (1 inst); ScaleToFP14b_E2M1_x_E2M1_UE4M4_wide17: 4.990e-05 (1 inst),2.0000,500.0,1059,0.372,0.0366,2048,1,e2m1_fsweep
baseline_act-E2M3_w-E2M1_UE7M1,baseline,E2M3,E2M1,UE7M1,500,true,0.0000,1709.568001,CustomOperator_E2M3_to_E2M1_0: 16.8840 (1 inst); CustomOperator_E2M3_to_E2M1_1: 17.3880 (1 inst); CustomOperator_E2M3_to_E2M1_2: 21.1680 (1 inst); CustomOperator_E2M3_to_E2M1_3: 18.7740 (1 inst); FPNAdder: 522.9000 (1 inst); FixedFPTree_exp7_mant6_out13_vec4_range4: 625.4640 (1 inst); SNPS_CLOCK_GATE: 1.8900 (1 inst); ScaleAddition_E2M3_to_E2M1_scale_UE7M1_wide13: 215.5860 (1 inst); ScaleToFP14b_E2M3_x_E2M1_UE7M1_wide17: 191.3940 (1 inst),7.586000e-04,CustomOperator_E2M3_to_E2M1_0: 5.450e-06 (1 inst); CustomOperator_E2M3_to_E2M1_1: 5.370e-06 (1 inst); CustomOperator_E2M3_to_E2M1_2: 6.490e-06 (1 inst); CustomOperator_E2M3_to_E2M1_3: 6.080e-06 (1 inst); FPNAdder: 2.100e-04 (1 inst); FixedFPTree_exp7_mant6_out13_vec4_range4: 3.140e-04 (1 inst); SNPS_CLOCK_GATE: 5.860e-07 (1 inst); ScaleAddition_E2M3_to_E2M1_scale_UE7M1_wide13: 1.030e-04 (1 inst); ScaleToFP14b_E2M3_x_E2M1_UE7M1_wide17: 9.490e-05 (1 inst),5.044000e-04,CustomOperator_E2M3_to_E2M1_0: 8.050e-06 (1 inst); CustomOperator_E2M3_to_E2M1_1: 7.990e-06 (1 inst); CustomOperator_E2M3_to_E2M1_2: 9.810e-06 (1 inst); CustomOperator_E2M3_to_E2M1_3: 8.270e-06 (1 inst); FPNAdder: 1.060e-04 (1 inst); FixedFPTree_exp7_mant6_out13_vec4_range4: 2.090e-04 (1 inst); SNPS_CLOCK_GATE: 6.470e-06 (1 inst); ScaleAddition_E2M3_to_E2M1_scale_UE7M1_wide13: 4.610e-05 (1 inst); ScaleToFP14b_E2M3_x_E2M1_UE7M1_wide17: 4.520e-05 (1 inst),2.0000,500.0,1059,0.372,0.0366,2048,1,5freq
baseline_act-E2M3_w-E2M1_UE6M2,baseline,E2M3,E2M1,UE6M2,500,true,0.0000,1839.978000,CustomOperator_E2M3_to_E2M1_0: 17.1360 (1 inst); CustomOperator_E2M3_to_E2M1_1: 20.4120 (1 inst); CustomOperator_E2M3_to_E2M1_2: 29.4840 (1 inst); CustomOperator_E2M3_to_E2M1_3: 31.3740 (1 inst); FPNAdder: 532.0980 (1 inst); FixedFPTree_exp6_mant6_out11_vec4_range4: 659.4840 (1 inst); SNPS_CLOCK_GATE: 1.8900 (1 inst); ScaleAddition_E2M3_to_E2M1_scale_UE6M2_wide11: 277.4520 (1 inst); ScaleToFP14b_E2M3_x_E2M1_UE6M2_wide17: 198.0720 (1 inst),8.832000e-04,CustomOperator_E2M3_to_E2M1_0: 5.470e-06 (1 inst); CustomOperator_E2M3_to_E2M1_1: 6.320e-06 (1 inst); CustomOperator_E2M3_to_E2M1_2: 9.060e-06 (1 inst); CustomOperator_E2M3_to_E2M1_3: 9.400e-06 (1 inst); FPNAdder: 2.410e-04 (1 inst); FixedFPTree_exp6_mant6_out11_vec4_range4: 3.250e-04 (1 inst); SNPS_CLOCK_GATE: 5.860e-07 (1 inst); ScaleAddition_E2M3_to_E2M1_scale_UE6M2_wide11: 1.570e-04 (1 inst); ScaleToFP14b_E2M3_x_E2M1_UE6M2_wide17: 1.160e-04 (1 inst),5.741000e-04,CustomOperator_E2M3_to_E2M1_0: 8.090e-06 (1 inst); CustomOperator_E2M3_to_E2M1_1: 9.340e-06 (1 inst); CustomOperator_E2M3_to_E2M1_2: 1.360e-05 (1 inst); CustomOperator_E2M3_to_E2M1_3: 1.340e-05 (1 inst); FPNAdder: 1.180e-04 (1 inst); FixedFPTree_exp6_mant6_out11_vec4_range4: 2.200e-04 (1 inst); SNPS_CLOCK_GATE: 6.470e-06 (1 inst); ScaleAddition_E2M3_to_E2M1_scale_UE6M2_wide11: 7.570e-05 (1 inst); ScaleToFP14b_E2M3_x_E2M1_UE6M2_wide17: 5.140e-05 (1 inst),2.0000,500.0,1059,0.372,0.0366,2048,1,5freq
baseline_act-E2M3_w-E2M3_UE7M1,baseline,E2M3,E2M3,UE7M1,500,true,0.0000,1880.802001,CustomOperator_E2M3_to_E2M3_0: 41.9580 (1 inst); CustomOperator_E2M3_to_E2M3_1: 42.5880 (1 inst); CustomOperator_E2M3_to_E2M3_2: 51.0300 (1 inst); CustomOperator_E2M3_to_E2M3_3: 46.3680 (1 inst); FPNAdder: 516.3480 (1 inst); FixedFPTree_exp7_mant8_out13_vec4_range4: 712.4040 (1 inst); SNPS_CLOCK_GATE: 1.8900 (1 inst); ScaleAddition_E2M3_to_E2M3_scale_UE7M1_wide13: 206.5140 (1 inst); ScaleToFP14b_E2M3_x_E2M3_UE7M1_wide17: 187.6140 (1 inst),9.167000e-04,CustomOperator_E2M3_to_E2M3_0: 1.350e-05 (1 inst); CustomOperator_E2M3_to_E2M3_1: 1.400e-05 (1 inst); CustomOperator_E2M3_to_E2M3_2: 1.630e-05 (1 inst); CustomOperator_E2M3_to_E2M3_3: 1.490e-05 (1 inst); FPNAdder: 2.370e-04 (1 inst); FixedFPTree_exp7_mant8_out13_vec4_range4: 3.920e-04 (1 inst); SNPS_CLOCK_GATE: 5.920e-07 (1 inst); ScaleAddition_E2M3_to_E2M3_scale_UE7M1_wide13: 1.160e-04 (1 inst); ScaleToFP14b_E2M3_x_E2M3_UE7M1_wide17: 9.880e-05 (1 inst),6.103000e-04,CustomOperator_E2M3_to_E2M3_0: 1.790e-05 (1 inst); CustomOperator_E2M3_to_E2M3_1: 1.840e-05 (1 inst); CustomOperator_E2M3_to_E2M3_2: 2.240e-05 (1 inst); CustomOperator_E2M3_to_E2M3_3: 1.990e-05 (1 inst); FPNAdder: 1.200e-04 (1 inst); FixedFPTree_exp7_mant8_out13_vec4_range4: 2.510e-04 (1 inst); SNPS_CLOCK_GATE: 6.470e-06 (1 inst); ScaleAddition_E2M3_to_E2M3_scale_UE7M1_wide13: 5.130e-05 (1 inst); ScaleToFP14b_E2M3_x_E2M3_UE7M1_wide17: 4.360e-05 (1 inst),2.0000,500.0,1059,0.372,0.0366,2048,1,5freq
baseline_act-E2M3_w-E2M1_UE4M3,baseline,E2M3,E2M1,UE4M3,500,true,0.0000,1901.213999,CustomOperator_E2M3_to_E2M1_0: 16.7580 (1 inst); CustomOperator_E2M3_to_E2M1_1: 18.2700 (1 inst); CustomOperator_E2M3_to_E2M1_2: 31.8780 (1 inst); CustomOperator_E2M3_to_E2M1_3: 32.3820 (1 inst); FPNAdder: 571.1580 (1 inst); FixedFPTree_exp6_mant6_out9_vec4_range4: 674.9820 (1 inst); SNPS_CLOCK_GATE: 1.8900 (1 inst); ScaleAddition_E2M3_to_E2M1_scale_UE4M3_wide9: 291.9420 (1 inst); ScaleToFP14b_E2M3_x_E2M1_UE4M3_wide17: 182.5740 (1 inst),9.547000e-04,CustomOperator_E2M3_to_E2M1_0: 5.470e-06 (1 inst); CustomOperator_E2M3_to_E2M1_1: 6.190e-06 (1 inst); CustomOperator_E2M3_to_E2M1_2: 8.730e-06 (1 inst); CustomOperator_E2M3_to_E2M1_3: 9.280e-06 (1 inst); FPNAdder: 2.620e-04 (1 inst); FixedFPTree_exp6_mant6_out9_vec4_range4: 3.470e-04 (1 inst); SNPS_CLOCK_GATE: 6.020e-07 (1 inst); ScaleAddition_E2M3_to_E2M1_scale_UE4M3_wide9: 1.870e-04 (1 inst); ScaleToFP14b_E2M3_x_E2M1_UE4M3_wide17: 1.110e-04 (1 inst),5.757000e-04,CustomOperator_E2M3_to_E2M1_0: 8.120e-06 (1 inst); CustomOperator_E2M3_to_E2M1_1: 9.180e-06 (1 inst); CustomOperator_E2M3_to_E2M1_2: 1.350e-05 (1 inst); CustomOperator_E2M3_to_E2M1_3: 1.290e-05 (1 inst); FPNAdder: 1.210e-04 (1 inst); FixedFPTree_exp6_mant6_out9_vec4_range4: 2.300e-04 (1 inst); SNPS_CLOCK_GATE: 6.470e-06 (1 inst); ScaleAddition_E2M3_to_E2M1_scale_UE4M3_wide9: 6.540e-05 (1 inst); ScaleToFP14b_E2M3_x_E2M1_UE4M3_wide17: 4.860e-05 (1 inst),2.0000,500.0,1059,0.372,0.0366,2048,1,5freq
baseline_act-E4M3_w-E2M1_UE8M0,baseline,E4M3,E2M1,UE8M0,500,true,0.0000,1903.356003,CustomOperator_E4M3_to_E2M1_0: 23.0580 (1 inst); CustomOperator_E4M3_to_E2M1_1: 23.4360 (1 inst); CustomOperator_E4M3_to_E2M1_2: 31.5000 (1 inst); CustomOperator_E4M3_to_E2M1_3: 32.5080 (1 inst); DirectToFP14b_E4M3_x_E2M1_UE8M0: 69.4260 (1 inst); FPNAdder: 481.3200 (1 inst); FixedFPTree_exp7_mant6_out6_vec4_range16: 1170.9180 (1 inst); SNPS_CLOCK_GATE: 1.8900 (1 inst),7.566000e-04,CustomOperator_E4M3_to_E2M1_0: 8.290e-06 (1 inst); CustomOperator_E4M3_to_E2M1_1: 8.880e-06 (1 inst); CustomOperator_E4M3_to_E2M1_2: 1.100e-05 (1 inst); CustomOperator_E4M3_to_E2M1_3: 1.060e-05 (1 inst); DirectToFP14b_E4M3_x_E2M1_UE8M0: 3.940e-05 (1 inst); FPNAdder: 1.650e-04 (1 inst); FixedFPTree_exp7_mant6_out6_vec4_range16: 5.050e-04 (1 inst); SNPS_CLOCK_GATE: 5.930e-07 (1 inst),4.805000e-04,CustomOperator_E4M3_to_E2M1_0: 1.120e-05 (1 inst); CustomOperator_E4M3_to_E2M1_1: 1.150e-05 (1 inst); CustomOperator_E4M3_to_E2M1_2: 1.450e-05 (1 inst); CustomOperator_E4M3_to_E2M1_3: 1.330e-05 (1 inst); DirectToFP14b_E4M3_x_E2M1_UE8M0: 1.200e-05 (1 inst); FPNAdder: 8.550e-05 (1 inst); FixedFPTree_exp7_mant6_out6_vec4_range16: 2.720e-04 (1 inst); SNPS_CLOCK_GATE: 6.470e-06 (1 inst),2.0000,500.0,1059,0.372,0.0366,2048,1,5freq
baseline_act-E2M3_w-E2M1_UE4M4,baseline,E2M3,E2M1,UE4M4,500,true,0.0000,1907.387999,CustomOperator_E2M3_to_E2M1_0: 17.1360 (1 inst); CustomOperator_E2M3_to_E2M1_1: 17.8920 (1 inst); CustomOperator_E2M3_to_E2M1_2: 26.4600 (1 inst); CustomOperator_E2M3_to_E2M1_3: 23.8140 (1 inst); FPNAdder: 563.3460 (1 inst); FixedFPTree_exp6_mant6_out7_vec4_range4: 646.3800 (1 inst); SNPS_CLOCK_GATE: 1.8900 (1 inst); ScaleAddition_E2M3_to_E2M1_scale_UE4M4_wide7: 362.1240 (1 inst); ScaleToFP14b_E2M3_x_E2M1_UE4M4_wide17: 175.6440 (1 inst),1.031000e-03,CustomOperator_E2M3_to_E2M1_0: 5.450e-06 (1 inst); CustomOperator_E2M3_to_E2M1_1: 5.830e-06 (1 inst); CustomOperator_E2M3_to_E2M1_2: 7.910e-06 (1 inst); CustomOperator_E2M3_to_E2M1_3: 6.670e-06 (1 inst); FPNAdder: 2.740e-04 (1 inst); FixedFPTree_exp6_mant6_out7_vec4_range4: 3.410e-04 (1 inst); SNPS_CLOCK_GATE: 5.920e-07 (1 inst); ScaleAddition_E2M3_to_E2M1_scale_UE4M4_wide7: 2.600e-04 (1 inst); ScaleToFP14b_E2M3_x_E2M1_UE4M4_wide17: 1.160e-04 (1 inst),6.518000e-04,CustomOperator_E2M3_to_E2M1_0: 8.050e-06 (1 inst); CustomOperator_E2M3_to_E2M1_1: 8.650e-06 (1 inst); CustomOperator_E2M3_to_E2M1_2: 1.210e-05 (1 inst); CustomOperator_E2M3_to_E2M1_3: 9.340e-06 (1 inst); FPNAdder: 1.420e-04 (1 inst); FixedFPTree_exp6_mant6_out7_vec4_range4: 2.240e-04 (1 inst); SNPS_CLOCK_GATE: 6.470e-06 (1 inst); ScaleAddition_E2M3_to_E2M1_scale_UE4M4_wide7: 1.230e-04 (1 inst); ScaleToFP14b_E2M3_x_E2M1_UE4M4_wide17: 5.650e-05 (1 inst),2.0000,500.0,1059,0.372,0.0366,2048,1,5freq
baseline_act-E2M3_w-E2M1_UE5M3,baseline,E2M3,E2M1,UE5M3,500,true,0.0000,1981.727999,CustomOperator_E2M3_to_E2M1_0: 16.8840 (1 inst); CustomOperator_E2M3_to_E2M1_1: 18.0180 (1 inst); CustomOperator_E2M3_to_E2M1_2: 33.2640 (1 inst); CustomOperator_E2M3_to_E2M1_3: 25.8300 (1 inst); FPNAdder: 583.7580 (1 inst); FixedFPTree_exp6_mant6_out9_vec4_range4: 677.5020 (1 inst); SNPS_CLOCK_GATE: 1.8900 (1 inst); ScaleAddition_E2M3_to_E2M1_scale_UE5M3_wide9: 305.9280 (1 inst); ScaleToFP14b_E2M3_x_E2M1_UE5M3_wide17: 246.0780 (1 inst),1.007000e-03,CustomOperator_E2M3_to_E2M1_0: 5.470e-06 (1 inst); CustomOperator_E2M3_to_E2M1_1: 5.970e-06 (1 inst); CustomOperator_E2M3_to_E2M1_2: 9.160e-06 (1 inst); CustomOperator_E2M3_to_E2M1_3: 7.760e-06 (1 inst); FPNAdder: 2.720e-04 (1 inst); FixedFPTree_exp6_mant6_out9_vec4_range4: 3.490e-04 (1 inst); SNPS_CLOCK_GATE: 5.860e-07 (1 inst); ScaleAddition_E2M3_to_E2M1_scale_UE5M3_wide9: 2.010e-04 (1 inst); ScaleToFP14b_E2M3_x_E2M1_UE5M3_wide17: 1.430e-04 (1 inst),6.549000e-04,CustomOperator_E2M3_to_E2M1_0: 8.170e-06 (1 inst); CustomOperator_E2M3_to_E2M1_1: 8.850e-06 (1 inst); CustomOperator_E2M3_to_E2M1_2: 1.340e-05 (1 inst); CustomOperator_E2M3_to_E2M1_3: 1.110e-05 (1 inst); FPNAdder: 1.380e-04 (1 inst); FixedFPTree_exp6_mant6_out9_vec4_range4: 2.300e-04 (1 inst); SNPS_CLOCK_GATE: 6.470e-06 (1 inst); ScaleAddition_E2M3_to_E2M1_scale_UE5M3_wide9: 1.060e-04 (1 inst); ScaleToFP14b_E2M3_x_E2M1_UE5M3_wide17: 7.130e-05 (1 inst),2.0000,500.0,1059,0.372,0.0366,2048,1,5freq
baseline_act-E2M3_w-E2M3_UE6M2,baseline,E2M3,E2M3,UE6M2,500,true,0.0000,1985.759999,CustomOperator_E2M3_to_E2M3_0: 42.4620 (1 inst); CustomOperator_E2M3_to_E2M3_1: 44.8560 (1 inst); CustomOperator_E2M3_to_E2M3_2: 58.3380 (1 inst); CustomOperator_E2M3_to_E2M3_3: 53.1720 (1 inst); FPNAdder: 517.1040 (1 inst); FixedFPTree_exp6_mant8_out11_vec4_range4: 729.4140 (1 inst); SNPS_CLOCK_GATE: 1.8900 (1 inst); ScaleAddition_E2M3_to_E2M3_scale_UE6M2_wide11: 276.9480 (1 inst); ScaleToFP14b_E2M3_x_E2M3_UE6M2_wide17: 190.7640 (1 inst),1.024000e-03,CustomOperator_E2M3_to_E2M3_0: 1.450e-05 (1 inst); CustomOperator_E2M3_to_E2M3_1: 1.530e-05 (1 inst); CustomOperator_E2M3_to_E2M3_2: 1.860e-05 (1 inst); CustomOperator_E2M3_to_E2M3_3: 1.680e-05 (1 inst); FPNAdder: 2.490e-04 (1 inst); FixedFPTree_exp6_mant8_out11_vec4_range4: 3.870e-04 (1 inst); SNPS_CLOCK_GATE: 5.900e-07 (1 inst); ScaleAddition_E2M3_to_E2M3_scale_UE6M2_wide11: 1.860e-04 (1 inst); ScaleToFP14b_E2M3_x_E2M3_UE6M2_wide17: 1.220e-04 (1 inst),6.780000e-04,CustomOperator_E2M3_to_E2M3_0: 1.930e-05 (1 inst); CustomOperator_E2M3_to_E2M3_1: 1.990e-05 (1 inst); CustomOperator_E2M3_to_E2M3_2: 2.590e-05 (1 inst); CustomOperator_E2M3_to_E2M3_3: 2.210e-05 (1 inst); FPNAdder: 1.260e-04 (1 inst); FixedFPTree_exp6_mant8_out11_vec4_range4: 2.520e-04 (1 inst); SNPS_CLOCK_GATE: 6.470e-06 (1 inst); ScaleAddition_E2M3_to_E2M3_scale_UE6M2_wide11: 9.270e-05 (1 inst); ScaleToFP14b_E2M3_x_E2M3_UE6M2_wide17: 5.160e-05 (1 inst),2.0000,500.0,1059,0.372,0.0366,2048,1,5freq
baseline_act-E4M3_w-E2M3_UE8M0,baseline,E4M3,E2M3,UE8M0,500,true,0.0000,2093.868001,CustomOperator_E4M3_to_E2M3_0: 44.7300 (1 inst); CustomOperator_E4M3_to_E2M3_1: 45.2340 (1 inst); CustomOperator_E4M3_to_E2M3_2: 51.9120 (1 inst); CustomOperator_E4M3_to_E2M3_3: 54.8100 (1 inst); DirectToFP14b_E4M3_x_E2M3_UE8M0: 67.0320 (1 inst); FPNAdder: 463.4280 (1 inst); FixedFPTree_exp7_mant8_out8_vec4_range16: 1292.8860 (1 inst); SNPS_CLOCK_GATE: 1.8900 (1 inst),9.763000e-04,CustomOperator_E4M3_to_E2M3_0: 1.630e-05 (1 inst); CustomOperator_E4M3_to_E2M3_1: 1.680e-05 (1 inst); CustomOperator_E4M3_to_E2M3_2: 1.730e-05 (1 inst); CustomOperator_E4M3_to_E2M3_3: 1.840e-05 (1 inst); DirectToFP14b_E4M3_x_E2M3_UE8M0: 3.680e-05 (1 inst); FPNAdder: 1.810e-04 (1 inst); FixedFPTree_exp7_mant8_out8_vec4_range16: 6.800e-04 (1 inst); SNPS_CLOCK_GATE: 5.950e-07 (1 inst),5.771000e-04,CustomOperator_E4M3_to_E2M3_0: 2.080e-05 (1 inst); CustomOperator_E4M3_to_E2M3_1: 2.080e-05 (1 inst); CustomOperator_E4M3_to_E2M3_2: 2.260e-05 (1 inst); CustomOperator_E4M3_to_E2M3_3: 2.350e-05 (1 inst); DirectToFP14b_E4M3_x_E2M3_UE8M0: 1.070e-05 (1 inst); FPNAdder: 9.140e-05 (1 inst); FixedFPTree_exp7_mant8_out8_vec4_range16: 3.240e-04 (1 inst); SNPS_CLOCK_GATE: 6.470e-06 (1 inst),2.0000,500.0,1059,0.372,0.0366,2048,1,5freq
baseline_act-INT8_w-E2M1_UE7M1,baseline,INT8,E2M1,UE7M1,500,true,0.0000,2115.792000,CustomOperator_INT8_to_E2M1_0: 36.9180 (1 inst); CustomOperator_INT8_to_E2M1_1: 37.2960 (1 inst); CustomOperator_INT8_to_E2M1_2: 41.9580 (1 inst); CustomOperator_INT8_to_E2M1_3: 37.2960 (1 inst); FPNAdder: 640.3320 (1 inst); FixedFPTree_exp7_mant9_out18_vec4_range2: 703.4580 (1 inst); SNPS_CLOCK_GATE: 1.8900 (1 inst); ScaleAddition_INT8_to_E2M1_scale_UE7M1_wide18: 272.5380 (1 inst); ScaleToFP19b_INT8_x_E2M1_UE7M1_wide22: 257.0400 (1 inst),9.183000e-04,CustomOperator_INT8_to_E2M1_0: 1.350e-05 (1 inst); CustomOperator_INT8_to_E2M1_1: 1.340e-05 (1 inst); CustomOperator_INT8_to_E2M1_2: 1.480e-05 (1 inst); CustomOperator_INT8_to_E2M1_3: 1.350e-05 (1 inst); FPNAdder: 2.480e-04 (1 inst); FixedFPTree_exp7_mant9_out18_vec4_range2: 3.590e-04 (1 inst); SNPS_CLOCK_GATE: 6.500e-07 (1 inst); ScaleAddition_INT8_to_E2M1_scale_UE7M1_wide18: 1.260e-04 (1 inst); ScaleToFP19b_INT8_x_E2M1_UE7M1_wide22: 1.170e-04 (1 inst),6.084000e-04,CustomOperator_INT8_to_E2M1_0: 1.610e-05 (1 inst); CustomOperator_INT8_to_E2M1_1: 1.580e-05 (1 inst); CustomOperator_INT8_to_E2M1_2: 1.840e-05 (1 inst); CustomOperator_INT8_to_E2M1_3: 1.550e-05 (1 inst); FPNAdder: 1.250e-04 (1 inst); FixedFPTree_exp7_mant9_out18_vec4_range2: 2.410e-04 (1 inst); SNPS_CLOCK_GATE: 7.260e-06 (1 inst); ScaleAddition_INT8_to_E2M1_scale_UE7M1_wide18: 4.990e-05 (1 inst); ScaleToFP19b_INT8_x_E2M1_UE7M1_wide22: 5.420e-05 (1 inst),2.0000,500.0,1059,0.372,0.0366,2048,1,5freq
baseline_act-INT8_w-INT8_UE7M1,baseline,INT8,INT8,UE7M1,500,true,0.0000,2149.686001,CustomOperator_INT8_to_INT8_0: 154.7280 (1 inst); CustomOperator_INT8_to_INT8_1: 161.5320 (1 inst); CustomOperator_INT8_to_INT8_2: 162.5400 (1 inst); CustomOperator_INT8_to_INT8_3: 155.3580 (1 inst); FPNAdder: 611.7300 (1 inst); FixedFPTree_exp8_mant14_out18_vec4_range0: 414.0360 (1 inst); SNPS_CLOCK_GATE: 1.8900 (1 inst); ScaleAddition_INT8_to_INT8_scale_UE7M1_wide18: 242.2980 (1 inst); ScaleToFP19b_INT8_x_INT8_UE7M1_wide22: 157.8780 (1 inst),1.188000e-03,CustomOperator_INT8_to_INT8_0: 8.360e-05 (1 inst); CustomOperator_INT8_to_INT8_1: 8.730e-05 (1 inst); CustomOperator_INT8_to_INT8_2: 8.780e-05 (1 inst); CustomOperator_INT8_to_INT8_3: 8.350e-05 (1 inst); FPNAdder: 2.670e-04 (1 inst); FixedFPTree_exp8_mant14_out18_vec4_range0: 3.170e-04 (1 inst); SNPS_CLOCK_GATE: 6.470e-07 (1 inst); ScaleAddition_INT8_to_INT8_scale_UE7M1_wide18: 1.560e-04 (1 inst); ScaleToFP19b_INT8_x_INT8_UE7M1_wide22: 8.990e-05 (1 inst),7.916000e-04,CustomOperator_INT8_to_INT8_0: 6.990e-05 (1 inst); CustomOperator_INT8_to_INT8_1: 7.560e-05 (1 inst); CustomOperator_INT8_to_INT8_2: 7.620e-05 (1 inst); CustomOperator_INT8_to_INT8_3: 7.050e-05 (1 inst); FPNAdder: 1.340e-04 (1 inst); FixedFPTree_exp8_mant14_out18_vec4_range0: 1.860e-04 (1 inst); SNPS_CLOCK_GATE: 7.260e-06 (1 inst); ScaleAddition_INT8_to_INT8_scale_UE7M1_wide18: 6.290e-05 (1 inst); ScaleToFP19b_INT8_x_INT8_UE7M1_wide22: 3.920e-05 (1 inst),2.0000,500.0,1059,0.372,0.0366,2048,1,5freq
baseline_act-E2M3_w-E2M3_UE4M3,baseline,E2M3,E2M3,UE4M3,500,true,0.0000,2164.427998,CustomOperator_E2M3_to_E2M3_0: 42.8400 (1 inst); CustomOperator_E2M3_to_E2M3_1: 43.9740 (1 inst); CustomOperator_E2M3_to_E2M3_2: 55.9440 (1 inst); CustomOperator_E2M3_to_E2M3_3: 51.9120 (1 inst); FPNAdder: 623.1960 (1 inst); FixedFPTree_exp6_mant8_out9_vec4_range4: 757.5120 (1 inst); SNPS_CLOCK_GATE: 1.8900 (1 inst); ScaleAddition_E2M3_to_E2M3_scale_UE4M3_wide9: 294.2100 (1 inst); ScaleToFP14b_E2M3_x_E2M3_UE4M3_wide17: 220.3740 (1 inst),1.152000e-03,CustomOperator_E2M3_to_E2M3_0: 1.460e-05 (1 inst); CustomOperator_E2M3_to_E2M3_1: 1.540e-05 (1 inst); CustomOperator_E2M3_to_E2M3_2: 1.730e-05 (1 inst); CustomOperator_E2M3_to_E2M3_3: 1.630e-05 (1 inst); FPNAdder: 2.980e-04 (1 inst); FixedFPTree_exp6_mant8_out9_vec4_range4: 4.200e-04 (1 inst); SNPS_CLOCK_GATE: 5.880e-07 (1 inst); ScaleAddition_E2M3_to_E2M3_scale_UE4M3_wide9: 2.120e-04 (1 inst); ScaleToFP14b_E2M3_x_E2M3_UE4M3_wide17: 1.440e-04 (1 inst),7.070000e-04,CustomOperator_E2M3_to_E2M3_0: 1.920e-05 (1 inst); CustomOperator_E2M3_to_E2M3_1: 2.020e-05 (1 inst); CustomOperator_E2M3_to_E2M3_2: 2.400e-05 (1 inst); CustomOperator_E2M3_to_E2M3_3: 2.130e-05 (1 inst); FPNAdder: 1.410e-04 (1 inst); FixedFPTree_exp6_mant8_out9_vec4_range4: 2.730e-04 (1 inst); SNPS_CLOCK_GATE: 6.470e-06 (1 inst); ScaleAddition_E2M3_to_E2M3_scale_UE4M3_wide9: 7.610e-05 (1 inst); ScaleToFP14b_E2M3_x_E2M3_UE4M3_wide17: 6.330e-05 (1 inst),2.0000,500.0,1059,0.372,0.0366,2048,1,5freq
baseline_act-E2M3_w-E2M3_UE5M3,baseline,E2M3,E2M3,UE5M3,500,true,0.0000,2174.633997,CustomOperator_E2M3_to_E2M3_0: 42.7140 (1 inst); CustomOperator_E2M3_to_E2M3_1: 44.3520 (1 inst); CustomOperator_E2M3_to_E2M3_2: 57.3300 (1 inst); CustomOperator_E2M3_to_E2M3_3: 55.5660 (1 inst); FPNAdder: 588.2940 (1 inst); FixedFPTree_exp6_mant8_out9_vec4_range4: 798.7140 (1 inst); SNPS_CLOCK_GATE: 1.8900 (1 inst); ScaleAddition_E2M3_to_E2M3_scale_UE5M3_wide9: 310.9680 (1 inst); ScaleToFP14b_E2M3_x_E2M3_UE5M3_wide17: 202.6080 (1 inst),1.154000e-03,CustomOperator_E2M3_to_E2M3_0: 1.450e-05 (1 inst); CustomOperator_E2M3_to_E2M3_1: 1.560e-05 (1 inst); CustomOperator_E2M3_to_E2M3_2: 1.870e-05 (1 inst); CustomOperator_E2M3_to_E2M3_3: 1.690e-05 (1 inst); FPNAdder: 2.830e-04 (1 inst); FixedFPTree_exp6_mant8_out9_vec4_range4: 4.390e-04 (1 inst); SNPS_CLOCK_GATE: 5.880e-07 (1 inst); ScaleAddition_E2M3_to_E2M3_scale_UE5M3_wide9: 2.210e-04 (1 inst); ScaleToFP14b_E2M3_x_E2M3_UE5M3_wide17: 1.300e-04 (1 inst),7.709000e-04,CustomOperator_E2M3_to_E2M3_0: 1.910e-05 (1 inst); CustomOperator_E2M3_to_E2M3_1: 2.020e-05 (1 inst); CustomOperator_E2M3_to_E2M3_2: 2.520e-05 (1 inst); CustomOperator_E2M3_to_E2M3_3: 2.230e-05 (1 inst); FPNAdder: 1.470e-04 (1 inst); FixedFPTree_exp6_mant8_out9_vec4_range4: 2.900e-04 (1 inst); SNPS_CLOCK_GATE: 6.470e-06 (1 inst); ScaleAddition_E2M3_to_E2M3_scale_UE5M3_wide9: 1.180e-04 (1 inst); ScaleToFP14b_E2M3_x_E2M3_UE5M3_wide17: 6.040e-05 (1 inst),2.0000,500.0,1059,0.372,0.0366,2048,1,5freq
baseline_act-E3M2_w-E2M1_UE7M1,baseline,E3M2,E2M1,UE7M1,500,true,0.0000,2182.194001,CustomOperator_E3M2_to_E2M1_0: 17.2620 (1 inst); CustomOperator_E3M2_to_E2M1_1: 18.1440 (1 inst); CustomOperator_E3M2_to_E2M1_2: 34.3980 (1 inst); CustomOperator_E3M2_to_E2M1_3: 31.6260 (1 inst); FPNAdder: 530.3340 (1 inst); FixedFPTree_exp7_mant5_out13_vec4_range8: 1020.4740 (1 inst); SNPS_CLOCK_GATE: 1.8900 (1 inst); ScaleAddition_E3M2_to_E2M1_scale_UE7M1_wide13: 223.7760 (1 inst); ScaleToFP14b_E3M2_x_E2M1_UE7M1_wide17: 230.2020 (1 inst),9.782000e-04,CustomOperator_E3M2_to_E2M1_0: 5.860e-06 (1 inst); CustomOperator_E3M2_to_E2M1_1: 6.350e-06 (1 inst); CustomOperator_E3M2_to_E2M1_2: 1.090e-05 (1 inst); CustomOperator_E3M2_to_E2M1_3: 1.020e-05 (1 inst); FPNAdder: 2.310e-04 (1 inst); FixedFPTree_exp7_mant5_out13_vec4_range8: 4.590e-04 (1 inst); SNPS_CLOCK_GATE: 5.910e-07 (1 inst); ScaleAddition_E3M2_to_E2M1_scale_UE7M1_wide13: 1.190e-04 (1 inst); ScaleToFP14b_E3M2_x_E2M1_UE7M1_wide17: 1.230e-04 (1 inst),6.163000e-04,CustomOperator_E3M2_to_E2M1_0: 8.350e-06 (1 inst); CustomOperator_E3M2_to_E2M1_1: 9.050e-06 (1 inst); CustomOperator_E3M2_to_E2M1_2: 1.580e-05 (1 inst); CustomOperator_E3M2_to_E2M1_3: 1.430e-05 (1 inst); FPNAdder: 1.110e-04 (1 inst); FixedFPTree_exp7_mant5_out13_vec4_range8: 2.970e-04 (1 inst); SNPS_CLOCK_GATE: 6.470e-06 (1 inst); ScaleAddition_E3M2_to_E2M1_scale_UE7M1_wide13: 4.700e-05 (1 inst); ScaleToFP14b_E3M2_x_E2M1_UE7M1_wide17: 5.080e-05 (1 inst),2.0000,500.0,1059,0.372,0.0366,2048,1,5freq
baseline_act-E2M3_w-E2M3_UE4M4,baseline,E2M3,E2M3,UE4M4,500,true,0.0000,2209.031999,CustomOperator_E2M3_to_E2M3_0: 43.0920 (1 inst); CustomOperator_E2M3_to_E2M3_1: 44.1000 (1 inst); CustomOperator_E2M3_to_E2M3_2: 55.8180 (1 inst); CustomOperator_E2M3_to_E2M3_3: 52.0380 (1 inst); FPNAdder: 567.0000 (1 inst); FixedFPTree_exp6_mant8_out8_vec4_range4: 799.0920 (1 inst); SNPS_CLOCK_GATE: 1.8900 (1 inst); ScaleAddition_E2M3_to_E2M3_scale_UE4M4_wide8: 383.5440 (1 inst); ScaleToFP14b_E2M3_x_E2M3_UE4M4_wide18: 190.1340 (1 inst),1.217000e-03,CustomOperator_E2M3_to_E2M3_0: 1.550e-05 (1 inst); CustomOperator_E2M3_to_E2M3_1: 1.530e-05 (1 inst); CustomOperator_E2M3_to_E2M3_2: 1.800e-05 (1 inst); CustomOperator_E2M3_to_E2M3_3: 1.660e-05 (1 inst); FPNAdder: 2.760e-04 (1 inst); FixedFPTree_exp6_mant8_out8_vec4_range4: 4.590e-04 (1 inst); SNPS_CLOCK_GATE: 5.860e-07 (1 inst); ScaleAddition_E2M3_to_E2M3_scale_UE4M4_wide8: 2.790e-04 (1 inst); ScaleToFP14b_E2M3_x_E2M3_UE4M4_wide18: 1.240e-04 (1 inst),7.896000e-04,CustomOperator_E2M3_to_E2M3_0: 2.030e-05 (1 inst); CustomOperator_E2M3_to_E2M3_1: 1.960e-05 (1 inst); CustomOperator_E2M3_to_E2M3_2: 2.470e-05 (1 inst); CustomOperator_E2M3_to_E2M3_3: 2.160e-05 (1 inst); FPNAdder: 1.410e-04 (1 inst); FixedFPTree_exp6_mant8_out8_vec4_range4: 2.980e-04 (1 inst); SNPS_CLOCK_GATE: 6.470e-06 (1 inst); ScaleAddition_E2M3_to_E2M3_scale_UE4M4_wide8: 1.360e-04 (1 inst); ScaleToFP14b_E2M3_x_E2M3_UE4M4_wide18: 5.900e-05 (1 inst),2.0000,500.0,1059,0.372,0.0366,2048,1,5freq
baseline_act-E4M3_w-E3M2_UE8M0,baseline,E4M3,E3M2,UE8M0,500,true,0.0000,2271.402003,CustomOperator_E4M3_to_E3M2_0: 42.3360 (1 inst); CustomOperator_E4M3_to_E3M2_1: 43.0920 (1 inst); CustomOperator_E4M3_to_E3M2_2: 55.4400 (1 inst); CustomOperator_E4M3_to_E3M2_3: 51.0300 (1 inst); DirectToFP14b_E4M3_x_E3M2_UE8M0: 73.2060 (1 inst); FPNAdder: 498.0780 (1 inst); FixedFPTree_exp7_mant7_out7_vec4_range20: 1435.2660 (1 inst); SNPS_CLOCK_GATE: 1.8900 (1 inst),9.574000e-04,CustomOperator_E4M3_to_E3M2_0: 1.610e-05 (1 inst); CustomOperator_E4M3_to_E3M2_1: 1.590e-05 (1 inst); CustomOperator_E4M3_to_E3M2_2: 1.970e-05 (1 inst); CustomOperator_E4M3_to_E3M2_3: 1.750e-05 (1 inst); DirectToFP14b_E4M3_x_E3M2_UE8M0: 4.140e-05 (1 inst); FPNAdder: 1.770e-04 (1 inst); FixedFPTree_exp7_mant7_out7_vec4_range20: 6.610e-04 (1 inst); SNPS_CLOCK_GATE: 5.830e-07 (1 inst),5.686000e-04,CustomOperator_E4M3_to_E3M2_0: 1.770e-05 (1 inst); CustomOperator_E4M3_to_E3M2_1: 1.660e-05 (1 inst); CustomOperator_E4M3_to_E3M2_2: 2.260e-05 (1 inst); CustomOperator_E4M3_to_E3M2_3: 1.920e-05 (1 inst); DirectToFP14b_E4M3_x_E3M2_UE8M0: 9.540e-06 (1 inst); FPNAdder: 8.570e-05 (1 inst); FixedFPTree_exp7_mant7_out7_vec4_range20: 3.340e-04 (1 inst); SNPS_CLOCK_GATE: 6.470e-06 (1 inst),2.0000,500.0,1059,0.372,0.0366,2048,1,5freq
baseline_act-E3M2_w-E2M1_UE6M2,baseline,E3M2,E2M1,UE6M2,500,true,0.0000,2344.356000,CustomOperator_E3M2_to_E2M1_0: 18.3960 (1 inst); CustomOperator_E3M2_to_E2M1_1: 20.0340 (1 inst); CustomOperator_E3M2_to_E2M1_2: 31.2480 (1 inst); CustomOperator_E3M2_to_E2M1_3: 34.5240 (1 inst); FPNAdder: 618.4080 (1 inst); FixedFPTree_exp7_mant5_out11_vec4_range8: 1008.1260 (1 inst); SNPS_CLOCK_GATE: 1.8900 (1 inst); ScaleAddition_E3M2_to_E2M1_scale_UE6M2_wide11: 310.7160 (1 inst); ScaleToFP14b_E3M2_x_E2M1_UE6M2_wide17: 226.6740 (1 inst),1.212000e-03,CustomOperator_E3M2_to_E2M1_0: 7.200e-06 (1 inst); CustomOperator_E3M2_to_E2M1_1: 7.300e-06 (1 inst); CustomOperator_E3M2_to_E2M1_2: 1.090e-05 (1 inst); CustomOperator_E3M2_to_E2M1_3: 1.190e-05 (1 inst); FPNAdder: 3.000e-04 (1 inst); FixedFPTree_exp7_mant5_out11_vec4_range8: 5.010e-04 (1 inst); SNPS_CLOCK_GATE: 5.810e-07 (1 inst); ScaleAddition_E3M2_to_E2M1_scale_UE6M2_wide11: 2.070e-04 (1 inst); ScaleToFP14b_E3M2_x_E2M1_UE6M2_wide17: 1.510e-04 (1 inst),6.954000e-04,CustomOperator_E3M2_to_E2M1_0: 9.710e-06 (1 inst); CustomOperator_E3M2_to_E2M1_1: 1.010e-05 (1 inst); CustomOperator_E3M2_to_E2M1_2: 1.430e-05 (1 inst); CustomOperator_E3M2_to_E2M1_3: 1.600e-05 (1 inst); FPNAdder: 1.460e-04 (1 inst); FixedFPTree_exp7_mant5_out11_vec4_range8: 2.960e-04 (1 inst); SNPS_CLOCK_GATE: 6.470e-06 (1 inst); ScaleAddition_E3M2_to_E2M1_scale_UE6M2_wide11: 7.770e-05 (1 inst); ScaleToFP14b_E3M2_x_E2M1_UE6M2_wide17: 6.060e-05 (1 inst),2.0000,500.0,1059,0.372,0.0366,2048,1,5freq
baseline_act-INT8_w-E2M1_UE6M2,baseline,INT8,E2M1,UE6M2,500,true,0.0000,2407.608000,CustomOperator_INT8_to_E2M1_0: 39.4380 (1 inst); CustomOperator_INT8_to_E2M1_1: 38.4300 (1 inst); CustomOperator_INT8_to_E2M1_2: 39.4380 (1 inst); CustomOperator_INT8_to_E2M1_3: 39.8160 (1 inst); FPNAdder: 690.7320 (1 inst); FixedFPTree_exp7_mant9_out16_vec4_range2: 822.4020 (1 inst); SNPS_CLOCK_GATE: 1.8900 (1 inst); ScaleAddition_INT8_to_E2M1_scale_UE6M2_wide16: 371.3220 (1 inst); ScaleToFP19b_INT8_x_E2M1_UE6M2_wide22: 267.6240 (1 inst),1.155000e-03,CustomOperator_INT8_to_E2M1_0: 1.450e-05 (1 inst); CustomOperator_INT8_to_E2M1_1: 1.360e-05 (1 inst); CustomOperator_INT8_to_E2M1_2: 1.450e-05 (1 inst); CustomOperator_INT8_to_E2M1_3: 1.450e-05 (1 inst); FPNAdder: 3.070e-04 (1 inst); FixedFPTree_exp7_mant9_out16_vec4_range2: 4.040e-04 (1 inst); SNPS_CLOCK_GATE: 6.540e-07 (1 inst); ScaleAddition_INT8_to_E2M1_scale_UE6M2_wide16: 2.240e-04 (1 inst); ScaleToFP19b_INT8_x_E2M1_UE6M2_wide22: 1.440e-04 (1 inst),7.133000e-04,CustomOperator_INT8_to_E2M1_0: 1.750e-05 (1 inst); CustomOperator_INT8_to_E2M1_1: 1.620e-05 (1 inst); CustomOperator_INT8_to_E2M1_2: 1.700e-05 (1 inst); CustomOperator_INT8_to_E2M1_3: 1.680e-05 (1 inst); FPNAdder: 1.410e-04 (1 inst); FixedFPTree_exp7_mant9_out16_vec4_range2: 2.740e-04 (1 inst); SNPS_CLOCK_GATE: 7.260e-06 (1 inst); ScaleAddition_INT8_to_E2M1_scale_UE6M2_wide16: 9.780e-05 (1 inst); ScaleToFP19b_INT8_x_E2M1_UE6M2_wide22: 5.620e-05 (1 inst),2.0000,500.0,1059,0.372,0.0366,2048,1,5freq
baseline_act-E3M2_w-E2M3_UE7M1,baseline,E3M2,E2M3,UE7M1,500,true,0.0000,2427.768001,CustomOperator_E3M2_to_E2M3_0: 30.8700 (1 inst); CustomOperator_E3M2_to_E2M3_1: 31.5000 (1 inst); CustomOperator_E3M2_to_E2M3_2: 41.5800 (1 inst); CustomOperator_E3M2_to_E2M3_3: 40.1940 (1 inst); FPNAdder: 632.8980 (1 inst); FixedFPTree_exp7_mant7_out13_vec4_range8: 1102.6260 (1 inst); SNPS_CLOCK_GATE: 1.8900 (1 inst); ScaleAddition_E3M2_to_E2M3_scale_UE7M1_wide13: 231.5880 (1 inst); ScaleToFP14b_E3M2_x_E2M3_UE7M1_wide17: 242.0460 (1 inst),1.271000e-03,CustomOperator_E3M2_to_E2M3_0: 1.130e-05 (1 inst); CustomOperator_E3M2_to_E2M3_1: 1.160e-05 (1 inst); CustomOperator_E3M2_to_E2M3_2: 1.380e-05 (1 inst); CustomOperator_E3M2_to_E2M3_3: 1.330e-05 (1 inst); FPNAdder: 3.090e-04 (1 inst); FixedFPTree_exp7_mant7_out13_vec4_range8: 6.070e-04 (1 inst); SNPS_CLOCK_GATE: 5.860e-07 (1 inst); ScaleAddition_E3M2_to_E2M3_scale_UE7M1_wide13: 1.510e-04 (1 inst); ScaleToFP14b_E3M2_x_E2M3_UE7M1_wide17: 1.400e-04 (1 inst),7.427000e-04,CustomOperator_E3M2_to_E2M3_0: 1.470e-05 (1 inst); CustomOperator_E3M2_to_E2M3_1: 1.510e-05 (1 inst); CustomOperator_E3M2_to_E2M3_2: 1.870e-05 (1 inst); CustomOperator_E3M2_to_E2M3_3: 1.720e-05 (1 inst); FPNAdder: 1.450e-04 (1 inst); FixedFPTree_exp7_mant7_out13_vec4_range8: 3.550e-04 (1 inst); SNPS_CLOCK_GATE: 6.470e-06 (1 inst); ScaleAddition_E3M2_to_E2M3_scale_UE7M1_wide13: 5.790e-05 (1 inst); ScaleToFP14b_E3M2_x_E2M3_UE7M1_wide17: 5.320e-05 (1 inst),2.0000,500.0,1059,0.372,0.0366,2048,1,5freq
baseline_act-E3M2_w-E2M1_UE5M3,baseline,E3M2,E2M1,UE5M3,500,true,0.0000,2487.996001,CustomOperator_E3M2_to_E2M1_0: 21.2940 (1 inst); CustomOperator_E3M2_to_E2M1_1: 30.3660 (1 inst); CustomOperator_E3M2_to_E2M1_2: 35.2800 (1 inst); CustomOperator_E3M2_to_E2M1_3: 36.2880 (1 inst); FPNAdder: 663.0120 (1 inst); FixedFPTree_exp6_mant5_out9_vec4_range8: 1003.2120 (1 inst); SNPS_CLOCK_GATE: 1.8900 (1 inst); ScaleAddition_E3M2_to_E2M1_scale_UE5M3_wide9: 382.6620 (1 inst); ScaleToFP14b_E3M2_x_E2M1_UE5M3_wide17: 239.7780 (1 inst),1.299000e-03,CustomOperator_E3M2_to_E2M1_0: 8.390e-06 (1 inst); CustomOperator_E3M2_to_E2M1_1: 1.090e-05 (1 inst); CustomOperator_E3M2_to_E2M1_2: 1.190e-05 (1 inst); CustomOperator_E3M2_to_E2M1_3: 1.170e-05 (1 inst); FPNAdder: 3.260e-04 (1 inst); FixedFPTree_exp6_mant5_out9_vec4_range8: 4.850e-04 (1 inst); SNPS_CLOCK_GATE: 6.000e-07 (1 inst); ScaleAddition_E3M2_to_E2M1_scale_UE5M3_wide9: 2.790e-04 (1 inst); ScaleToFP14b_E3M2_x_E2M1_UE5M3_wide17: 1.500e-04 (1 inst),8.028000e-04,CustomOperator_E3M2_to_E2M1_0: 1.090e-05 (1 inst); CustomOperator_E3M2_to_E2M1_1: 1.500e-05 (1 inst); CustomOperator_E3M2_to_E2M1_2: 1.630e-05 (1 inst); CustomOperator_E3M2_to_E2M1_3: 1.630e-05 (1 inst); FPNAdder: 1.680e-04 (1 inst); FixedFPTree_exp6_mant5_out9_vec4_range8: 3.040e-04 (1 inst); SNPS_CLOCK_GATE: 6.470e-06 (1 inst); ScaleAddition_E3M2_to_E2M1_scale_UE5M3_wide9: 1.330e-04 (1 inst); ScaleToFP14b_E3M2_x_E2M1_UE5M3_wide17: 7.150e-05 (1 inst),2.0000,500.0,1059,0.372,0.0366,2048,1,5freq
baseline_act-E3M2_w-E2M1_UE4M3,baseline,E3M2,E2M1,UE4M3,500,true,0.0000,2521.260000,CustomOperator_E3M2_to_E2M1_0: 19.5300 (1 inst); CustomOperator_E3M2_to_E2M1_1: 29.3580 (1 inst); CustomOperator_E3M2_to_E2M1_2: 36.5400 (1 inst); CustomOperator_E3M2_to_E2M1_3: 36.5400 (1 inst); FPNAdder: 666.7920 (1 inst); FixedFPTree_exp6_mant5_out9_vec4_range8: 1019.7180 (1 inst); SNPS_CLOCK_GATE: 1.8900 (1 inst); ScaleAddition_E3M2_to_E2M1_scale_UE4M3_wide9: 373.5900 (1 inst); ScaleToFP14b_E3M2_x_E2M1_UE4M3_wide17: 265.2300 (1 inst),1.314000e-03,CustomOperator_E3M2_to_E2M1_0: 7.880e-06 (1 inst); CustomOperator_E3M2_to_E2M1_1: 9.870e-06 (1 inst); CustomOperator_E3M2_to_E2M1_2: 1.200e-05 (1 inst); CustomOperator_E3M2_to_E2M1_3: 1.170e-05 (1 inst); FPNAdder: 3.280e-04 (1 inst); FixedFPTree_exp6_mant5_out9_vec4_range8: 4.990e-04 (1 inst); SNPS_CLOCK_GATE: 5.970e-07 (1 inst); ScaleAddition_E3M2_to_E2M1_scale_UE4M3_wide9: 2.740e-04 (1 inst); ScaleToFP14b_E3M2_x_E2M1_UE4M3_wide17: 1.580e-04 (1 inst),7.386000e-04,CustomOperator_E3M2_to_E2M1_0: 1.040e-05 (1 inst); CustomOperator_E3M2_to_E2M1_1: 1.390e-05 (1 inst); CustomOperator_E3M2_to_E2M1_2: 1.690e-05 (1 inst); CustomOperator_E3M2_to_E2M1_3: 1.650e-05 (1 inst); FPNAdder: 1.530e-04 (1 inst); FixedFPTree_exp6_mant5_out9_vec4_range8: 3.040e-04 (1 inst); SNPS_CLOCK_GATE: 6.470e-06 (1 inst); ScaleAddition_E3M2_to_E2M1_scale_UE4M3_wide9: 8.420e-05 (1 inst); ScaleToFP14b_E3M2_x_E2M1_UE4M3_wide17: 7.200e-05 (1 inst),2.0000,500.0,1059,0.372,0.0366,2048,1,5freq
baseline_act-INT8_w-E3M2_UE7M1,baseline,INT8,E3M2,UE7M1,500,true,0.0000,2534.490002,CustomOperator_INT8_to_E3M2_0: 59.2200 (1 inst); CustomOperator_INT8_to_E3M2_1: 59.5980 (1 inst); CustomOperator_INT8_to_E3M2_2: 65.3940 (1 inst); CustomOperator_INT8_to_E3M2_3: 60.3540 (1 inst); FPNAdder: 690.6060 (1 inst); FixedFPTree_exp7_mant10_out18_vec4_range6: 922.6980 (1 inst); SNPS_CLOCK_GATE: 1.8900 (1 inst); ScaleAddition_INT8_to_E3M2_scale_UE7M1_wide18: 286.9020 (1 inst); ScaleToFP19b_INT8_x_E3M2_UE7M1_wide22: 300.8880 (1 inst),1.307000e-03,CustomOperator_INT8_to_E3M2_0: 2.390e-05 (1 inst); CustomOperator_INT8_to_E3M2_1: 2.430e-05 (1 inst); CustomOperator_INT8_to_E3M2_2: 2.470e-05 (1 inst); CustomOperator_INT8_to_E3M2_3: 2.400e-05 (1 inst); FPNAdder: 3.110e-04 (1 inst); FixedFPTree_exp7_mant10_out18_vec4_range6: 5.420e-04 (1 inst); SNPS_CLOCK_GATE: 6.480e-07 (1 inst); ScaleAddition_INT8_to_E3M2_scale_UE7M1_wide18: 1.780e-04 (1 inst); ScaleToFP19b_INT8_x_E3M2_UE7M1_wide22: 1.620e-04 (1 inst),8.220000e-04,CustomOperator_INT8_to_E3M2_0: 2.770e-05 (1 inst); CustomOperator_INT8_to_E3M2_1: 2.740e-05 (1 inst); CustomOperator_INT8_to_E3M2_2: 2.890e-05 (1 inst); CustomOperator_INT8_to_E3M2_3: 2.680e-05 (1 inst); FPNAdder: 1.480e-04 (1 inst); FixedFPTree_exp7_mant10_out18_vec4_range6: 3.440e-04 (1 inst); SNPS_CLOCK_GATE: 7.260e-06 (1 inst); ScaleAddition_INT8_to_E3M2_scale_UE7M1_wide18: 7.380e-05 (1 inst); ScaleToFP19b_INT8_x_E3M2_UE7M1_wide22: 6.930e-05 (1 inst),2.0000,500.0,1059,0.372,0.0366,2048,1,5freq
baseline_act-E3M2_w-E2M3_UE5M3,baseline,E3M2,E2M3,UE5M3,500,true,0.0000,2557.800000,CustomOperator_E3M2_to_E2M3_0: 36.0360 (1 inst); CustomOperator_E3M2_to_E2M3_1: 33.6420 (1 inst); CustomOperator_E3M2_to_E2M3_2: 43.5960 (1 inst); CustomOperator_E3M2_to_E2M3_3: 46.4940 (1 inst); FPNAdder: 634.1580 (1 inst); FixedFPTree_exp6_mant7_out9_vec4_range8: 1106.2800 (1 inst); SNPS_CLOCK_GATE: 1.8900 (1 inst); ScaleAddition_E3M2_to_E2M3_scale_UE5M3_wide9: 345.8700 (1 inst); ScaleToFP14b_E3M2_x_E2M3_UE5M3_wide17: 236.5020 (1 inst),1.355000e-03,CustomOperator_E3M2_to_E2M3_0: 1.330e-05 (1 inst); CustomOperator_E3M2_to_E2M3_1: 1.190e-05 (1 inst); CustomOperator_E3M2_to_E2M3_2: 1.460e-05 (1 inst); CustomOperator_E3M2_to_E2M3_3: 1.430e-05 (1 inst); FPNAdder: 3.060e-04 (1 inst); FixedFPTree_exp6_mant7_out9_vec4_range8: 5.830e-04 (1 inst); SNPS_CLOCK_GATE: 5.940e-07 (1 inst); ScaleAddition_E3M2_to_E2M3_scale_UE5M3_wide9: 2.550e-04 (1 inst); ScaleToFP14b_E3M2_x_E2M3_UE5M3_wide17: 1.430e-04 (1 inst),8.449000e-04,CustomOperator_E3M2_to_E2M3_0: 1.720e-05 (1 inst); CustomOperator_E3M2_to_E2M3_1: 1.570e-05 (1 inst); CustomOperator_E3M2_to_E2M3_2: 1.910e-05 (1 inst); CustomOperator_E3M2_to_E2M3_3: 1.830e-05 (1 inst); FPNAdder: 1.600e-04 (1 inst); FixedFPTree_exp6_mant7_out9_vec4_range8: 3.510e-04 (1 inst); SNPS_CLOCK_GATE: 6.470e-06 (1 inst); ScaleAddition_E3M2_to_E2M3_scale_UE5M3_wide9: 1.260e-04 (1 inst); ScaleToFP14b_E3M2_x_E2M3_UE5M3_wide17: 6.750e-05 (1 inst),2.0000,500.0,1059,0.372,0.0366,2048,1,5freq
baseline_act-E3M2_w-E2M1_UE4M4,baseline,E3M2,E2M1,UE4M4,500,true,0.0000,2587.788002,CustomOperator_E3M2_to_E2M1_0: 19.5300 (1 inst); CustomOperator_E3M2_to_E2M1_1: 33.5160 (1 inst); CustomOperator_E3M2_to_E2M1_2: 37.0440 (1 inst); CustomOperator_E3M2_to_E2M1_3: 33.3900 (1 inst); FPNAdder: 664.1460 (1 inst); FixedFPTree_exp6_mant5_out7_vec4_range8: 1056.6360 (1 inst); SNPS_CLOCK_GATE: 1.8900 (1 inst); ScaleAddition_E3M2_to_E2M1_scale_UE4M4_wide7: 402.3180 (1 inst); ScaleToFP14b_E3M2_x_E2M1_UE4M4_wide17: 264.9780 (1 inst),1.360000e-03,CustomOperator_E3M2_to_E2M1_0: 8.870e-06 (1 inst); CustomOperator_E3M2_to_E2M1_1: 1.230e-05 (1 inst); CustomOperator_E3M2_to_E2M1_2: 1.270e-05 (1 inst); CustomOperator_E3M2_to_E2M1_3: 1.170e-05 (1 inst); FPNAdder: 3.270e-04 (1 inst); FixedFPTree_exp6_mant5_out7_vec4_range8: 5.180e-04 (1 inst); SNPS_CLOCK_GATE: 5.920e-07 (1 inst); ScaleAddition_E3M2_to_E2M1_scale_UE4M4_wide7: 2.900e-04 (1 inst); ScaleToFP14b_E3M2_x_E2M1_UE4M4_wide17: 1.640e-04 (1 inst),8.100000e-04,CustomOperator_E3M2_to_E2M1_0: 1.150e-05 (1 inst); CustomOperator_E3M2_to_E2M1_1: 1.760e-05 (1 inst); CustomOperator_E3M2_to_E2M1_2: 1.810e-05 (1 inst); CustomOperator_E3M2_to_E2M1_3: 1.580e-05 (1 inst); FPNAdder: 1.660e-04 (1 inst); FixedFPTree_exp6_mant5_out7_vec4_range8: 3.140e-04 (1 inst); SNPS_CLOCK_GATE: 6.470e-06 (1 inst); ScaleAddition_E3M2_to_E2M1_scale_UE4M4_wide7: 1.230e-04 (1 inst); ScaleToFP14b_E3M2_x_E2M1_UE4M4_wide17: 7.490e-05 (1 inst),2.0000,500.0,1059,0.372,0.0366,2048,1,5freq
baseline_act-E3M2_w-E3M2_UE7M1,baseline,E3M2,E3M2,UE7M1,500,true,0.0000,2588.670001,CustomOperator_E3M2_to_E3M2_0: 33.5160 (1 inst); CustomOperator_E3M2_to_E3M2_1: 40.3200 (1 inst); CustomOperator_E3M2_to_E3M2_2: 62.1180 (1 inst); CustomOperator_E3M2_to_E3M2_3: 60.2280 (1 inst); FPNAdder: 628.2360 (1 inst); FixedFPTree_exp7_mant6_out13_vec4_range12: 1225.7280 (1 inst); SNPS_CLOCK_GATE: 1.8900 (1 inst); ScaleAddition_E3M2_to_E3M2_scale_UE7M1_wide13: 239.4000 (1 inst); ScaleToFP14b_E3M2_x_E3M2_UE7M1_wide17: 224.9100 (1 inst),1.268000e-03,CustomOperator_E3M2_to_E3M2_0: 1.190e-05 (1 inst); CustomOperator_E3M2_to_E3M2_1: 1.430e-05 (1 inst); CustomOperator_E3M2_to_E3M2_2: 2.150e-05 (1 inst); CustomOperator_E3M2_to_E3M2_3: 2.210e-05 (1 inst); FPNAdder: 2.940e-04 (1 inst); FixedFPTree_exp7_mant6_out13_vec4_range12: 6.080e-04 (1 inst); SNPS_CLOCK_GATE: 5.890e-07 (1 inst); ScaleAddition_E3M2_to_E3M2_scale_UE7M1_wide13: 1.500e-04 (1 inst); ScaleToFP14b_E3M2_x_E3M2_UE7M1_wide17: 1.330e-04 (1 inst),7.611000e-04,CustomOperator_E3M2_to_E3M2_0: 1.330e-05 (1 inst); CustomOperator_E3M2_to_E3M2_1: 1.600e-05 (1 inst); CustomOperator_E3M2_to_E3M2_2: 2.480e-05 (1 inst); CustomOperator_E3M2_to_E3M2_3: 2.420e-05 (1 inst); FPNAdder: 1.420e-04 (1 inst); FixedFPTree_exp7_mant6_out13_vec4_range12: 3.600e-04 (1 inst); SNPS_CLOCK_GATE: 6.470e-06 (1 inst); ScaleAddition_E3M2_to_E3M2_scale_UE7M1_wide13: 5.920e-05 (1 inst); ScaleToFP14b_E3M2_x_E3M2_UE7M1_wide17: 5.520e-05 (1 inst),2.0000,500.0,1059,0.372,0.0366,2048,1,5freq
baseline_act-INT8_w-E2M1_UE5M3,baseline,INT8,E2M1,UE5M3,500,true,0.0000,2590.055998,CustomOperator_INT8_to_E2M1_0: 38.0520 (1 inst); CustomOperator_INT8_to_E2M1_1: 39.0600 (1 inst); CustomOperator_INT8_to_E2M1_2: 41.7060 (1 inst); CustomOperator_INT8_to_E2M1_3: 37.9260 (1 inst); FPNAdder: 714.7980 (1 inst); FixedFPTree_exp7_mant9_out14_vec4_range2: 834.1200 (1 inst); SNPS_CLOCK_GATE: 1.8900 (1 inst); ScaleAddition_INT8_to_E2M1_scale_UE5M3_wide14: 491.0220 (1 inst); ScaleToFP19b_INT8_x_E2M1_UE5M3_wide22: 304.4160 (1 inst),1.373000e-03,CustomOperator_INT8_to_E2M1_0: 1.340e-05 (1 inst); CustomOperator_INT8_to_E2M1_1: 1.460e-05 (1 inst); CustomOperator_INT8_to_E2M1_2: 1.410e-05 (1 inst); CustomOperator_INT8_to_E2M1_3: 1.340e-05 (1 inst); FPNAdder: 3.400e-04 (1 inst); FixedFPTree_exp7_mant9_out14_vec4_range2: 4.400e-04 (1 inst); SNPS_CLOCK_GATE: 6.550e-07 (1 inst); ScaleAddition_INT8_to_E2M1_scale_UE5M3_wide14: 3.340e-04 (1 inst); ScaleToFP19b_INT8_x_E2M1_UE5M3_wide22: 1.870e-04 (1 inst),8.297000e-04,CustomOperator_INT8_to_E2M1_0: 1.620e-05 (1 inst); CustomOperator_INT8_to_E2M1_1: 1.670e-05 (1 inst); CustomOperator_INT8_to_E2M1_2: 1.710e-05 (1 inst); CustomOperator_INT8_to_E2M1_3: 1.520e-05 (1 inst); FPNAdder: 1.630e-04 (1 inst); FixedFPTree_exp7_mant9_out14_vec4_range2: 3.050e-04 (1 inst); SNPS_CLOCK_GATE: 7.260e-06 (1 inst); ScaleAddition_INT8_to_E2M1_scale_UE5M3_wide14: 1.430e-04 (1 inst); ScaleToFP19b_INT8_x_E2M1_UE5M3_wide22: 7.480e-05 (1 inst),2.0000,500.0,1059,0.372,0.0366,2048,1,5freq
baseline_act-INT8_w-E2M1_UE4M3,baseline,INT8,E2M1,UE4M3,500,true,0.0000,2606.436000,CustomOperator_INT8_to_E2M1_0: 39.5640 (1 inst); CustomOperator_INT8_to_E2M1_1: 39.0600 (1 inst); CustomOperator_INT8_to_E2M1_2: 49.1400 (1 inst); CustomOperator_INT8_to_E2M1_3: 40.8240 (1 inst); FPNAdder: 765.3240 (1 inst); FixedFPTree_exp7_mant9_out14_vec4_range2: 845.2080 (1 inst); SNPS_CLOCK_GATE: 1.8900 (1 inst); ScaleAddition_INT8_to_E2M1_scale_UE4M3_wide14: 467.2080 (1 inst); ScaleToFP19b_INT8_x_E2M1_UE4M3_wide22: 270.7740 (1 inst),1.362000e-03,CustomOperator_INT8_to_E2M1_0: 1.370e-05 (1 inst); CustomOperator_INT8_to_E2M1_1: 1.420e-05 (1 inst); CustomOperator_INT8_to_E2M1_2: 1.590e-05 (1 inst); CustomOperator_INT8_to_E2M1_3: 1.430e-05 (1 inst); FPNAdder: 3.770e-04 (1 inst); FixedFPTree_exp7_mant9_out14_vec4_range2: 4.360e-04 (1 inst); SNPS_CLOCK_GATE: 6.580e-07 (1 inst); ScaleAddition_INT8_to_E2M1_scale_UE4M3_wide14: 3.180e-04 (1 inst); ScaleToFP19b_INT8_x_E2M1_UE4M3_wide22: 1.560e-04 (1 inst),7.906000e-04,CustomOperator_INT8_to_E2M1_0: 1.660e-05 (1 inst); CustomOperator_INT8_to_E2M1_1: 1.640e-05 (1 inst); CustomOperator_INT8_to_E2M1_2: 1.960e-05 (1 inst); CustomOperator_INT8_to_E2M1_3: 1.620e-05 (1 inst); FPNAdder: 1.670e-04 (1 inst); FixedFPTree_exp7_mant9_out14_vec4_range2: 3.060e-04 (1 inst); SNPS_CLOCK_GATE: 7.260e-06 (1 inst); ScaleAddition_INT8_to_E2M1_scale_UE4M3_wide14: 1.130e-04 (1 inst); ScaleToFP19b_INT8_x_E2M1_UE4M3_wide22: 5.650e-05 (1 inst),2.0000,500.0,1059,0.372,0.0366,2048,1,5freq
baseline_act-E3M2_w-E2M3_UE6M2,baseline,E3M2,E2M3,UE6M2,500,true,0.0000,2636.424002,CustomOperator_E3M2_to_E2M3_0: 29.8620 (1 inst); CustomOperator_E3M2_to_E2M3_1: 29.9880 (1 inst); CustomOperator_E3M2_to_E2M3_2: 47.8800 (1 inst); CustomOperator_E3M2_to_E2M3_3: 47.8800 (1 inst); FPNAdder: 607.8240 (1 inst); FixedFPTree_exp7_mant7_out11_vec4_range8: 1235.8080 (1 inst); SNPS_CLOCK_GATE: 1.8900 (1 inst); ScaleAddition_E3M2_to_E2M3_scale_UE6M2_wide11: 309.9600 (1 inst); ScaleToFP14b_E3M2_x_E2M3_UE6M2_wide17: 251.1180 (1 inst),1.438000e-03,CustomOperator_E3M2_to_E2M3_0: 1.230e-05 (1 inst); CustomOperator_E3M2_to_E2M3_1: 1.200e-05 (1 inst); CustomOperator_E3M2_to_E2M3_2: 1.470e-05 (1 inst); CustomOperator_E3M2_to_E2M3_3: 1.490e-05 (1 inst); FPNAdder: 3.060e-04 (1 inst); FixedFPTree_exp7_mant7_out11_vec4_range8: 6.690e-04 (1 inst); SNPS_CLOCK_GATE: 5.930e-07 (1 inst); ScaleAddition_E3M2_to_E2M3_scale_UE6M2_wide11: 2.260e-04 (1 inst); ScaleToFP14b_E3M2_x_E2M3_UE6M2_wide17: 1.690e-04 (1 inst),8.687000e-04,CustomOperator_E3M2_to_E2M3_0: 1.560e-05 (1 inst); CustomOperator_E3M2_to_E2M3_1: 1.510e-05 (1 inst); CustomOperator_E3M2_to_E2M3_2: 1.940e-05 (1 inst); CustomOperator_E3M2_to_E2M3_3: 1.910e-05 (1 inst); FPNAdder: 1.510e-04 (1 inst); FixedFPTree_exp7_mant7_out11_vec4_range8: 4.190e-04 (1 inst); SNPS_CLOCK_GATE: 6.470e-06 (1 inst); ScaleAddition_E3M2_to_E2M3_scale_UE6M2_wide11: 9.450e-05 (1 inst); ScaleToFP14b_E3M2_x_E2M3_UE6M2_wide17: 6.680e-05 (1 inst),2.0000,500.0,1059,0.372,0.0366,2048,1,5freq
baseline_act-E3M2_w-E2M3_UE4M3,baseline,E3M2,E2M3,UE4M3,500,true,0.0000,2637.809998,CustomOperator_E3M2_to_E2M3_0: 36.2880 (1 inst); CustomOperator_E3M2_to_E2M3_1: 33.1380 (1 inst); CustomOperator_E3M2_to_E2M3_2: 43.2180 (1 inst); CustomOperator_E3M2_to_E2M3_3: 43.4700 (1 inst); FPNAdder: 696.9060 (1 inst); FixedFPTree_exp6_mant7_out9_vec4_range8: 1148.9940 (1 inst); SNPS_CLOCK_GATE: 1.8900 (1 inst); ScaleAddition_E3M2_to_E2M3_scale_UE4M3_wide9: 320.0400 (1 inst); ScaleToFP14b_E3M2_x_E2M3_UE4M3_wide17: 241.4160 (1 inst),1.409000e-03,CustomOperator_E3M2_to_E2M3_0: 1.400e-05 (1 inst); CustomOperator_E3M2_to_E2M3_1: 1.170e-05 (1 inst); CustomOperator_E3M2_to_E2M3_2: 1.400e-05 (1 inst); CustomOperator_E3M2_to_E2M3_3: 1.370e-05 (1 inst); FPNAdder: 3.410e-04 (1 inst); FixedFPTree_exp6_mant7_out9_vec4_range8: 6.100e-04 (1 inst); SNPS_CLOCK_GATE: 5.920e-07 (1 inst); ScaleAddition_E3M2_to_E2M3_scale_UE4M3_wide9: 2.380e-04 (1 inst); ScaleToFP14b_E3M2_x_E2M3_UE4M3_wide17: 1.530e-04 (1 inst),8.241000e-04,CustomOperator_E3M2_to_E2M3_0: 1.780e-05 (1 inst); CustomOperator_E3M2_to_E2M3_1: 1.500e-05 (1 inst); CustomOperator_E3M2_to_E2M3_2: 1.830e-05 (1 inst); CustomOperator_E3M2_to_E2M3_3: 1.790e-05 (1 inst); FPNAdder: 1.650e-04 (1 inst); FixedFPTree_exp6_mant7_out9_vec4_range8: 3.700e-04 (1 inst); SNPS_CLOCK_GATE: 6.470e-06 (1 inst); ScaleAddition_E3M2_to_E2M3_scale_UE4M3_wide9: 8.490e-05 (1 inst); ScaleToFP14b_E3M2_x_E2M3_UE4M3_wide17: 6.440e-05 (1 inst),2.0000,500.0,1059,0.372,0.0366,2048,1,5freq
baseline_act-INT8_w-E4M3_UE8M0,baseline,INT8,E4M3,UE8M0,500,true,0.0000,2646.882000,CustomOperator_INT8_to_E4M3_0: 73.2060 (1 inst); CustomOperator_INT8_to_E4M3_1: 75.8520 (1 inst); CustomOperator_INT8_to_E4M3_2: 84.9240 (1 inst); CustomOperator_INT8_to_E4M3_3: 88.3260 (1 inst); DirectToFP19b_INT8_x_E4M3_UE8M0: 83.2860 (1 inst); FPNAdder: 640.5840 (1 inst); FixedFPTree_exp7_mant11_out11_vec4_range14: 1509.6060 (1 inst); SNPS_CLOCK_GATE: 1.8900 (1 inst),1.206000e-03,CustomOperator_INT8_to_E4M3_0: 3.210e-05 (1 inst); CustomOperator_INT8_to_E4M3_1: 3.230e-05 (1 inst); CustomOperator_INT8_to_E4M3_2: 3.410e-05 (1 inst); CustomOperator_INT8_to_E4M3_3: 3.510e-05 (1 inst); DirectToFP19b_INT8_x_E4M3_UE8M0: 4.970e-05 (1 inst); FPNAdder: 2.580e-04 (1 inst); FixedFPTree_exp7_mant11_out11_vec4_range14: 7.530e-04 (1 inst); SNPS_CLOCK_GATE: 6.480e-07 (1 inst),7.661000e-04,CustomOperator_INT8_to_E4M3_0: 3.320e-05 (1 inst); CustomOperator_INT8_to_E4M3_1: 3.290e-05 (1 inst); CustomOperator_INT8_to_E4M3_2: 3.580e-05 (1 inst); CustomOperator_INT8_to_E4M3_3: 3.560e-05 (1 inst); DirectToFP19b_INT8_x_E4M3_UE8M0: 1.690e-05 (1 inst); FPNAdder: 1.270e-04 (1 inst); FixedFPTree_exp7_mant11_out11_vec4_range14: 4.090e-04 (1 inst); SNPS_CLOCK_GATE: 7.260e-06 (1 inst),2.0000,500.0,1059,0.372,0.0366,2048,1,5freq
baseline_act-INT8_w-INT8_UE6M2,baseline,INT8,INT8,UE6M2,500,true,0.0000,2651.922003,CustomOperator_INT8_to_INT8_0: 179.6760 (1 inst); CustomOperator_INT8_to_INT8_1: 187.6140 (1 inst); CustomOperator_INT8_to_INT8_2: 197.9460 (1 inst); CustomOperator_INT8_to_INT8_3: 170.1000 (1 inst); FPNAdder: 708.1200 (1 inst); FixedFPTree_exp8_mant14_out16_vec4_range0: 464.8140 (1 inst); SNPS_CLOCK_GATE: 1.8900 (1 inst); ScaleAddition_INT8_to_INT8_scale_UE6M2_wide16: 372.3300 (1 inst); ScaleToFP19b_INT8_x_INT8_UE6M2_wide22: 281.9880 (1 inst),1.547000e-03,CustomOperator_INT8_to_INT8_0: 9.870e-05 (1 inst); CustomOperator_INT8_to_INT8_1: 1.020e-04 (1 inst); CustomOperator_INT8_to_INT8_2: 1.020e-04 (1 inst); CustomOperator_INT8_to_INT8_3: 9.370e-05 (1 inst); FPNAdder: 3.440e-04 (1 inst); FixedFPTree_exp8_mant14_out16_vec4_range0: 3.570e-04 (1 inst); SNPS_CLOCK_GATE: 6.550e-07 (1 inst); ScaleAddition_INT8_to_INT8_scale_UE6M2_wide16: 2.640e-04 (1 inst); ScaleToFP19b_INT8_x_INT8_UE6M2_wide22: 1.680e-04 (1 inst),9.985000e-04,CustomOperator_INT8_to_INT8_0: 8.380e-05 (1 inst); CustomOperator_INT8_to_INT8_1: 9.070e-05 (1 inst); CustomOperator_INT8_to_INT8_2: 9.320e-05 (1 inst); CustomOperator_INT8_to_INT8_3: 7.970e-05 (1 inst); FPNAdder: 1.720e-04 (1 inst); FixedFPTree_exp8_mant14_out16_vec4_range0: 2.100e-04 (1 inst); SNPS_CLOCK_GATE: 7.260e-06 (1 inst); ScaleAddition_INT8_to_INT8_scale_UE6M2_wide16: 1.210e-04 (1 inst); ScaleToFP19b_INT8_x_INT8_UE6M2_wide22: 6.850e-05 (1 inst),2.0000,500.0,1059,0.372,0.0366,2048,1,5freq
baseline_act-E5M2_w-E2M1_UE8M0,baseline,E5M2,E2M1,UE8M0,500,true,0.0000,2687.202005,CustomOperator_E5M2_to_E2M1_0: 21.6720 (1 inst); CustomOperator_E5M2_to_E2M1_1: 22.4280 (1 inst); CustomOperator_E5M2_to_E2M1_2: 38.1780 (1 inst); CustomOperator_E5M2_to_E2M1_3: 36.0360 (1 inst); DirectToFP15b_E5M2_x_E2M1_UE8M0: 66.6540 (1 inst); FPNAdder: 523.2780 (1 inst); FixedFPTree_exp7_mant5_out5_vec4_range31: 1901.5920 (1 inst); SNPS_CLOCK_GATE: 1.8900 (1 inst),1.039000e-03,CustomOperator_E5M2_to_E2M1_0: 8.020e-06 (1 inst); CustomOperator_E5M2_to_E2M1_1: 8.610e-06 (1 inst); CustomOperator_E5M2_to_E2M1_2: 1.100e-05 (1 inst); CustomOperator_E5M2_to_E2M1_3: 1.070e-05 (1 inst); DirectToFP15b_E5M2_x_E2M1_UE8M0: 3.640e-05 (1 inst); FPNAdder: 1.770e-04 (1 inst); FixedFPTree_exp7_mant5_out5_vec4_range31: 7.780e-04 (1 inst); SNPS_CLOCK_GATE: 5.960e-07 (1 inst),5.600000e-04,CustomOperator_E5M2_to_E2M1_0: 1.110e-05 (1 inst); CustomOperator_E5M2_to_E2M1_1: 1.200e-05 (1 inst); CustomOperator_E5M2_to_E2M1_2: 1.490e-05 (1 inst); CustomOperator_E5M2_to_E2M1_3: 1.440e-05 (1 inst); DirectToFP15b_E5M2_x_E2M1_UE8M0: 1.280e-05 (1 inst); FPNAdder: 9.340e-05 (1 inst); FixedFPTree_exp7_mant5_out5_vec4_range31: 3.400e-04 (1 inst); SNPS_CLOCK_GATE: 6.630e-06 (1 inst),2.0000,500.0,1059,0.372,0.0366,2048,1,5freq
baseline_act-INT8_w-E2M3_UE7M1,baseline,INT8,E2M3,UE7M1,500,true,0.0000,2698.416000,CustomOperator_INT8_to_E2M3_0: 87.3180 (1 inst); CustomOperator_INT8_to_E2M3_1: 90.3420 (1 inst); CustomOperator_INT8_to_E2M3_2: 99.5400 (1 inst); CustomOperator_INT8_to_E2M3_3: 93.7440 (1 inst); FPNAdder: 720.7200 (1 inst); FixedFPTree_exp7_mant11_out18_vec4_range2: 924.7140 (1 inst); SNPS_CLOCK_GATE: 1.8900 (1 inst); ScaleAddition_INT8_to_E2M3_scale_UE7M1_wide18: 279.4680 (1 inst); ScaleToFP19b_INT8_x_E2M3_UE7M1_wide22: 305.8020 (1 inst),1.304000e-03,CustomOperator_INT8_to_E2M3_0: 3.610e-05 (1 inst); CustomOperator_INT8_to_E2M3_1: 3.920e-05 (1 inst); CustomOperator_INT8_to_E2M3_2: 3.950e-05 (1 inst); CustomOperator_INT8_to_E2M3_3: 4.330e-05 (1 inst); FPNAdder: 3.170e-04 (1 inst); FixedFPTree_exp7_mant11_out18_vec4_range2: 5.070e-04 (1 inst); SNPS_CLOCK_GATE: 6.490e-07 (1 inst); ScaleAddition_INT8_to_E2M3_scale_UE7M1_wide18: 1.580e-04 (1 inst); ScaleToFP19b_INT8_x_E2M3_UE7M1_wide22: 1.480e-04 (1 inst),8.487000e-04,CustomOperator_INT8_to_E2M3_0: 3.590e-05 (1 inst); CustomOperator_INT8_to_E2M3_1: 3.660e-05 (1 inst); CustomOperator_INT8_to_E2M3_2: 4.010e-05 (1 inst); CustomOperator_INT8_to_E2M3_3: 4.560e-05 (1 inst); FPNAdder: 1.580e-04 (1 inst); FixedFPTree_exp7_mant11_out18_vec4_range2: 3.250e-04 (1 inst); SNPS_CLOCK_GATE: 7.260e-06 (1 inst); ScaleAddition_INT8_to_E2M3_scale_UE7M1_wide18: 6.430e-05 (1 inst); ScaleToFP19b_INT8_x_E2M3_UE7M1_wide22: 6.620e-05 (1 inst),2.0000,500.0,1059,0.372,0.0366,2048,1,5freq
baseline_act-E3M2_w-E2M3_UE4M4,baseline,E3M2,E2M3,UE4M4,500,true,0.0000,2722.608000,CustomOperator_E3M2_to_E2M3_0: 32.5080 (1 inst); CustomOperator_E3M2_to_E2M3_1: 40.1940 (1 inst); CustomOperator_E3M2_to_E2M3_2: 46.7460 (1 inst); CustomOperator_E3M2_to_E2M3_3: 44.1000 (1 inst); FPNAdder: 660.4920 (1 inst); FixedFPTree_exp6_mant7_out7_vec4_range8: 1162.8540 (1 inst); SNPS_CLOCK_GATE: 1.8900 (1 inst); ScaleAddition_E3M2_to_E2M3_scale_UE4M4_wide7: 415.6740 (1 inst); ScaleToFP14b_E3M2_x_E2M3_UE4M4_wide17: 243.5580 (1 inst),1.471000e-03,CustomOperator_E3M2_to_E2M3_0: 1.220e-05 (1 inst); CustomOperator_E3M2_to_E2M3_1: 1.340e-05 (1 inst); CustomOperator_E3M2_to_E2M3_2: 1.570e-05 (1 inst); CustomOperator_E3M2_to_E2M3_3: 1.390e-05 (1 inst); FPNAdder: 3.160e-04 (1 inst); FixedFPTree_exp6_mant7_out7_vec4_range8: 6.240e-04 (1 inst); SNPS_CLOCK_GATE: 5.870e-07 (1 inst); ScaleAddition_E3M2_to_E2M3_scale_UE4M4_wide7: 3.110e-04 (1 inst); ScaleToFP14b_E3M2_x_E2M3_UE4M4_wide17: 1.500e-04 (1 inst),8.713000e-04,CustomOperator_E3M2_to_E2M3_0: 1.560e-05 (1 inst); CustomOperator_E3M2_to_E2M3_1: 1.770e-05 (1 inst); CustomOperator_E3M2_to_E2M3_2: 2.040e-05 (1 inst); CustomOperator_E3M2_to_E2M3_3: 1.830e-05 (1 inst); FPNAdder: 1.590e-04 (1 inst); FixedFPTree_exp6_mant7_out7_vec4_range8: 3.750e-04 (1 inst); SNPS_CLOCK_GATE: 6.470e-06 (1 inst); ScaleAddition_E3M2_to_E2M3_scale_UE4M4_wide7: 1.330e-04 (1 inst); ScaleToFP14b_E3M2_x_E2M3_UE4M4_wide17: 6.250e-05 (1 inst),2.0000,500.0,1059,0.372,0.0366,2048,1,5freq
baseline_act-INT8_w-E2M1_UE4M4,baseline,INT8,E2M1,UE4M4,500,true,0.0000,2728.152000,CustomOperator_INT8_to_E2M1_0: 45.6120 (1 inst); CustomOperator_INT8_to_E2M1_1: 41.3280 (1 inst); CustomOperator_INT8_to_E2M1_2: 43.0920 (1 inst); CustomOperator_INT8_to_E2M1_3: 43.8480 (1 inst); FPNAdder: 756.5040 (1 inst); FixedFPTree_exp7_mant9_out12_vec4_range2: 901.4040 (1 inst); SNPS_CLOCK_GATE: 1.8900 (1 inst); ScaleAddition_INT8_to_E2M1_scale_UE4M4_wide12: 498.5820 (1 inst); ScaleToFP19b_INT8_x_E2M1_UE4M4_wide22: 303.7860 (1 inst),1.458000e-03,CustomOperator_INT8_to_E2M1_0: 1.640e-05 (1 inst); CustomOperator_INT8_to_E2M1_1: 1.480e-05 (1 inst); CustomOperator_INT8_to_E2M1_2: 1.620e-05 (1 inst); CustomOperator_INT8_to_E2M1_3: 1.440e-05 (1 inst); FPNAdder: 3.560e-04 (1 inst); FixedFPTree_exp7_mant9_out12_vec4_range2: 4.900e-04 (1 inst); SNPS_CLOCK_GATE: 6.460e-07 (1 inst); ScaleAddition_INT8_to_E2M1_scale_UE4M4_wide12: 3.470e-04 (1 inst); ScaleToFP19b_INT8_x_E2M1_UE4M4_wide22: 1.840e-04 (1 inst),9.046000e-04,CustomOperator_INT8_to_E2M1_0: 2.050e-05 (1 inst); CustomOperator_INT8_to_E2M1_1: 1.740e-05 (1 inst); CustomOperator_INT8_to_E2M1_2: 1.890e-05 (1 inst); CustomOperator_INT8_to_E2M1_3: 1.660e-05 (1 inst); FPNAdder: 1.830e-04 (1 inst); FixedFPTree_exp7_mant9_out12_vec4_range2: 3.450e-04 (1 inst); SNPS_CLOCK_GATE: 7.260e-06 (1 inst); ScaleAddition_INT8_to_E2M1_scale_UE4M4_wide12: 1.510e-04 (1 inst); ScaleToFP19b_INT8_x_E2M1_UE4M4_wide22: 7.120e-05 (1 inst),2.0000,500.0,1059,0.372,0.0366,2048,1,5freq
baseline_act-INT8_w-E3M2_UE6M2,baseline,INT8,E3M2,UE6M2,500,true,0.0000,2837.267999,CustomOperator_INT8_to_E3M2_0: 62.1180 (1 inst); CustomOperator_INT8_to_E3M2_1: 64.5120 (1 inst); CustomOperator_INT8_to_E3M2_2: 65.1420 (1 inst); CustomOperator_INT8_to_E3M2_3: 61.1100 (1 inst); FPNAdder: 763.8120 (1 inst); FixedFPTree_exp7_mant10_out16_vec4_range6: 1025.6400 (1 inst); SNPS_CLOCK_GATE: 1.8900 (1 inst); ScaleAddition_INT8_to_E3M2_scale_UE6M2_wide16: 391.9860 (1 inst); ScaleToFP19b_INT8_x_E3M2_UE6M2_wide22: 313.3620 (1 inst),1.604000e-03,CustomOperator_INT8_to_E3M2_0: 2.590e-05 (1 inst); CustomOperator_INT8_to_E3M2_1: 2.640e-05 (1 inst); CustomOperator_INT8_to_E3M2_2: 2.600e-05 (1 inst); CustomOperator_INT8_to_E3M2_3: 2.430e-05 (1 inst); FPNAdder: 3.750e-04 (1 inst); FixedFPTree_exp7_mant10_out16_vec4_range6: 6.380e-04 (1 inst); SNPS_CLOCK_GATE: 6.550e-07 (1 inst); ScaleAddition_INT8_to_E3M2_scale_UE6M2_wide16: 2.780e-04 (1 inst); ScaleToFP19b_INT8_x_E3M2_UE6M2_wide22: 1.930e-04 (1 inst),9.462000e-04,CustomOperator_INT8_to_E3M2_0: 2.970e-05 (1 inst); CustomOperator_INT8_to_E3M2_1: 3.010e-05 (1 inst); CustomOperator_INT8_to_E3M2_2: 3.030e-05 (1 inst); CustomOperator_INT8_to_E3M2_3: 2.750e-05 (1 inst); FPNAdder: 1.770e-04 (1 inst); FixedFPTree_exp7_mant10_out16_vec4_range6: 3.930e-04 (1 inst); SNPS_CLOCK_GATE: 7.260e-06 (1 inst); ScaleAddition_INT8_to_E3M2_scale_UE6M2_wide16: 1.060e-04 (1 inst); ScaleToFP19b_INT8_x_E3M2_UE6M2_wide22: 7.550e-05 (1 inst),2.0000,500.0,1059,0.372,0.0366,2048,1,5freq
baseline_act-E4M3_w-E4M3_UE8M0,baseline,E4M3,E4M3,UE8M0,500,true,0.0000,2856.042004,CustomOperator_E4M3_to_E4M3_0: 56.0700 (1 inst); CustomOperator_E4M3_to_E4M3_1: 58.9680 (1 inst); CustomOperator_E4M3_to_E4M3_2: 67.6620 (1 inst); CustomOperator_E4M3_to_E4M3_3: 70.5600 (1 inst); DirectToFP14b_E4M3_x_E4M3_UE8M0: 77.3640 (1 inst); FPNAdder: 520.7580 (1 inst); FixedFPTree_exp7_mant8_out8_vec4_range28: 1922.3820 (1 inst); SNPS_CLOCK_GATE: 1.8900 (1 inst),1.199000e-03,CustomOperator_E4M3_to_E4M3_0: 2.130e-05 (1 inst); CustomOperator_E4M3_to_E4M3_1: 2.250e-05 (1 inst); CustomOperator_E4M3_to_E4M3_2: 2.450e-05 (1 inst); CustomOperator_E4M3_to_E4M3_3: 2.540e-05 (1 inst); DirectToFP14b_E4M3_x_E4M3_UE8M0: 4.530e-05 (1 inst); FPNAdder: 2.100e-04 (1 inst); FixedFPTree_exp7_mant8_out8_vec4_range28: 8.380e-04 (1 inst); SNPS_CLOCK_GATE: 5.950e-07 (1 inst),6.857000e-04,CustomOperator_E4M3_to_E4M3_0: 2.380e-05 (1 inst); CustomOperator_E4M3_to_E4M3_1: 2.460e-05 (1 inst); CustomOperator_E4M3_to_E4M3_2: 2.660e-05 (1 inst); CustomOperator_E4M3_to_E4M3_3: 2.640e-05 (1 inst); DirectToFP14b_E4M3_x_E4M3_UE8M0: 1.050e-05 (1 inst); FPNAdder: 1.050e-04 (1 inst); FixedFPTree_exp7_mant8_out8_vec4_range28: 4.050e-04 (1 inst); SNPS_CLOCK_GATE: 6.470e-06 (1 inst),2.0000,500.0,1059,0.372,0.0366,2048,1,5freq
baseline_act-E5M2_w-E2M3_UE8M0,baseline,E5M2,E2M3,UE8M0,500,true,0.0000,2869.272003,CustomOperator_E5M2_to_E2M3_0: 32.7600 (1 inst); CustomOperator_E5M2_to_E2M3_1: 34.3980 (1 inst); CustomOperator_E5M2_to_E2M3_2: 48.0060 (1 inst); CustomOperator_E5M2_to_E2M3_3: 49.7700 (1 inst); DirectToFP15b_E5M2_x_E2M3_UE8M0: 69.6780 (1 inst); FPNAdder: 514.0800 (1 inst); FixedFPTree_exp7_mant7_out7_vec4_range31: 2043.3420 (1 inst); SNPS_CLOCK_GATE: 1.8900 (1 inst),1.304000e-03,CustomOperator_E5M2_to_E2M3_0: 1.220e-05 (1 inst); CustomOperator_E5M2_to_E2M3_1: 1.330e-05 (1 inst); CustomOperator_E5M2_to_E2M3_2: 1.590e-05 (1 inst); CustomOperator_E5M2_to_E2M3_3: 1.520e-05 (1 inst); DirectToFP15b_E5M2_x_E2M3_UE8M0: 4.010e-05 (1 inst); FPNAdder: 1.850e-04 (1 inst); FixedFPTree_exp7_mant7_out7_vec4_range31: 1.010e-03 (1 inst); SNPS_CLOCK_GATE: 6.050e-07 (1 inst),6.511000e-04,CustomOperator_E5M2_to_E2M3_0: 1.560e-05 (1 inst); CustomOperator_E5M2_to_E2M3_1: 1.700e-05 (1 inst); CustomOperator_E5M2_to_E2M3_2: 1.990e-05 (1 inst); CustomOperator_E5M2_to_E2M3_3: 1.940e-05 (1 inst); DirectToFP15b_E5M2_x_E2M3_UE8M0: 1.130e-05 (1 inst); FPNAdder: 9.760e-05 (1 inst); FixedFPTree_exp7_mant7_out7_vec4_range31: 4.070e-04 (1 inst); SNPS_CLOCK_GATE: 6.630e-06 (1 inst),2.0000,500.0,1059,0.372,0.0366,2048,1,5freq
baseline_act-INT8_w-E2M3_UE6M2,baseline,INT8,E2M3,UE6M2,500,true,0.0000,2950.920001,CustomOperator_INT8_to_E2M3_0: 141.8760 (1 inst); CustomOperator_INT8_to_E2M3_1: 105.7140 (1 inst); CustomOperator_INT8_to_E2M3_2: 114.1560 (1 inst); CustomOperator_INT8_to_E2M3_3: 100.0440 (1 inst); FPNAdder: 771.2460 (1 inst); FixedFPTree_exp7_mant11_out16_vec4_range2: 937.8180 (1 inst); SNPS_CLOCK_GATE: 1.8900 (1 inst); ScaleAddition_INT8_to_E2M3_scale_UE6M2_wide16: 398.0340 (1 inst); ScaleToFP19b_INT8_x_E2M3_UE6M2_wide22: 293.7060 (1 inst),1.582000e-03,CustomOperator_INT8_to_E2M3_0: 6.170e-05 (1 inst); CustomOperator_INT8_to_E2M3_1: 4.160e-05 (1 inst); CustomOperator_INT8_to_E2M3_2: 4.850e-05 (1 inst); CustomOperator_INT8_to_E2M3_3: 4.520e-05 (1 inst); FPNAdder: 3.590e-04 (1 inst); FixedFPTree_exp7_mant11_out16_vec4_range2: 5.560e-04 (1 inst); SNPS_CLOCK_GATE: 6.570e-07 (1 inst); ScaleAddition_INT8_to_E2M3_scale_UE6M2_wide16: 2.700e-04 (1 inst); ScaleToFP19b_INT8_x_E2M3_UE6M2_wide22: 1.830e-04 (1 inst),1.006000e-03,CustomOperator_INT8_to_E2M3_0: 6.970e-05 (1 inst); CustomOperator_INT8_to_E2M3_1: 4.290e-05 (1 inst); CustomOperator_INT8_to_E2M3_2: 4.890e-05 (1 inst); CustomOperator_INT8_to_E2M3_3: 4.820e-05 (1 inst); FPNAdder: 1.690e-04 (1 inst); FixedFPTree_exp7_mant11_out16_vec4_range2: 3.560e-04 (1 inst); SNPS_CLOCK_GATE: 7.260e-06 (1 inst); ScaleAddition_INT8_to_E2M3_scale_UE6M2_wide16: 1.200e-04 (1 inst); ScaleToFP19b_INT8_x_E2M3_UE6M2_wide22: 7.140e-05 (1 inst),2.0000,500.0,1059,0.372,0.0366,2048,1,5freq
baseline_act-E3M2_w-E3M2_UE6M2,baseline,E3M2,E3M2,UE6M2,500,true,0.0000,2959.362001,CustomOperator_E3M2_to_E3M2_0: 34.6500 (1 inst); CustomOperator_E3M2_to_E3M2_1: 44.3520 (1 inst); CustomOperator_E3M2_to_E3M2_2: 64.0080 (1 inst); CustomOperator_E3M2_to_E3M2_3: 74.5920 (1 inst); FPNAdder: 699.0480 (1 inst); FixedFPTree_exp7_mant6_out11_vec4_range12: 1348.7040 (1 inst); SNPS_CLOCK_GATE: 1.8900 (1 inst); ScaleAddition_E3M2_to_E3M2_scale_UE6M2_wide11: 334.5300 (1 inst); ScaleToFP14b_E3M2_x_E3M2_UE6M2_wide17: 283.2480 (1 inst),1.573000e-03,CustomOperator_E3M2_to_E3M2_0: 1.320e-05 (1 inst); CustomOperator_E3M2_to_E3M2_1: 1.570e-05 (1 inst); CustomOperator_E3M2_to_E3M2_2: 2.210e-05 (1 inst); CustomOperator_E3M2_to_E3M2_3: 2.650e-05 (1 inst); FPNAdder: 3.440e-04 (1 inst); FixedFPTree_exp7_mant6_out11_vec4_range12: 7.020e-04 (1 inst); SNPS_CLOCK_GATE: 5.960e-07 (1 inst); ScaleAddition_E3M2_to_E3M2_scale_UE6M2_wide11: 2.400e-04 (1 inst); ScaleToFP14b_E3M2_x_E3M2_UE6M2_wide17: 1.940e-04 (1 inst),8.807000e-04,CustomOperator_E3M2_to_E3M2_0: 1.450e-05 (1 inst); CustomOperator_E3M2_to_E3M2_1: 1.700e-05 (1 inst); CustomOperator_E3M2_to_E3M2_2: 2.600e-05 (1 inst); CustomOperator_E3M2_to_E3M2_3: 2.930e-05 (1 inst); FPNAdder: 1.610e-04 (1 inst); FixedFPTree_exp7_mant6_out11_vec4_range12: 4.090e-04 (1 inst); SNPS_CLOCK_GATE: 6.470e-06 (1 inst); ScaleAddition_E3M2_to_E3M2_scale_UE6M2_wide11: 8.430e-05 (1 inst); ScaleToFP14b_E3M2_x_E3M2_UE6M2_wide17: 7.290e-05 (1 inst),2.0000,500.0,1059,0.372,0.0366,2048,1,5freq
baseline_act-E4M3_w-E2M1_UE7M1,baseline,E4M3,E2M1,UE7M1,500,true,0.0000,2979.396002,CustomOperator_E4M3_to_E2M1_0: 26.0820 (1 inst); CustomOperator_E4M3_to_E2M1_1: 29.3580 (1 inst); CustomOperator_E4M3_to_E2M1_2: 49.2660 (1 inst); CustomOperator_E4M3_to_E2M1_3: 53.9280 (1 inst); FPNAdder: 685.4400 (1 inst); FixedFPTree_exp7_mant6_out13_vec4_range16: 1553.5800 (1 inst); SNPS_CLOCK_GATE: 1.8900 (1 inst); ScaleAddition_E4M3_to_E2M1_scale_UE7M1_wide13: 242.5500 (1 inst); ScaleToFP14b_E4M3_x_E2M1_UE7M1_wide17: 257.4180 (1 inst),1.533000e-03,CustomOperator_E4M3_to_E2M1_0: 9.130e-06 (1 inst); CustomOperator_E4M3_to_E2M1_1: 1.130e-05 (1 inst); CustomOperator_E4M3_to_E2M1_2: 1.650e-05 (1 inst); CustomOperator_E4M3_to_E2M1_3: 1.610e-05 (1 inst); FPNAdder: 3.380e-04 (1 inst); FixedFPTree_exp7_mant6_out13_vec4_range16: 8.210e-04 (1 inst); SNPS_CLOCK_GATE: 5.850e-07 (1 inst); ScaleAddition_E4M3_to_E2M1_scale_UE7M1_wide13: 1.540e-04 (1 inst); ScaleToFP14b_E4M3_x_E2M1_UE7M1_wide17: 1.500e-04 (1 inst),8.083000e-04,CustomOperator_E4M3_to_E2M1_0: 1.240e-05 (1 inst); CustomOperator_E4M3_to_E2M1_1: 1.440e-05 (1 inst); CustomOperator_E4M3_to_E2M1_2: 2.080e-05 (1 inst); CustomOperator_E4M3_to_E2M1_3: 2.030e-05 (1 inst); FPNAdder: 1.640e-04 (1 inst); FixedFPTree_exp7_mant6_out13_vec4_range16: 3.910e-04 (1 inst); SNPS_CLOCK_GATE: 6.470e-06 (1 inst); ScaleAddition_E4M3_to_E2M1_scale_UE7M1_wide13: 5.830e-05 (1 inst); ScaleToFP14b_E4M3_x_E2M1_UE7M1_wide17: 6.020e-05 (1 inst),2.0000,500.0,1059,0.372,0.0366,2048,1,5freq
baseline_act-E3M2_w-E3M2_UE4M4,baseline,E3M2,E3M2,UE4M4,500,true,0.0000,3032.442001,CustomOperator_E3M2_to_E3M2_0: 36.6660 (1 inst); CustomOperator_E3M2_to_E3M2_1: 53.4240 (1 inst); CustomOperator_E3M2_to_E3M2_2: 66.1500 (1 inst); CustomOperator_E3M2_to_E3M2_3: 71.8200 (1 inst); FPNAdder: 737.6040 (1 inst); FixedFPTree_exp6_mant6_out7_vec4_range12: 1345.4280 (1 inst); SNPS_CLOCK_GATE: 1.8900 (1 inst); ScaleAddition_E3M2_to_E3M2_scale_UE4M4_wide7: 405.3420 (1 inst); ScaleToFP14b_E3M2_x_E3M2_UE4M4_wide17: 240.7860 (1 inst),1.627000e-03,CustomOperator_E3M2_to_E3M2_0: 1.360e-05 (1 inst); CustomOperator_E3M2_to_E3M2_1: 1.910e-05 (1 inst); CustomOperator_E3M2_to_E3M2_2: 2.420e-05 (1 inst); CustomOperator_E3M2_to_E3M2_3: 2.410e-05 (1 inst); FPNAdder: 3.670e-04 (1 inst); FixedFPTree_exp6_mant6_out7_vec4_range12: 7.110e-04 (1 inst); SNPS_CLOCK_GATE: 5.860e-07 (1 inst); ScaleAddition_E3M2_to_E3M2_scale_UE4M4_wide7: 3.030e-04 (1 inst); ScaleToFP14b_E3M2_x_E3M2_UE4M4_wide17: 1.500e-04 (1 inst),9.165000e-04,CustomOperator_E3M2_to_E3M2_0: 1.520e-05 (1 inst); CustomOperator_E3M2_to_E3M2_1: 2.110e-05 (1 inst); CustomOperator_E3M2_to_E3M2_2: 2.670e-05 (1 inst); CustomOperator_E3M2_to_E3M2_3: 2.630e-05 (1 inst); FPNAdder: 1.860e-04 (1 inst); FixedFPTree_exp6_mant6_out7_vec4_range12: 4.020e-04 (1 inst); SNPS_CLOCK_GATE: 6.470e-06 (1 inst); ScaleAddition_E3M2_to_E3M2_scale_UE4M4_wide7: 1.180e-04 (1 inst); ScaleToFP14b_E3M2_x_E3M2_UE4M4_wide17: 5.360e-05 (1 inst),2.0000,500.0,1059,0.372,0.0366,2048,1,5freq
baseline_act-E5M2_w-E3M2_UE8M0,baseline,E5M2,E3M2,UE8M0,500,true,0.0000,3033.828005,CustomOperator_E5M2_to_E3M2_0: 41.3280 (1 inst); CustomOperator_E5M2_to_E3M2_1: 42.7140 (1 inst); CustomOperator_E5M2_to_E3M2_2: 71.3160 (1 inst); CustomOperator_E5M2_to_E3M2_3: 60.3540 (1 inst); DirectToFP15b_E5M2_x_E3M2_UE8M0: 71.6940 (1 inst); FPNAdder: 538.1460 (1 inst); FixedFPTree_exp7_mant6_out6_vec4_range35: 2130.7860 (1 inst); SNPS_CLOCK_GATE: 1.8900 (1 inst),1.234000e-03,CustomOperator_E5M2_to_E3M2_0: 1.440e-05 (1 inst); CustomOperator_E5M2_to_E3M2_1: 1.500e-05 (1 inst); CustomOperator_E5M2_to_E3M2_2: 2.280e-05 (1 inst); CustomOperator_E5M2_to_E3M2_3: 1.970e-05 (1 inst); DirectToFP15b_E5M2_x_E3M2_UE8M0: 4.250e-05 (1 inst); FPNAdder: 1.880e-04 (1 inst); FixedFPTree_exp7_mant6_out6_vec4_range35: 9.220e-04 (1 inst); SNPS_CLOCK_GATE: 6.140e-07 (1 inst),6.419000e-04,CustomOperator_E5M2_to_E3M2_0: 1.540e-05 (1 inst); CustomOperator_E5M2_to_E3M2_1: 1.700e-05 (1 inst); CustomOperator_E5M2_to_E3M2_2: 2.540e-05 (1 inst); CustomOperator_E5M2_to_E3M2_3: 2.090e-05 (1 inst); DirectToFP15b_E5M2_x_E3M2_UE8M0: 1.060e-05 (1 inst); FPNAdder: 9.460e-05 (1 inst); FixedFPTree_exp7_mant6_out6_vec4_range35: 3.940e-04 (1 inst); SNPS_CLOCK_GATE: 6.630e-06 (1 inst),2.0000,500.0,1059,0.372,0.0366,2048,1,5freq
baseline_act-INT8_w-INT8_UE4M3,baseline,INT8,INT8,UE4M3,500,true,0.0000,3035.592002,CustomOperator_INT8_to_INT8_0: 209.1600 (1 inst); CustomOperator_INT8_to_INT8_1: 208.5300 (1 inst); CustomOperator_INT8_to_INT8_2: 204.8760 (1 inst); CustomOperator_INT8_to_INT8_3: 196.3080 (1 inst); FPNAdder: 750.0780 (1 inst); FixedFPTree_exp7_mant14_out14_vec4_range0: 587.9160 (1 inst); SNPS_CLOCK_GATE: 1.8900 (1 inst); ScaleAddition_INT8_to_INT8_scale_UE4M3_wide14: 466.3260 (1 inst); ScaleToFP19b_INT8_x_INT8_UE4M3_wide22: 317.1420 (1 inst),1.844000e-03,CustomOperator_INT8_to_INT8_0: 1.110e-04 (1 inst); CustomOperator_INT8_to_INT8_1: 1.100e-04 (1 inst); CustomOperator_INT8_to_INT8_2: 1.100e-04 (1 inst); CustomOperator_INT8_to_INT8_3: 1.050e-04 (1 inst); FPNAdder: 3.710e-04 (1 inst); FixedFPTree_exp7_mant14_out14_vec4_range0: 4.580e-04 (1 inst); SNPS_CLOCK_GATE: 6.510e-07 (1 inst); ScaleAddition_INT8_to_INT8_scale_UE4M3_wide14: 3.660e-04 (1 inst); ScaleToFP19b_INT8_x_INT8_UE4M3_wide22: 1.940e-04 (1 inst),1.137000e-03,CustomOperator_INT8_to_INT8_0: 9.820e-05 (1 inst); CustomOperator_INT8_to_INT8_1: 9.900e-05 (1 inst); CustomOperator_INT8_to_INT8_2: 9.900e-05 (1 inst); CustomOperator_INT8_to_INT8_3: 9.180e-05 (1 inst); FPNAdder: 1.830e-04 (1 inst); FixedFPTree_exp7_mant14_out14_vec4_range0: 2.640e-04 (1 inst); SNPS_CLOCK_GATE: 7.260e-06 (1 inst); ScaleAddition_INT8_to_INT8_scale_UE4M3_wide14: 1.420e-04 (1 inst); ScaleToFP19b_INT8_x_INT8_UE4M3_wide22: 7.590e-05 (1 inst),2.0000,500.0,1059,0.372,0.0366,2048,1,5freq
baseline_act-INT8_w-INT8_UE5M3,baseline,INT8,INT8,UE5M3,500,true,0.0000,3044.412000,CustomOperator_INT8_to_INT8_0: 205.6320 (1 inst); CustomOperator_INT8_to_INT8_1: 206.0100 (1 inst); CustomOperator_INT8_to_INT8_2: 182.8260 (1 inst); CustomOperator_INT8_to_INT8_3: 200.0880 (1 inst); FPNAdder: 815.0940 (1 inst); FixedFPTree_exp7_mant14_out14_vec4_range0: 541.0440 (1 inst); SNPS_CLOCK_GATE: 1.8900 (1 inst); ScaleAddition_INT8_to_INT8_scale_UE5M3_wide14: 477.7920 (1 inst); ScaleToFP19b_INT8_x_INT8_UE5M3_wide22: 326.3400 (1 inst),1.849000e-03,CustomOperator_INT8_to_INT8_0: 1.070e-04 (1 inst); CustomOperator_INT8_to_INT8_1: 1.090e-04 (1 inst); CustomOperator_INT8_to_INT8_2: 9.920e-05 (1 inst); CustomOperator_INT8_to_INT8_3: 1.050e-04 (1 inst); FPNAdder: 4.220e-04 (1 inst); FixedFPTree_exp7_mant14_out14_vec4_range0: 4.120e-04 (1 inst); SNPS_CLOCK_GATE: 6.550e-07 (1 inst); ScaleAddition_INT8_to_INT8_scale_UE5M3_wide14: 3.730e-04 (1 inst); ScaleToFP19b_INT8_x_INT8_UE5M3_wide22: 2.040e-04 (1 inst),1.154000e-03,CustomOperator_INT8_to_INT8_0: 9.600e-05 (1 inst); CustomOperator_INT8_to_INT8_1: 9.800e-05 (1 inst); CustomOperator_INT8_to_INT8_2: 8.850e-05 (1 inst); CustomOperator_INT8_to_INT8_3: 9.300e-05 (1 inst); FPNAdder: 2.170e-04 (1 inst); FixedFPTree_exp7_mant14_out14_vec4_range0: 2.400e-04 (1 inst); SNPS_CLOCK_GATE: 7.260e-06 (1 inst); ScaleAddition_INT8_to_INT8_scale_UE5M3_wide14: 1.520e-04 (1 inst); ScaleToFP19b_INT8_x_INT8_UE5M3_wide22: 8.750e-05 (1 inst),2.0000,500.0,1059,0.372,0.0366,2048,1,5freq
baseline_act-INT8_w-E3M2_UE5M3,baseline,INT8,E3M2,UE5M3,500,true,0.0000,3078.306001,CustomOperator_INT8_to_E3M2_0: 74.4660 (1 inst); CustomOperator_INT8_to_E3M2_1: 80.7660 (1 inst); CustomOperator_INT8_to_E3M2_2: 83.1600 (1 inst); CustomOperator_INT8_to_E3M2_3: 79.0020 (1 inst); FPNAdder: 828.8280 (1 inst); FixedFPTree_exp7_mant10_out14_vec4_range6: 1055.1240 (1 inst); SNPS_CLOCK_GATE: 1.8900 (1 inst); ScaleAddition_INT8_to_E3M2_scale_UE5M3_wide14: 473.5080 (1 inst); ScaleToFP19b_INT8_x_E3M2_UE5M3_wide22: 314.3700 (1 inst),1.783000e-03,CustomOperator_INT8_to_E3M2_0: 3.050e-05 (1 inst); CustomOperator_INT8_to_E3M2_1: 3.310e-05 (1 inst); CustomOperator_INT8_to_E3M2_2: 3.420e-05 (1 inst); CustomOperator_INT8_to_E3M2_3: 3.130e-05 (1 inst); FPNAdder: 4.170e-04 (1 inst); FixedFPTree_exp7_mant10_out14_vec4_range6: 6.660e-04 (1 inst); SNPS_CLOCK_GATE: 6.560e-07 (1 inst); ScaleAddition_INT8_to_E3M2_scale_UE5M3_wide14: 3.580e-04 (1 inst); ScaleToFP19b_INT8_x_E3M2_UE5M3_wide22: 1.950e-04 (1 inst),1.033000e-03,CustomOperator_INT8_to_E3M2_0: 3.510e-05 (1 inst); CustomOperator_INT8_to_E3M2_1: 3.730e-05 (1 inst); CustomOperator_INT8_to_E3M2_2: 4.000e-05 (1 inst); CustomOperator_INT8_to_E3M2_3: 3.650e-05 (1 inst); FPNAdder: 1.920e-04 (1 inst); FixedFPTree_exp7_mant10_out14_vec4_range6: 4.210e-04 (1 inst); SNPS_CLOCK_GATE: 7.260e-06 (1 inst); ScaleAddition_INT8_to_E3M2_scale_UE5M3_wide14: 1.200e-04 (1 inst); ScaleToFP19b_INT8_x_E3M2_UE5M3_wide22: 7.170e-05 (1 inst),2.0000,500.0,1059,0.372,0.0366,2048,1,5freq
baseline_act-E3M2_w-E3M2_UE5M3,baseline,E3M2,E3M2,UE5M3,500,true,0.0000,3081.960002,CustomOperator_E3M2_to_E3M2_0: 35.6580 (1 inst); CustomOperator_E3M2_to_E3M2_1: 38.3040 (1 inst); CustomOperator_E3M2_to_E3M2_2: 56.0700 (1 inst); CustomOperator_E3M2_to_E3M2_3: 70.1820 (1 inst); FPNAdder: 725.8860 (1 inst); FixedFPTree_exp7_mant6_out9_vec4_range12: 1447.8660 (1 inst); SNPS_CLOCK_GATE: 1.8900 (1 inst); ScaleAddition_E3M2_to_E3M2_scale_UE5M3_wide9: 379.6380 (1 inst); ScaleToFP14b_E3M2_x_E3M2_UE5M3_wide17: 251.8740 (1 inst),1.581000e-03,CustomOperator_E3M2_to_E3M2_0: 1.380e-05 (1 inst); CustomOperator_E3M2_to_E3M2_1: 1.410e-05 (1 inst); CustomOperator_E3M2_to_E3M2_2: 1.950e-05 (1 inst); CustomOperator_E3M2_to_E3M2_3: 2.160e-05 (1 inst); FPNAdder: 3.390e-04 (1 inst); FixedFPTree_exp7_mant6_out9_vec4_range12: 7.220e-04 (1 inst); SNPS_CLOCK_GATE: 5.930e-07 (1 inst); ScaleAddition_E3M2_to_E3M2_scale_UE5M3_wide9: 2.820e-04 (1 inst); ScaleToFP14b_E3M2_x_E3M2_UE5M3_wide17: 1.540e-04 (1 inst),9.184000e-04,CustomOperator_E3M2_to_E3M2_0: 1.540e-05 (1 inst); CustomOperator_E3M2_to_E3M2_1: 1.570e-05 (1 inst); CustomOperator_E3M2_to_E3M2_2: 2.220e-05 (1 inst); CustomOperator_E3M2_to_E3M2_3: 2.470e-05 (1 inst); FPNAdder: 1.660e-04 (1 inst); FixedFPTree_exp7_mant6_out9_vec4_range12: 4.310e-04 (1 inst); SNPS_CLOCK_GATE: 6.470e-06 (1 inst); ScaleAddition_E3M2_to_E3M2_scale_UE5M3_wide9: 1.100e-04 (1 inst); ScaleToFP14b_E3M2_x_E3M2_UE5M3_wide17: 6.610e-05 (1 inst),2.0000,500.0,1059,0.372,0.0366,2048,1,5freq
baseline_act-E3M2_w-E3M2_UE4M3,baseline,E3M2,E3M2,UE4M3,500,true,0.0000,3097.962001,CustomOperator_E3M2_to_E3M2_0: 36.1620 (1 inst); CustomOperator_E3M2_to_E3M2_1: 40.6980 (1 inst); CustomOperator_E3M2_to_E3M2_2: 60.3540 (1 inst); CustomOperator_E3M2_to_E3M2_3: 66.5280 (1 inst); FPNAdder: 731.0520 (1 inst); FixedFPTree_exp7_mant6_out9_vec4_range12: 1399.6080 (1 inst); SNPS_CLOCK_GATE: 1.8900 (1 inst); ScaleAddition_E3M2_to_E3M2_scale_UE4M3_wide9: 417.0600 (1 inst); ScaleToFP14b_E3M2_x_E3M2_UE4M3_wide17: 270.1440 (1 inst),1.647000e-03,CustomOperator_E3M2_to_E3M2_0: 1.360e-05 (1 inst); CustomOperator_E3M2_to_E3M2_1: 1.480e-05 (1 inst); CustomOperator_E3M2_to_E3M2_2: 2.030e-05 (1 inst); CustomOperator_E3M2_to_E3M2_3: 2.070e-05 (1 inst); FPNAdder: 3.500e-04 (1 inst); FixedFPTree_exp7_mant6_out9_vec4_range12: 7.370e-04 (1 inst); SNPS_CLOCK_GATE: 5.830e-07 (1 inst); ScaleAddition_E3M2_to_E3M2_scale_UE4M3_wide9: 3.130e-04 (1 inst); ScaleToFP14b_E3M2_x_E3M2_UE4M3_wide17: 1.610e-04 (1 inst),8.932000e-04,CustomOperator_E3M2_to_E3M2_0: 1.540e-05 (1 inst); CustomOperator_E3M2_to_E3M2_1: 1.620e-05 (1 inst); CustomOperator_E3M2_to_E3M2_2: 2.360e-05 (1 inst); CustomOperator_E3M2_to_E3M2_3: 2.200e-05 (1 inst); FPNAdder: 1.680e-04 (1 inst); FixedFPTree_exp7_mant6_out9_vec4_range12: 4.160e-04 (1 inst); SNPS_CLOCK_GATE: 6.470e-06 (1 inst); ScaleAddition_E3M2_to_E3M2_scale_UE4M3_wide9: 1.020e-04 (1 inst); ScaleToFP14b_E3M2_x_E3M2_UE4M3_wide17: 6.140e-05 (1 inst),2.0000,500.0,1059,0.372,0.0366,2048,1,5freq
baseline_act-INT8_w-E3M2_UE4M3,baseline,INT8,E3M2,UE4M3,500,true,0.0000,3138.660003,CustomOperator_INT8_to_E3M2_0: 90.3420 (1 inst); CustomOperator_INT8_to_E3M2_1: 84.4200 (1 inst); CustomOperator_INT8_to_E3M2_2: 86.8140 (1 inst); CustomOperator_INT8_to_E3M2_3: 94.3740 (1 inst); FPNAdder: 820.7640 (1 inst); FixedFPTree_exp7_mant10_out14_vec4_range6: 1075.2840 (1 inst); SNPS_CLOCK_GATE: 1.8900 (1 inst); ScaleAddition_INT8_to_E3M2_scale_UE4M3_wide14: 455.2380 (1 inst); ScaleToFP19b_INT8_x_E3M2_UE4M3_wide22: 340.8300 (1 inst),1.786000e-03,CustomOperator_INT8_to_E3M2_0: 3.800e-05 (1 inst); CustomOperator_INT8_to_E3M2_1: 3.510e-05 (1 inst); CustomOperator_INT8_to_E3M2_2: 3.480e-05 (1 inst); CustomOperator_INT8_to_E3M2_3: 3.760e-05 (1 inst); FPNAdder: 4.060e-04 (1 inst); FixedFPTree_exp7_mant10_out14_vec4_range6: 6.600e-04 (1 inst); SNPS_CLOCK_GATE: 6.540e-07 (1 inst); ScaleAddition_INT8_to_E3M2_scale_UE4M3_wide14: 3.460e-04 (1 inst); ScaleToFP19b_INT8_x_E3M2_UE4M3_wide22: 2.100e-04 (1 inst),1.050000e-03,CustomOperator_INT8_to_E3M2_0: 4.370e-05 (1 inst); CustomOperator_INT8_to_E3M2_1: 3.990e-05 (1 inst); CustomOperator_INT8_to_E3M2_2: 4.160e-05 (1 inst); CustomOperator_INT8_to_E3M2_3: 4.370e-05 (1 inst); FPNAdder: 1.820e-04 (1 inst); FixedFPTree_exp7_mant10_out14_vec4_range6: 4.320e-04 (1 inst); SNPS_CLOCK_GATE: 7.260e-06 (1 inst); ScaleAddition_INT8_to_E3M2_scale_UE4M3_wide14: 1.120e-04 (1 inst); ScaleToFP19b_INT8_x_E3M2_UE4M3_wide22: 7.410e-05 (1 inst),2.0000,500.0,1059,0.372,0.0366,2048,1,5freq
baseline_act-INT8_w-E2M3_UE5M3,baseline,INT8,E2M3,UE5M3,500,true,0.0000,3225.096001,CustomOperator_INT8_to_E2M3_0: 102.6900 (1 inst); CustomOperator_INT8_to_E2M3_1: 127.6380 (1 inst); CustomOperator_INT8_to_E2M3_2: 108.7380 (1 inst); CustomOperator_INT8_to_E2M3_3: 109.4940 (1 inst); FPNAdder: 797.4540 (1 inst); FixedFPTree_exp7_mant11_out14_vec4_range2: 1049.3280 (1 inst); SNPS_CLOCK_GATE: 1.8900 (1 inst); ScaleAddition_INT8_to_E2M3_scale_UE5M3_wide14: 520.1280 (1 inst); ScaleToFP19b_INT8_x_E2M3_UE5M3_wide22: 320.2920 (1 inst),1.858000e-03,CustomOperator_INT8_to_E2M3_0: 4.310e-05 (1 inst); CustomOperator_INT8_to_E2M3_1: 5.930e-05 (1 inst); CustomOperator_INT8_to_E2M3_2: 4.640e-05 (1 inst); CustomOperator_INT8_to_E2M3_3: 5.070e-05 (1 inst); FPNAdder: 3.940e-04 (1 inst); FixedFPTree_exp7_mant11_out14_vec4_range2: 6.490e-04 (1 inst); SNPS_CLOCK_GATE: 6.620e-07 (1 inst); ScaleAddition_INT8_to_E2M3_scale_UE5M3_wide14: 3.950e-04 (1 inst); ScaleToFP19b_INT8_x_E2M3_UE5M3_wide22: 2.020e-04 (1 inst),1.147000e-03,CustomOperator_INT8_to_E2M3_0: 4.340e-05 (1 inst); CustomOperator_INT8_to_E2M3_1: 6.390e-05 (1 inst); CustomOperator_INT8_to_E2M3_2: 4.540e-05 (1 inst); CustomOperator_INT8_to_E2M3_3: 5.330e-05 (1 inst); FPNAdder: 1.960e-04 (1 inst); FixedFPTree_exp7_mant11_out14_vec4_range2: 4.070e-04 (1 inst); SNPS_CLOCK_GATE: 7.260e-06 (1 inst); ScaleAddition_INT8_to_E2M3_scale_UE5M3_wide14: 1.750e-04 (1 inst); ScaleToFP19b_INT8_x_E2M3_UE5M3_wide22: 8.260e-05 (1 inst),2.0000,500.0,1059,0.372,0.0366,2048,1,5freq
baseline_act-INT8_w-E3M2_UE4M4,baseline,INT8,E3M2,UE4M4,500,true,0.0000,3238.200001,CustomOperator_INT8_to_E3M2_0: 65.0160 (1 inst); CustomOperator_INT8_to_E3M2_1: 70.6860 (1 inst); CustomOperator_INT8_to_E3M2_2: 74.2140 (1 inst); CustomOperator_INT8_to_E3M2_3: 69.4260 (1 inst); FPNAdder: 812.8260 (1 inst); FixedFPTree_exp7_mant10_out12_vec4_range6: 1142.3160 (1 inst); SNPS_CLOCK_GATE: 1.8900 (1 inst); ScaleAddition_INT8_to_E3M2_scale_UE4M4_wide12: 553.8960 (1 inst); ScaleToFP19b_INT8_x_E3M2_UE4M4_wide22: 360.2340 (1 inst),1.922000e-03,CustomOperator_INT8_to_E3M2_0: 2.670e-05 (1 inst); CustomOperator_INT8_to_E3M2_1: 2.860e-05 (1 inst); CustomOperator_INT8_to_E3M2_2: 3.060e-05 (1 inst); CustomOperator_INT8_to_E3M2_3: 2.800e-05 (1 inst); FPNAdder: 4.070e-04 (1 inst); FixedFPTree_exp7_mant10_out12_vec4_range6: 7.370e-04 (1 inst); SNPS_CLOCK_GATE: 6.470e-07 (1 inst); ScaleAddition_INT8_to_E3M2_scale_UE4M4_wide12: 4.320e-04 (1 inst); ScaleToFP19b_INT8_x_E3M2_UE4M4_wide22: 2.140e-04 (1 inst),1.134000e-03,CustomOperator_INT8_to_E3M2_0: 3.130e-05 (1 inst); CustomOperator_INT8_to_E3M2_1: 3.350e-05 (1 inst); CustomOperator_INT8_to_E3M2_2: 3.600e-05 (1 inst); CustomOperator_INT8_to_E3M2_3: 3.140e-05 (1 inst); FPNAdder: 2.010e-04 (1 inst); FixedFPTree_exp7_mant10_out12_vec4_range6: 4.610e-04 (1 inst); SNPS_CLOCK_GATE: 7.260e-06 (1 inst); ScaleAddition_INT8_to_E3M2_scale_UE4M4_wide12: 1.780e-04 (1 inst); ScaleToFP19b_INT8_x_E3M2_UE4M4_wide22: 8.050e-05 (1 inst),2.0000,500.0,1059,0.372,0.0366,2048,1,5freq
baseline_act-E4M3_w-E2M3_UE7M1,baseline,E4M3,E2M3,UE7M1,500,true,0.0000,3238.200004,CustomOperator_E4M3_to_E2M3_0: 48.0060 (1 inst); CustomOperator_E4M3_to_E2M3_1: 50.0220 (1 inst); CustomOperator_E4M3_to_E2M3_2: 59.4720 (1 inst); CustomOperator_E4M3_to_E2M3_3: 62.3700 (1 inst); FPNAdder: 688.8420 (1 inst); FixedFPTree_exp7_mant8_out13_vec4_range16: 1733.8860 (1 inst); SNPS_CLOCK_GATE: 1.8900 (1 inst); ScaleAddition_E4M3_to_E2M3_scale_UE7M1_wide13: 247.3380 (1 inst); ScaleToFP14b_E4M3_x_E2M3_UE7M1_wide17: 266.8680 (1 inst),1.720000e-03,CustomOperator_E4M3_to_E2M3_0: 1.790e-05 (1 inst); CustomOperator_E4M3_to_E2M3_1: 1.900e-05 (1 inst); CustomOperator_E4M3_to_E2M3_2: 2.160e-05 (1 inst); CustomOperator_E4M3_to_E2M3_3: 2.110e-05 (1 inst); FPNAdder: 3.500e-04 (1 inst); FixedFPTree_exp7_mant8_out13_vec4_range16: 9.420e-04 (1 inst); SNPS_CLOCK_GATE: 5.910e-07 (1 inst); ScaleAddition_E4M3_to_E2M3_scale_UE7M1_wide13: 1.720e-04 (1 inst); ScaleToFP14b_E4M3_x_E2M3_UE7M1_wide17: 1.600e-04 (1 inst),9.450000e-04,CustomOperator_E4M3_to_E2M3_0: 2.260e-05 (1 inst); CustomOperator_E4M3_to_E2M3_1: 2.370e-05 (1 inst); CustomOperator_E4M3_to_E2M3_2: 2.760e-05 (1 inst); CustomOperator_E4M3_to_E2M3_3: 2.620e-05 (1 inst); FPNAdder: 1.740e-04 (1 inst); FixedFPTree_exp7_mant8_out13_vec4_range16: 4.700e-04 (1 inst); SNPS_CLOCK_GATE: 6.470e-06 (1 inst); ScaleAddition_E4M3_to_E2M3_scale_UE7M1_wide13: 6.720e-05 (1 inst); ScaleToFP14b_E4M3_x_E2M3_UE7M1_wide17: 6.520e-05 (1 inst),2.0000,500.0,1059,0.372,0.0366,2048,1,5freq
baseline_act-INT8_w-E5M2_UE8M0,baseline,INT8,E5M2,UE8M0,500,true,0.0000,3264.030002,CustomOperator_INT8_to_E5M2_0: 59.4720 (1 inst); CustomOperator_INT8_to_E5M2_1: 59.3460 (1 inst); CustomOperator_INT8_to_E5M2_2: 69.9300 (1 inst); CustomOperator_INT8_to_E5M2_3: 70.3080 (1 inst); DirectToFP19b_INT8_x_E5M2_UE8M0: 89.4600 (1 inst); FPNAdder: 665.5320 (1 inst); FixedFPTree_exp8_mant10_out10_vec4_range29: 2159.8920 (1 inst); SNPS_CLOCK_GATE: 1.8900 (1 inst),1.565000e-03,CustomOperator_INT8_to_E5M2_0: 2.490e-05 (1 inst); CustomOperator_INT8_to_E5M2_1: 2.510e-05 (1 inst); CustomOperator_INT8_to_E5M2_2: 2.870e-05 (1 inst); CustomOperator_INT8_to_E5M2_3: 2.790e-05 (1 inst); DirectToFP19b_INT8_x_E5M2_UE8M0: 5.150e-05 (1 inst); FPNAdder: 2.570e-04 (1 inst); FixedFPTree_exp8_mant10_out10_vec4_range29: 1.140e-03 (1 inst); SNPS_CLOCK_GATE: 6.510e-07 (1 inst),7.856000e-04,CustomOperator_INT8_to_E5M2_0: 2.610e-05 (1 inst); CustomOperator_INT8_to_E5M2_1: 2.520e-05 (1 inst); CustomOperator_INT8_to_E5M2_2: 3.060e-05 (1 inst); CustomOperator_INT8_to_E5M2_3: 2.940e-05 (1 inst); DirectToFP19b_INT8_x_E5M2_UE8M0: 1.300e-05 (1 inst); FPNAdder: 1.320e-04 (1 inst); FixedFPTree_exp8_mant10_out10_vec4_range29: 4.540e-04 (1 inst); SNPS_CLOCK_GATE: 7.260e-06 (1 inst),2.0000,500.0,1059,0.372,0.0366,2048,1,5freq
baseline_act-INT8_w-E2M3_UE4M3,baseline,INT8,E2M3,UE4M3,500,true,0.0000,3264.281998,CustomOperator_INT8_to_E2M3_0: 101.6820 (1 inst); CustomOperator_INT8_to_E2M3_1: 149.3100 (1 inst); CustomOperator_INT8_to_E2M3_2: 113.2740 (1 inst); CustomOperator_INT8_to_E2M3_3: 121.4640 (1 inst); FPNAdder: 796.3200 (1 inst); FixedFPTree_exp7_mant11_out14_vec4_range2: 1086.2460 (1 inst); SNPS_CLOCK_GATE: 1.8900 (1 inst); ScaleAddition_INT8_to_E2M3_scale_UE4M3_wide14: 514.9620 (1 inst); ScaleToFP19b_INT8_x_E2M3_UE4M3_wide22: 288.1620 (1 inst),1.882000e-03,CustomOperator_INT8_to_E2M3_0: 4.120e-05 (1 inst); CustomOperator_INT8_to_E2M3_1: 6.910e-05 (1 inst); CustomOperator_INT8_to_E2M3_2: 4.960e-05 (1 inst); CustomOperator_INT8_to_E2M3_3: 5.630e-05 (1 inst); FPNAdder: 4.040e-04 (1 inst); FixedFPTree_exp7_mant11_out14_vec4_range2: 6.710e-04 (1 inst); SNPS_CLOCK_GATE: 6.610e-07 (1 inst); ScaleAddition_INT8_to_E2M3_scale_UE4M3_wide14: 3.970e-04 (1 inst); ScaleToFP19b_INT8_x_E2M3_UE4M3_wide22: 1.760e-04 (1 inst),1.126000e-03,CustomOperator_INT8_to_E2M3_0: 4.220e-05 (1 inst); CustomOperator_INT8_to_E2M3_1: 7.510e-05 (1 inst); CustomOperator_INT8_to_E2M3_2: 4.730e-05 (1 inst); CustomOperator_INT8_to_E2M3_3: 5.990e-05 (1 inst); FPNAdder: 1.900e-04 (1 inst); FixedFPTree_exp7_mant11_out14_vec4_range2: 4.220e-04 (1 inst); SNPS_CLOCK_GATE: 7.260e-06 (1 inst); ScaleAddition_INT8_to_E2M3_scale_UE4M3_wide14: 1.430e-04 (1 inst); ScaleToFP19b_INT8_x_E2M3_UE4M3_wide22: 6.560e-05 (1 inst),2.0000,500.0,1059,0.372,0.0366,2048,1,5freq
baseline_act-INT8_w-E2M3_UE4M4,baseline,INT8,E2M3,UE4M4,500,true,0.0000,3300.317999,CustomOperator_INT8_to_E2M3_0: 96.7680 (1 inst); CustomOperator_INT8_to_E2M3_1: 122.3460 (1 inst); CustomOperator_INT8_to_E2M3_2: 133.8120 (1 inst); CustomOperator_INT8_to_E2M3_3: 98.6580 (1 inst); FPNAdder: 854.6580 (1 inst); FixedFPTree_exp7_mant11_out12_vec4_range2: 1028.1600 (1 inst); SNPS_CLOCK_GATE: 1.8900 (1 inst); ScaleAddition_INT8_to_E2M3_scale_UE4M4_wide12: 545.8320 (1 inst); ScaleToFP19b_INT8_x_E2M3_UE4M4_wide22: 328.1040 (1 inst),1.918000e-03,CustomOperator_INT8_to_E2M3_0: 4.080e-05 (1 inst); CustomOperator_INT8_to_E2M3_1: 5.680e-05 (1 inst); CustomOperator_INT8_to_E2M3_2: 6.300e-05 (1 inst); CustomOperator_INT8_to_E2M3_3: 4.510e-05 (1 inst); FPNAdder: 4.260e-04 (1 inst); FixedFPTree_exp7_mant11_out12_vec4_range2: 6.380e-04 (1 inst); SNPS_CLOCK_GATE: 6.520e-07 (1 inst); ScaleAddition_INT8_to_E2M3_scale_UE4M4_wide12: 4.290e-04 (1 inst); ScaleToFP19b_INT8_x_E2M3_UE4M4_wide22: 2.000e-04 (1 inst),1.203000e-03,CustomOperator_INT8_to_E2M3_0: 3.970e-05 (1 inst); CustomOperator_INT8_to_E2M3_1: 6.080e-05 (1 inst); CustomOperator_INT8_to_E2M3_2: 6.800e-05 (1 inst); CustomOperator_INT8_to_E2M3_3: 4.780e-05 (1 inst); FPNAdder: 2.220e-04 (1 inst); FixedFPTree_exp7_mant11_out12_vec4_range2: 4.040e-04 (1 inst); SNPS_CLOCK_GATE: 7.260e-06 (1 inst); ScaleAddition_INT8_to_E2M3_scale_UE4M4_wide12: 1.960e-04 (1 inst); ScaleToFP19b_INT8_x_E2M3_UE4M4_wide22: 8.030e-05 (1 inst),2.0000,500.0,1059,0.372,0.0366,2048,1,5freq
baseline_act-E4M3_w-E2M1_UE6M2,baseline,E4M3,E2M1,UE6M2,500,true,0.0000,3320.982004,CustomOperator_E4M3_to_E2M1_0: 26.2080 (1 inst); CustomOperator_E4M3_to_E2M1_1: 31.3740 (1 inst); CustomOperator_E4M3_to_E2M1_2: 45.7380 (1 inst); CustomOperator_E4M3_to_E2M1_3: 48.2580 (1 inst); FPNAdder: 707.6160 (1 inst); FixedFPTree_exp7_mant6_out11_vec4_range16: 1781.0100 (1 inst); SNPS_CLOCK_GATE: 1.8900 (1 inst); ScaleAddition_E4M3_to_E2M1_scale_UE6M2_wide11: 336.4200 (1 inst); ScaleToFP14b_E4M3_x_E2M1_UE6M2_wide17: 261.7020 (1 inst),1.780000e-03,CustomOperator_E4M3_to_E2M1_0: 9.530e-06 (1 inst); CustomOperator_E4M3_to_E2M1_1: 1.160e-05 (1 inst); CustomOperator_E4M3_to_E2M1_2: 1.550e-05 (1 inst); CustomOperator_E4M3_to_E2M1_3: 1.480e-05 (1 inst); FPNAdder: 3.610e-04 (1 inst); FixedFPTree_exp7_mant6_out11_vec4_range16: 9.410e-04 (1 inst); SNPS_CLOCK_GATE: 5.840e-07 (1 inst); ScaleAddition_E4M3_to_E2M1_scale_UE6M2_wide11: 2.390e-04 (1 inst); ScaleToFP14b_E4M3_x_E2M1_UE6M2_wide17: 1.710e-04 (1 inst),9.362000e-04,CustomOperator_E4M3_to_E2M1_0: 1.250e-05 (1 inst); CustomOperator_E4M3_to_E2M1_1: 1.540e-05 (1 inst); CustomOperator_E4M3_to_E2M1_2: 2.020e-05 (1 inst); CustomOperator_E4M3_to_E2M1_3: 1.880e-05 (1 inst); FPNAdder: 1.690e-04 (1 inst); FixedFPTree_exp7_mant6_out11_vec4_range16: 4.680e-04 (1 inst); SNPS_CLOCK_GATE: 6.470e-06 (1 inst); ScaleAddition_E4M3_to_E2M1_scale_UE6M2_wide11: 9.670e-05 (1 inst); ScaleToFP14b_E4M3_x_E2M1_UE6M2_wide17: 6.690e-05 (1 inst),2.0000,500.0,1059,0.372,0.0366,2048,1,5freq
baseline_act-E4M3_w-E2M1_UE5M3,baseline,E4M3,E2M1,UE5M3,500,true,0.0000,3323.376003,CustomOperator_E4M3_to_E2M1_0: 29.3580 (1 inst); CustomOperator_E4M3_to_E2M1_1: 31.8780 (1 inst); CustomOperator_E4M3_to_E2M1_2: 52.4160 (1 inst); CustomOperator_E4M3_to_E2M1_3: 51.2820 (1 inst); FPNAdder: 705.7260 (1 inst); FixedFPTree_exp7_mant6_out9_vec4_range16: 1721.9160 (1 inst); SNPS_CLOCK_GATE: 1.8900 (1 inst); ScaleAddition_E4M3_to_E2M1_scale_UE5M3_wide9: 397.7820 (1 inst); ScaleToFP14b_E4M3_x_E2M1_UE5M3_wide17: 252.7560 (1 inst),1.779000e-03,CustomOperator_E4M3_to_E2M1_0: 1.190e-05 (1 inst); CustomOperator_E4M3_to_E2M1_1: 1.180e-05 (1 inst); CustomOperator_E4M3_to_E2M1_2: 1.680e-05 (1 inst); CustomOperator_E4M3_to_E2M1_3: 1.570e-05 (1 inst); FPNAdder: 3.530e-04 (1 inst); FixedFPTree_exp7_mant6_out9_vec4_range16: 9.170e-04 (1 inst); SNPS_CLOCK_GATE: 5.920e-07 (1 inst); ScaleAddition_E4M3_to_E2M1_scale_UE5M3_wide9: 2.820e-04 (1 inst); ScaleToFP14b_E4M3_x_E2M1_UE5M3_wide17: 1.540e-04 (1 inst),9.752000e-04,CustomOperator_E4M3_to_E2M1_0: 1.520e-05 (1 inst); CustomOperator_E4M3_to_E2M1_1: 1.540e-05 (1 inst); CustomOperator_E4M3_to_E2M1_2: 2.220e-05 (1 inst); CustomOperator_E4M3_to_E2M1_3: 2.040e-05 (1 inst); FPNAdder: 1.830e-04 (1 inst); FixedFPTree_exp7_mant6_out9_vec4_range16: 4.530e-04 (1 inst); SNPS_CLOCK_GATE: 6.470e-06 (1 inst); ScaleAddition_E4M3_to_E2M1_scale_UE5M3_wide9: 1.290e-04 (1 inst); ScaleToFP14b_E4M3_x_E2M1_UE5M3_wide17: 6.690e-05 (1 inst),2.0000,500.0,1059,0.372,0.0366,2048,1,5freq
baseline_act-INT8_w-INT8_UE4M4,baseline,INT8,INT8,UE4M4,500,true,0.0000,3388.643999,CustomOperator_INT8_to_INT8_0: 203.9940 (1 inst); CustomOperator_INT8_to_INT8_1: 191.5200 (1 inst); CustomOperator_INT8_to_INT8_2: 208.6560 (1 inst); CustomOperator_INT8_to_INT8_3: 210.4200 (1 inst); FPNAdder: 914.5080 (1 inst); FixedFPTree_exp7_mant14_out14_vec4_range0: 624.3300 (1 inst); SNPS_CLOCK_GATE: 1.8900 (1 inst); ScaleAddition_INT8_to_INT8_scale_UE4M4_wide14: 588.1680 (1 inst); ScaleToFP19b_INT8_x_INT8_UE4M4_wide24: 357.8400 (1 inst),2.123000e-03,CustomOperator_INT8_to_INT8_0: 1.100e-04 (1 inst); CustomOperator_INT8_to_INT8_1: 1.040e-04 (1 inst); CustomOperator_INT8_to_INT8_2: 1.110e-04 (1 inst); CustomOperator_INT8_to_INT8_3: 1.130e-04 (1 inst); FPNAdder: 4.750e-04 (1 inst); FixedFPTree_exp7_mant14_out14_vec4_range0: 4.940e-04 (1 inst); SNPS_CLOCK_GATE: 6.550e-07 (1 inst); ScaleAddition_INT8_to_INT8_scale_UE4M4_wide14: 4.730e-04 (1 inst); ScaleToFP19b_INT8_x_INT8_UE4M4_wide24: 2.260e-04 (1 inst),1.330000e-03,CustomOperator_INT8_to_INT8_0: 9.620e-05 (1 inst); CustomOperator_INT8_to_INT8_1: 9.130e-05 (1 inst); CustomOperator_INT8_to_INT8_2: 1.000e-04 (1 inst); CustomOperator_INT8_to_INT8_3: 9.960e-05 (1 inst); FPNAdder: 2.590e-04 (1 inst); FixedFPTree_exp7_mant14_out14_vec4_range0: 2.860e-04 (1 inst); SNPS_CLOCK_GATE: 7.260e-06 (1 inst); ScaleAddition_INT8_to_INT8_scale_UE4M4_wide14: 2.130e-04 (1 inst); ScaleToFP19b_INT8_x_INT8_UE4M4_wide24: 9.990e-05 (1 inst),2.0000,500.0,1059,0.372,0.0366,2048,1,5freq
baseline_act-E4M3_w-E2M1_UE4M3,baseline,E4M3,E2M1,UE4M3,500,true,0.0000,3494.736006,CustomOperator_E4M3_to_E2M1_0: 29.1060 (1 inst); CustomOperator_E4M3_to_E2M1_1: 31.7520 (1 inst); CustomOperator_E4M3_to_E2M1_2: 59.3460 (1 inst); CustomOperator_E4M3_to_E2M1_3: 54.8100 (1 inst); FPNAdder: 734.2020 (1 inst); FixedFPTree_exp7_mant6_out9_vec4_range16: 1865.9340 (1 inst); SNPS_CLOCK_GATE: 1.8900 (1 inst); ScaleAddition_E4M3_to_E2M1_scale_UE4M3_wide9: 398.6640 (1 inst); ScaleToFP14b_E4M3_x_E2M1_UE4M3_wide17: 241.4160 (1 inst),1.879000e-03,CustomOperator_E4M3_to_E2M1_0: 1.110e-05 (1 inst); CustomOperator_E4M3_to_E2M1_1: 1.170e-05 (1 inst); CustomOperator_E4M3_to_E2M1_2: 1.850e-05 (1 inst); CustomOperator_E4M3_to_E2M1_3: 1.650e-05 (1 inst); FPNAdder: 3.570e-04 (1 inst); FixedFPTree_exp7_mant6_out9_vec4_range16: 1.020e-03 (1 inst); SNPS_CLOCK_GATE: 5.850e-07 (1 inst); ScaleAddition_E4M3_to_E2M1_scale_UE4M3_wide9: 2.880e-04 (1 inst); ScaleToFP14b_E4M3_x_E2M1_UE4M3_wide17: 1.400e-04 (1 inst),1.002000e-03,CustomOperator_E4M3_to_E2M1_0: 1.410e-05 (1 inst); CustomOperator_E4M3_to_E2M1_1: 1.530e-05 (1 inst); CustomOperator_E4M3_to_E2M1_2: 2.330e-05 (1 inst); CustomOperator_E4M3_to_E2M1_3: 2.180e-05 (1 inst); FPNAdder: 1.810e-04 (1 inst); FixedFPTree_exp7_mant6_out9_vec4_range16: 5.030e-04 (1 inst); SNPS_CLOCK_GATE: 6.470e-06 (1 inst); ScaleAddition_E4M3_to_E2M1_scale_UE4M3_wide9: 1.120e-04 (1 inst); ScaleToFP14b_E4M3_x_E2M1_UE4M3_wide17: 6.030e-05 (1 inst),2.0000,500.0,1059,0.372,0.0366,2048,1,5freq
baseline_act-E4M3_w-E2M1_UE4M4,baseline,E4M3,E2M1,UE4M4,500,true,0.0000,3534.048002,CustomOperator_E4M3_to_E2M1_0: 26.7120 (1 inst); CustomOperator_E4M3_to_E2M1_1: 33.3900 (1 inst); CustomOperator_E4M3_to_E2M1_2: 48.5100 (1 inst); CustomOperator_E4M3_to_E2M1_3: 60.2280 (1 inst); FPNAdder: 748.6920 (1 inst); FixedFPTree_exp7_mant6_out7_vec4_range16: 1787.1840 (1 inst); SNPS_CLOCK_GATE: 1.8900 (1 inst); ScaleAddition_E4M3_to_E2M1_scale_UE4M4_wide7: 467.3340 (1 inst); ScaleToFP14b_E4M3_x_E2M1_UE4M4_wide17: 279.2160 (1 inst),1.937000e-03,CustomOperator_E4M3_to_E2M1_0: 1.010e-05 (1 inst); CustomOperator_E4M3_to_E2M1_1: 1.200e-05 (1 inst); CustomOperator_E4M3_to_E2M1_2: 1.590e-05 (1 inst); CustomOperator_E4M3_to_E2M1_3: 1.790e-05 (1 inst); FPNAdder: 3.670e-04 (1 inst); FixedFPTree_exp7_mant6_out7_vec4_range16: 9.950e-04 (1 inst); SNPS_CLOCK_GATE: 5.840e-07 (1 inst); ScaleAddition_E4M3_to_E2M1_scale_UE4M4_wide7: 3.300e-04 (1 inst); ScaleToFP14b_E4M3_x_E2M1_UE4M4_wide17: 1.730e-04 (1 inst),1.053000e-03,CustomOperator_E4M3_to_E2M1_0: 1.340e-05 (1 inst); CustomOperator_E4M3_to_E2M1_1: 1.560e-05 (1 inst); CustomOperator_E4M3_to_E2M1_2: 2.100e-05 (1 inst); CustomOperator_E4M3_to_E2M1_3: 2.220e-05 (1 inst); FPNAdder: 1.880e-04 (1 inst); FixedFPTree_exp7_mant6_out7_vec4_range16: 4.930e-04 (1 inst); SNPS_CLOCK_GATE: 6.470e-06 (1 inst); ScaleAddition_E4M3_to_E2M1_scale_UE4M4_wide7: 1.580e-04 (1 inst); ScaleToFP14b_E4M3_x_E2M1_UE4M4_wide17: 7.050e-05 (1 inst),2.0000,500.0,1059,0.372,0.0366,2048,1,5freq
baseline_act-E4M3_w-E2M3_UE6M2,baseline,E4M3,E2M3,UE6M2,500,true,0.0000,3537.324003,CustomOperator_E4M3_to_E2M3_0: 48.8880 (1 inst); CustomOperator_E4M3_to_E2M3_1: 55.4400 (1 inst); CustomOperator_E4M3_to_E2M3_2: 74.0880 (1 inst); CustomOperator_E4M3_to_E2M3_3: 72.9540 (1 inst); FPNAdder: 695.5200 (1 inst); FixedFPTree_exp7_mant8_out11_vec4_range16: 1884.0780 (1 inst); SNPS_CLOCK_GATE: 1.8900 (1 inst); ScaleAddition_E4M3_to_E2M3_scale_UE6M2_wide11: 368.5500 (1 inst); ScaleToFP14b_E4M3_x_E2M3_UE6M2_wide17: 263.4660 (1 inst),2.042000e-03,CustomOperator_E4M3_to_E2M3_0: 1.890e-05 (1 inst); CustomOperator_E4M3_to_E2M3_1: 2.070e-05 (1 inst); CustomOperator_E4M3_to_E2M3_2: 2.470e-05 (1 inst); CustomOperator_E4M3_to_E2M3_3: 2.410e-05 (1 inst); FPNAdder: 3.650e-04 (1 inst); FixedFPTree_exp7_mant8_out11_vec4_range16: 1.130e-03 (1 inst); SNPS_CLOCK_GATE: 5.950e-07 (1 inst); ScaleAddition_E4M3_to_E2M3_scale_UE6M2_wide11: 2.720e-04 (1 inst); ScaleToFP14b_E4M3_x_E2M3_UE6M2_wide17: 1.740e-04 (1 inst),1.080000e-03,CustomOperator_E4M3_to_E2M3_0: 2.370e-05 (1 inst); CustomOperator_E4M3_to_E2M3_1: 2.540e-05 (1 inst); CustomOperator_E4M3_to_E2M3_2: 3.230e-05 (1 inst); CustomOperator_E4M3_to_E2M3_3: 3.090e-05 (1 inst); FPNAdder: 1.790e-04 (1 inst); FixedFPTree_exp7_mant8_out11_vec4_range16: 5.320e-04 (1 inst); SNPS_CLOCK_GATE: 6.470e-06 (1 inst); ScaleAddition_E4M3_to_E2M3_scale_UE6M2_wide11: 1.180e-04 (1 inst); ScaleToFP14b_E4M3_x_E2M3_UE6M2_wide17: 6.850e-05 (1 inst),2.0000,500.0,1059,0.372,0.0366,2048,1,5freq
baseline_act-E4M3_w-E2M3_UE5M3,baseline,E4M3,E2M3,UE5M3,500,true,0.0000,3621.996003,CustomOperator_E4M3_to_E2M3_0: 50.2740 (1 inst); CustomOperator_E4M3_to_E2M3_1: 55.1880 (1 inst); CustomOperator_E4M3_to_E2M3_2: 70.4340 (1 inst); CustomOperator_E4M3_to_E2M3_3: 77.1120 (1 inst); FPNAdder: 789.8940 (1 inst); FixedFPTree_exp7_mant8_out9_vec4_range16: 1837.9620 (1 inst); SNPS_CLOCK_GATE: 1.8900 (1 inst); ScaleAddition_E4M3_to_E2M3_scale_UE5M3_wide9: 377.2440 (1 inst); ScaleToFP14b_E4M3_x_E2M3_UE5M3_wide17: 279.4680 (1 inst),2.025000e-03,CustomOperator_E4M3_to_E2M3_0: 1.960e-05 (1 inst); CustomOperator_E4M3_to_E2M3_1: 2.020e-05 (1 inst); CustomOperator_E4M3_to_E2M3_2: 2.400e-05 (1 inst); CustomOperator_E4M3_to_E2M3_3: 2.610e-05 (1 inst); FPNAdder: 3.950e-04 (1 inst); FixedFPTree_exp7_mant8_out9_vec4_range16: 1.070e-03 (1 inst); SNPS_CLOCK_GATE: 5.930e-07 (1 inst); ScaleAddition_E4M3_to_E2M3_scale_UE5M3_wide9: 2.840e-04 (1 inst); ScaleToFP14b_E4M3_x_E2M3_UE5M3_wide17: 1.720e-04 (1 inst),1.128000e-03,CustomOperator_E4M3_to_E2M3_0: 2.460e-05 (1 inst); CustomOperator_E4M3_to_E2M3_1: 2.500e-05 (1 inst); CustomOperator_E4M3_to_E2M3_2: 3.060e-05 (1 inst); CustomOperator_E4M3_to_E2M3_3: 3.240e-05 (1 inst); FPNAdder: 2.010e-04 (1 inst); FixedFPTree_exp7_mant8_out9_vec4_range16: 5.420e-04 (1 inst); SNPS_CLOCK_GATE: 6.470e-06 (1 inst); ScaleAddition_E4M3_to_E2M3_scale_UE5M3_wide9: 1.340e-04 (1 inst); ScaleToFP14b_E4M3_x_E2M3_UE5M3_wide17: 6.760e-05 (1 inst),2.0000,500.0,1059,0.372,0.0366,2048,1,5freq
baseline_act-E4M3_w-E3M2_UE7M1,baseline,E4M3,E3M2,UE7M1,500,true,0.0000,3657.276003,CustomOperator_E4M3_to_E3M2_0: 43.9740 (1 inst); CustomOperator_E4M3_to_E3M2_1: 48.1320 (1 inst); CustomOperator_E4M3_to_E3M2_2: 82.1520 (1 inst); CustomOperator_E4M3_to_E3M2_3: 76.3560 (1 inst); FPNAdder: 786.6180 (1 inst); FixedFPTree_exp7_mant7_out13_vec4_range20: 1952.4960 (1 inst); SNPS_CLOCK_GATE: 1.8900 (1 inst); ScaleAddition_E4M3_to_E3M2_scale_UE7M1_wide13: 281.6100 (1 inst); ScaleToFP14b_E4M3_x_E3M2_UE7M1_wide17: 304.5420 (1 inst),1.853000e-03,CustomOperator_E4M3_to_E3M2_0: 1.720e-05 (1 inst); CustomOperator_E4M3_to_E3M2_1: 1.790e-05 (1 inst); CustomOperator_E4M3_to_E3M2_2: 2.920e-05 (1 inst); CustomOperator_E4M3_to_E3M2_3: 2.390e-05 (1 inst); FPNAdder: 3.980e-04 (1 inst); FixedFPTree_exp7_mant7_out13_vec4_range20: 9.540e-04 (1 inst); SNPS_CLOCK_GATE: 5.830e-07 (1 inst); ScaleAddition_E4M3_to_E3M2_scale_UE7M1_wide13: 2.070e-04 (1 inst); ScaleToFP14b_E4M3_x_E3M2_UE7M1_wide17: 1.890e-04 (1 inst),1.030000e-03,CustomOperator_E4M3_to_E3M2_0: 1.940e-05 (1 inst); CustomOperator_E4M3_to_E3M2_1: 1.910e-05 (1 inst); CustomOperator_E4M3_to_E3M2_2: 3.230e-05 (1 inst); CustomOperator_E4M3_to_E3M2_3: 2.620e-05 (1 inst); FPNAdder: 1.980e-04 (1 inst); FixedFPTree_exp7_mant7_out13_vec4_range20: 5.020e-04 (1 inst); SNPS_CLOCK_GATE: 6.470e-06 (1 inst); ScaleAddition_E4M3_to_E3M2_scale_UE7M1_wide13: 8.520e-05 (1 inst); ScaleToFP14b_E4M3_x_E3M2_UE7M1_wide17: 7.990e-05 (1 inst),2.0000,500.0,1059,0.372,0.0366,2048,1,5freq
baseline_act-E5M2_w-E4M3_UE8M0,baseline,E5M2,E4M3,UE8M0,500,true,0.0000,3661.560005,CustomOperator_E5M2_to_E4M3_0: 50.0220 (1 inst); CustomOperator_E5M2_to_E4M3_1: 44.7300 (1 inst); CustomOperator_E5M2_to_E4M3_2: 70.1820 (1 inst); CustomOperator_E5M2_to_E4M3_3: 62.8740 (1 inst); DirectToFP15b_E5M2_x_E4M3_UE8M0: 81.1440 (1 inst); FPNAdder: 606.8160 (1 inst); FixedFPTree_exp7_mant7_out7_vec4_range43: 2661.8760 (1 inst); SNPS_CLOCK_GATE: 1.8900 (1 inst),1.488000e-03,CustomOperator_E5M2_to_E4M3_0: 1.930e-05 (1 inst); CustomOperator_E5M2_to_E4M3_1: 1.680e-05 (1 inst); CustomOperator_E5M2_to_E4M3_2: 2.540e-05 (1 inst); CustomOperator_E5M2_to_E4M3_3: 2.260e-05 (1 inst); DirectToFP15b_E5M2_x_E4M3_UE8M0: 5.040e-05 (1 inst); FPNAdder: 2.250e-04 (1 inst); FixedFPTree_exp7_mant7_out7_vec4_range43: 1.120e-03 (1 inst); SNPS_CLOCK_GATE: 5.960e-07 (1 inst),7.444000e-04,CustomOperator_E5M2_to_E4M3_0: 2.010e-05 (1 inst); CustomOperator_E5M2_to_E4M3_1: 1.780e-05 (1 inst); CustomOperator_E5M2_to_E4M3_2: 2.540e-05 (1 inst); CustomOperator_E5M2_to_E4M3_3: 2.310e-05 (1 inst); DirectToFP15b_E5M2_x_E4M3_UE8M0: 1.140e-05 (1 inst); FPNAdder: 1.150e-04 (1 inst); FixedFPTree_exp7_mant7_out7_vec4_range43: 4.660e-04 (1 inst); SNPS_CLOCK_GATE: 6.630e-06 (1 inst),2.0000,500.0,1059,0.372,0.0366,2048,1,5freq
baseline_act-E4M3_w-E2M3_UE4M3,baseline,E4M3,E2M3,UE4M3,500,true,0.0000,3718.764004,CustomOperator_E4M3_to_E2M3_0: 50.4000 (1 inst); CustomOperator_E4M3_to_E2M3_1: 54.5580 (1 inst); CustomOperator_E4M3_to_E2M3_2: 73.4580 (1 inst); CustomOperator_E4M3_to_E2M3_3: 74.8440 (1 inst); FPNAdder: 747.6840 (1 inst); FixedFPTree_exp7_mant8_out9_vec4_range16: 1949.7240 (1 inst); SNPS_CLOCK_GATE: 1.8900 (1 inst); ScaleAddition_E4M3_to_E2M3_scale_UE4M3_wide9: 420.2100 (1 inst); ScaleToFP14b_E4M3_x_E2M3_UE4M3_wide17: 271.6560 (1 inst),2.092000e-03,CustomOperator_E4M3_to_E2M3_0: 1.960e-05 (1 inst); CustomOperator_E4M3_to_E2M3_1: 2.060e-05 (1 inst); CustomOperator_E4M3_to_E2M3_2: 2.470e-05 (1 inst); CustomOperator_E4M3_to_E2M3_3: 2.420e-05 (1 inst); FPNAdder: 3.630e-04 (1 inst); FixedFPTree_exp7_mant8_out9_vec4_range16: 1.140e-03 (1 inst); SNPS_CLOCK_GATE: 5.870e-07 (1 inst); ScaleAddition_E4M3_to_E2M3_scale_UE4M3_wide9: 3.180e-04 (1 inst); ScaleToFP14b_E4M3_x_E2M3_UE4M3_wide17: 1.650e-04 (1 inst),1.127000e-03,CustomOperator_E4M3_to_E2M3_0: 2.450e-05 (1 inst); CustomOperator_E4M3_to_E2M3_1: 2.550e-05 (1 inst); CustomOperator_E4M3_to_E2M3_2: 3.140e-05 (1 inst); CustomOperator_E4M3_to_E2M3_3: 3.020e-05 (1 inst); FPNAdder: 1.810e-04 (1 inst); FixedFPTree_exp7_mant8_out9_vec4_range16: 5.660e-04 (1 inst); SNPS_CLOCK_GATE: 6.470e-06 (1 inst); ScaleAddition_E4M3_to_E2M3_scale_UE4M3_wide9: 1.270e-04 (1 inst); ScaleToFP14b_E4M3_x_E2M3_UE4M3_wide17: 6.840e-05 (1 inst),2.0000,500.0,1059,0.372,0.0366,2048,1,5freq
baseline_act-E4M3_w-E3M2_UE6M2,baseline,E4M3,E3M2,UE6M2,500,true,0.0000,3990.042006,CustomOperator_E4M3_to_E3M2_0: 43.8480 (1 inst); CustomOperator_E4M3_to_E3M2_1: 44.7300 (1 inst); CustomOperator_E4M3_to_E3M2_2: 86.4360 (1 inst); CustomOperator_E4M3_to_E3M2_3: 79.0020 (1 inst); FPNAdder: 778.6800 (1 inst); FixedFPTree_exp7_mant7_out11_vec4_range20: 2110.1220 (1 inst); SNPS_CLOCK_GATE: 1.8900 (1 inst); ScaleAddition_E4M3_to_E3M2_scale_UE6M2_wide11: 430.1640 (1 inst); ScaleToFP14b_E4M3_x_E3M2_UE6M2_wide17: 333.5220 (1 inst),2.223000e-03,CustomOperator_E4M3_to_E3M2_0: 1.510e-05 (1 inst); CustomOperator_E4M3_to_E3M2_1: 1.680e-05 (1 inst); CustomOperator_E4M3_to_E3M2_2: 2.970e-05 (1 inst); CustomOperator_E4M3_to_E3M2_3: 2.750e-05 (1 inst); FPNAdder: 4.030e-04 (1 inst); FixedFPTree_exp7_mant7_out11_vec4_range20: 1.160e-03 (1 inst); SNPS_CLOCK_GATE: 5.950e-07 (1 inst); ScaleAddition_E4M3_to_E3M2_scale_UE6M2_wide11: 3.230e-04 (1 inst); ScaleToFP14b_E4M3_x_E3M2_UE6M2_wide17: 2.290e-04 (1 inst),1.158000e-03,CustomOperator_E4M3_to_E3M2_0: 1.610e-05 (1 inst); CustomOperator_E4M3_to_E3M2_1: 1.760e-05 (1 inst); CustomOperator_E4M3_to_E3M2_2: 3.130e-05 (1 inst); CustomOperator_E4M3_to_E3M2_3: 2.810e-05 (1 inst); FPNAdder: 2.100e-04 (1 inst); FixedFPTree_exp7_mant7_out11_vec4_range20: 5.710e-04 (1 inst); SNPS_CLOCK_GATE: 6.470e-06 (1 inst); ScaleAddition_E4M3_to_E3M2_scale_UE6M2_wide11: 1.170e-04 (1 inst); ScaleToFP14b_E4M3_x_E3M2_UE6M2_wide17: 9.640e-05 (1 inst),2.0000,500.0,1059,0.372,0.0366,2048,1,5freq
baseline_act-INT8_w-E4M3_UE7M1,baseline,INT8,E4M3,UE7M1,500,true,0.0000,4106.340006,CustomOperator_INT8_to_E4M3_0: 83.1600 (1 inst); CustomOperator_INT8_to_E4M3_1: 90.2160 (1 inst); CustomOperator_INT8_to_E4M3_2: 93.4920 (1 inst); CustomOperator_INT8_to_E4M3_3: 102.4380 (1 inst); FPNAdder: 898.8840 (1 inst); FixedFPTree_exp8_mant11_out18_vec4_range14: 2075.5980 (1 inst); SNPS_CLOCK_GATE: 1.8900 (1 inst); ScaleAddition_INT8_to_E4M3_scale_UE7M1_wide18: 346.7520 (1 inst); ScaleToFP19b_INT8_x_E4M3_UE7M1_wide22: 326.0880 (1 inst),2.319000e-03,CustomOperator_INT8_to_E4M3_0: 3.720e-05 (1 inst); CustomOperator_INT8_to_E4M3_1: 3.910e-05 (1 inst); CustomOperator_INT8_to_E4M3_2: 3.750e-05 (1 inst); CustomOperator_INT8_to_E4M3_3: 3.780e-05 (1 inst); FPNAdder: 4.590e-04 (1 inst); FixedFPTree_exp8_mant11_out18_vec4_range14: 1.240e-03 (1 inst); SNPS_CLOCK_GATE: 6.430e-07 (1 inst); ScaleAddition_INT8_to_E4M3_scale_UE7M1_wide18: 2.510e-04 (1 inst); ScaleToFP19b_INT8_x_E4M3_UE7M1_wide22: 1.960e-04 (1 inst),1.218000e-03,CustomOperator_INT8_to_E4M3_0: 3.740e-05 (1 inst); CustomOperator_INT8_to_E4M3_1: 3.780e-05 (1 inst); CustomOperator_INT8_to_E4M3_2: 3.770e-05 (1 inst); CustomOperator_INT8_to_E4M3_3: 3.680e-05 (1 inst); FPNAdder: 2.070e-04 (1 inst); FixedFPTree_exp8_mant11_out18_vec4_range14: 6.120e-04 (1 inst); SNPS_CLOCK_GATE: 7.260e-06 (1 inst); ScaleAddition_INT8_to_E4M3_scale_UE7M1_wide18: 9.140e-05 (1 inst); ScaleToFP19b_INT8_x_E4M3_UE7M1_wide22: 7.950e-05 (1 inst),2.0000,500.0,1059,0.372,0.0366,2048,1,5freq
baseline_act-E4M3_w-E2M3_UE4M4,baseline,E4M3,E2M3,UE4M4,500,true,0.0000,4197.186000,CustomOperator_E4M3_to_E2M3_0: 49.2660 (1 inst); CustomOperator_E4M3_to_E2M3_1: 52.5420 (1 inst); CustomOperator_E4M3_to_E2M3_2: 73.4580 (1 inst); CustomOperator_E4M3_to_E2M3_3: 75.8520 (1 inst); FPNAdder: 782.8380 (1 inst); FixedFPTree_exp7_mant8_out8_vec4_range16: 2142.1260 (1 inst); SNPS_CLOCK_GATE: 1.8900 (1 inst); ScaleAddition_E4M3_to_E2M3_scale_UE4M4_wide8: 597.1140 (1 inst); ScaleToFP14b_E4M3_x_E2M3_UE4M4_wide18: 341.0820 (1 inst),2.445000e-03,CustomOperator_E4M3_to_E2M3_0: 1.910e-05 (1 inst); CustomOperator_E4M3_to_E2M3_1: 2.110e-05 (1 inst); CustomOperator_E4M3_to_E2M3_2: 2.520e-05 (1 inst); CustomOperator_E4M3_to_E2M3_3: 2.570e-05 (1 inst); FPNAdder: 3.890e-04 (1 inst); FixedFPTree_exp7_mant8_out8_vec4_range16: 1.280e-03 (1 inst); SNPS_CLOCK_GATE: 5.850e-07 (1 inst); ScaleAddition_E4M3_to_E2M3_scale_UE4M4_wide8: 4.450e-04 (1 inst); ScaleToFP14b_E4M3_x_E2M3_UE4M4_wide18: 2.190e-04 (1 inst),1.307000e-03,CustomOperator_E4M3_to_E2M3_0: 2.430e-05 (1 inst); CustomOperator_E4M3_to_E2M3_1: 2.660e-05 (1 inst); CustomOperator_E4M3_to_E2M3_2: 3.150e-05 (1 inst); CustomOperator_E4M3_to_E2M3_3: 3.180e-05 (1 inst); FPNAdder: 1.990e-04 (1 inst); FixedFPTree_exp7_mant8_out8_vec4_range16: 6.190e-04 (1 inst); SNPS_CLOCK_GATE: 6.470e-06 (1 inst); ScaleAddition_E4M3_to_E2M3_scale_UE4M4_wide8: 2.170e-04 (1 inst); ScaleToFP14b_E4M3_x_E2M3_UE4M4_wide18: 8.690e-05 (1 inst),2.0000,500.0,1059,0.372,0.0366,2048,1,5freq
baseline_act-E5M2_w-E2M1_UE7M1,baseline,E5M2,E2M1,UE7M1,500,true,0.0000,4210.416006,CustomOperator_E5M2_to_E2M1_0: 27.8460 (1 inst); CustomOperator_E5M2_to_E2M1_1: 27.4680 (1 inst); CustomOperator_E5M2_to_E2M1_2: 60.8580 (1 inst); CustomOperator_E5M2_to_E2M1_3: 55.0620 (1 inst); FPNAdder: 848.3580 (1 inst); FixedFPTree_exp8_mant5_out14_vec4_range31: 2446.0380 (1 inst); SNPS_CLOCK_GATE: 1.8900 (1 inst); ScaleAddition_E5M2_to_E2M1_scale_UE7M1_wide14: 339.9480 (1 inst); ScaleToFP15b_E5M2_x_E2M1_UE7M1_wide18: 314.1180 (1 inst),1.948000e-03,CustomOperator_E5M2_to_E2M1_0: 1.060e-05 (1 inst); CustomOperator_E5M2_to_E2M1_1: 1.070e-05 (1 inst); CustomOperator_E5M2_to_E2M1_2: 1.780e-05 (1 inst); CustomOperator_E5M2_to_E2M1_3: 1.510e-05 (1 inst); FPNAdder: 3.960e-04 (1 inst); FixedFPTree_exp8_mant5_out14_vec4_range31: 1.110e-03 (1 inst); SNPS_CLOCK_GATE: 6.090e-07 (1 inst); ScaleAddition_E5M2_to_E2M1_scale_UE7M1_wide14: 2.010e-04 (1 inst); ScaleToFP15b_E5M2_x_E2M1_UE7M1_wide18: 1.720e-04 (1 inst),9.170000e-04,CustomOperator_E5M2_to_E2M1_0: 1.340e-05 (1 inst); CustomOperator_E5M2_to_E2M1_1: 1.390e-05 (1 inst); CustomOperator_E5M2_to_E2M1_2: 2.370e-05 (1 inst); CustomOperator_E5M2_to_E2M1_3: 1.990e-05 (1 inst); FPNAdder: 1.850e-04 (1 inst); FixedFPTree_exp8_mant5_out14_vec4_range31: 4.610e-04 (1 inst); SNPS_CLOCK_GATE: 6.630e-06 (1 inst); ScaleAddition_E5M2_to_E2M1_scale_UE7M1_wide14: 6.790e-05 (1 inst); ScaleToFP15b_E5M2_x_E2M1_UE7M1_wide18: 6.360e-05 (1 inst),2.0000,500.0,1059,0.372,0.0366,2048,1,5freq
baseline_act-E4M3_w-E3M2_UE5M3,baseline,E4M3,E3M2,UE5M3,500,true,0.0000,4256.154004,CustomOperator_E4M3_to_E3M2_0: 45.7380 (1 inst); CustomOperator_E4M3_to_E3M2_1: 52.0380 (1 inst); CustomOperator_E4M3_to_E3M2_2: 80.3880 (1 inst); CustomOperator_E4M3_to_E3M2_3: 86.4360 (1 inst); FPNAdder: 830.9700 (1 inst); FixedFPTree_exp7_mant7_out9_vec4_range20: 2307.3120 (1 inst); SNPS_CLOCK_GATE: 1.8900 (1 inst); ScaleAddition_E4M3_to_E3M2_scale_UE5M3_wide9: 436.4640 (1 inst); ScaleToFP14b_E4M3_x_E3M2_UE5M3_wide17: 334.1520 (1 inst),2.277000e-03,CustomOperator_E4M3_to_E3M2_0: 1.640e-05 (1 inst); CustomOperator_E4M3_to_E3M2_1: 2.140e-05 (1 inst); CustomOperator_E4M3_to_E3M2_2: 2.700e-05 (1 inst); CustomOperator_E4M3_to_E3M2_3: 2.970e-05 (1 inst); FPNAdder: 4.280e-04 (1 inst); FixedFPTree_exp7_mant7_out9_vec4_range20: 1.200e-03 (1 inst); SNPS_CLOCK_GATE: 6.010e-07 (1 inst); ScaleAddition_E4M3_to_E3M2_scale_UE5M3_wide9: 3.310e-04 (1 inst); ScaleToFP14b_E4M3_x_E3M2_UE5M3_wide17: 2.080e-04 (1 inst),1.198000e-03,CustomOperator_E4M3_to_E3M2_0: 1.840e-05 (1 inst); CustomOperator_E4M3_to_E3M2_1: 2.330e-05 (1 inst); CustomOperator_E4M3_to_E3M2_2: 3.040e-05 (1 inst); CustomOperator_E4M3_to_E3M2_3: 2.970e-05 (1 inst); FPNAdder: 2.050e-04 (1 inst); FixedFPTree_exp7_mant7_out9_vec4_range20: 6.200e-04 (1 inst); SNPS_CLOCK_GATE: 6.470e-06 (1 inst); ScaleAddition_E4M3_to_E3M2_scale_UE5M3_wide9: 1.190e-04 (1 inst); ScaleToFP14b_E4M3_x_E3M2_UE5M3_wide17: 8.250e-05 (1 inst),2.0000,500.0,1059,0.372,0.0366,2048,1,5freq
baseline_act-E4M3_w-E3M2_UE4M3,baseline,E4M3,E3M2,UE4M3,500,true,0.0000,4258.044006,CustomOperator_E4M3_to_E3M2_0: 45.1080 (1 inst); CustomOperator_E4M3_to_E3M2_1: 51.0300 (1 inst); CustomOperator_E4M3_to_E3M2_2: 100.8000 (1 inst); CustomOperator_E4M3_to_E3M2_3: 85.3020 (1 inst); FPNAdder: 785.1060 (1 inst); FixedFPTree_exp7_mant7_out9_vec4_range20: 2356.9560 (1 inst); SNPS_CLOCK_GATE: 1.8900 (1 inst); ScaleAddition_E4M3_to_E3M2_scale_UE4M3_wide9: 421.8480 (1 inst); ScaleToFP14b_E4M3_x_E3M2_UE4M3_wide17: 331.1280 (1 inst),2.349000e-03,CustomOperator_E4M3_to_E3M2_0: 1.590e-05 (1 inst); CustomOperator_E4M3_to_E3M2_1: 1.970e-05 (1 inst); CustomOperator_E4M3_to_E3M2_2: 3.490e-05 (1 inst); CustomOperator_E4M3_to_E3M2_3: 2.760e-05 (1 inst); FPNAdder: 3.930e-04 (1 inst); FixedFPTree_exp7_mant7_out9_vec4_range20: 1.310e-03 (1 inst); SNPS_CLOCK_GATE: 5.860e-07 (1 inst); ScaleAddition_E4M3_to_E3M2_scale_UE4M3_wide9: 3.180e-04 (1 inst); ScaleToFP14b_E4M3_x_E3M2_UE4M3_wide17: 2.100e-04 (1 inst),1.208000e-03,CustomOperator_E4M3_to_E3M2_0: 1.770e-05 (1 inst); CustomOperator_E4M3_to_E3M2_1: 2.130e-05 (1 inst); CustomOperator_E4M3_to_E3M2_2: 3.750e-05 (1 inst); CustomOperator_E4M3_to_E3M2_3: 2.900e-05 (1 inst); FPNAdder: 1.880e-04 (1 inst); FixedFPTree_exp7_mant7_out9_vec4_range20: 6.430e-04 (1 inst); SNPS_CLOCK_GATE: 6.470e-06 (1 inst); ScaleAddition_E4M3_to_E3M2_scale_UE4M3_wide9: 1.140e-04 (1 inst); ScaleToFP14b_E4M3_x_E3M2_UE4M3_wide17: 8.460e-05 (1 inst),2.0000,500.0,1059,0.372,0.0366,2048,1,5freq
baseline_act-E4M3_w-E4M3_UE7M1,baseline,E4M3,E4M3,UE7M1,500,true,0.0000,4275.936009,CustomOperator_E4M3_to_E4M3_0: 58.7160 (1 inst); CustomOperator_E4M3_to_E4M3_1: 61.8660 (1 inst); CustomOperator_E4M3_to_E4M3_2: 105.9660 (1 inst); CustomOperator_E4M3_to_E4M3_3: 112.0140 (1 inst); FPNAdder: 743.7780 (1 inst); FixedFPTree_exp7_mant8_out13_vec4_range28: 2516.5980 (1 inst); SNPS_CLOCK_GATE: 1.8900 (1 inst); ScaleAddition_E4M3_to_E4M3_scale_UE7M1_wide13: 289.1700 (1 inst); ScaleToFP14b_E4M3_x_E4M3_UE7M1_wide17: 304.2900 (1 inst),2.202000e-03,CustomOperator_E4M3_to_E4M3_0: 2.090e-05 (1 inst); CustomOperator_E4M3_to_E4M3_1: 2.300e-05 (1 inst); CustomOperator_E4M3_to_E4M3_2: 3.760e-05 (1 inst); CustomOperator_E4M3_to_E4M3_3: 4.170e-05 (1 inst); FPNAdder: 3.550e-04 (1 inst); FixedFPTree_exp7_mant8_out13_vec4_range28: 1.330e-03 (1 inst); SNPS_CLOCK_GATE: 5.940e-07 (1 inst); ScaleAddition_E4M3_to_E4M3_scale_UE7M1_wide13: 1.980e-04 (1 inst); ScaleToFP14b_E4M3_x_E4M3_UE7M1_wide17: 1.790e-04 (1 inst),1.118000e-03,CustomOperator_E4M3_to_E4M3_0: 2.240e-05 (1 inst); CustomOperator_E4M3_to_E4M3_1: 2.430e-05 (1 inst); CustomOperator_E4M3_to_E4M3_2: 3.880e-05 (1 inst); CustomOperator_E4M3_to_E4M3_3: 4.090e-05 (1 inst); FPNAdder: 1.800e-04 (1 inst); FixedFPTree_exp7_mant8_out13_vec4_range28: 5.670e-04 (1 inst); SNPS_CLOCK_GATE: 6.470e-06 (1 inst); ScaleAddition_E4M3_to_E4M3_scale_UE7M1_wide13: 9.330e-05 (1 inst); ScaleToFP14b_E4M3_x_E4M3_UE7M1_wide17: 7.990e-05 (1 inst),2.0000,500.0,1059,0.372,0.0366,2048,1,5freq
baseline_act-E4M3_w-E3M2_UE4M4,baseline,E4M3,E3M2,UE4M4,500,true,0.0000,4301.640003,CustomOperator_E4M3_to_E3M2_0: 43.7220 (1 inst); CustomOperator_E4M3_to_E3M2_1: 49.3920 (1 inst); CustomOperator_E4M3_to_E3M2_2: 84.7980 (1 inst); CustomOperator_E4M3_to_E3M2_3: 82.9080 (1 inst); FPNAdder: 812.5740 (1 inst); FixedFPTree_exp7_mant7_out7_vec4_range20: 2240.1540 (1 inst); SNPS_CLOCK_GATE: 1.8900 (1 inst); ScaleAddition_E4M3_to_E3M2_scale_UE4M4_wide7: 579.3480 (1 inst); ScaleToFP14b_E4M3_x_E3M2_UE4M4_wide17: 324.4500 (1 inst),2.451000e-03,CustomOperator_E4M3_to_E3M2_0: 1.510e-05 (1 inst); CustomOperator_E4M3_to_E3M2_1: 1.810e-05 (1 inst); CustomOperator_E4M3_to_E3M2_2: 2.890e-05 (1 inst); CustomOperator_E4M3_to_E3M2_3: 3.230e-05 (1 inst); FPNAdder: 4.160e-04 (1 inst); FixedFPTree_exp7_mant7_out7_vec4_range20: 1.260e-03 (1 inst); SNPS_CLOCK_GATE: 5.890e-07 (1 inst); ScaleAddition_E4M3_to_E3M2_scale_UE4M4_wide7: 4.440e-04 (1 inst); ScaleToFP14b_E4M3_x_E3M2_UE4M4_wide17: 2.140e-04 (1 inst),1.257000e-03,CustomOperator_E4M3_to_E3M2_0: 1.720e-05 (1 inst); CustomOperator_E4M3_to_E3M2_1: 1.880e-05 (1 inst); CustomOperator_E4M3_to_E3M2_2: 3.240e-05 (1 inst); CustomOperator_E4M3_to_E3M2_3: 3.270e-05 (1 inst); FPNAdder: 2.030e-04 (1 inst); FixedFPTree_exp7_mant7_out7_vec4_range20: 6.090e-04 (1 inst); SNPS_CLOCK_GATE: 6.470e-06 (1 inst); ScaleAddition_E4M3_to_E3M2_scale_UE4M4_wide7: 1.900e-04 (1 inst); ScaleToFP14b_E4M3_x_E3M2_UE4M4_wide17: 8.250e-05 (1 inst),2.0000,500.0,1059,0.372,0.0366,2048,1,5freq
baseline_act-E5M2_w-E5M2_UE8M0,baseline,E5M2,E5M2,UE8M0,500,true,0.0000,4363.380008,CustomOperator_E5M2_to_E5M2_0: 46.9980 (1 inst); CustomOperator_E5M2_to_E5M2_1: 51.9120 (1 inst); CustomOperator_E5M2_to_E5M2_2: 59.8500 (1 inst); CustomOperator_E5M2_to_E5M2_3: 59.7240 (1 inst); DirectToFP17b_E5M2_x_E5M2_UE8M0: 88.7040 (1 inst); FPNAdder: 661.1220 (1 inst); FixedFPTree_exp8_mant6_out6_vec4_range58: 3311.6580 (1 inst); SNPS_CLOCK_GATE: 1.8900 (1 inst),1.620000e-03,CustomOperator_E5M2_to_E5M2_0: 1.820e-05 (1 inst); CustomOperator_E5M2_to_E5M2_1: 1.950e-05 (1 inst); CustomOperator_E5M2_to_E5M2_2: 2.210e-05 (1 inst); CustomOperator_E5M2_to_E5M2_3: 2.100e-05 (1 inst); DirectToFP17b_E5M2_x_E5M2_UE8M0: 5.110e-05 (1 inst); FPNAdder: 2.150e-04 (1 inst); FixedFPTree_exp8_mant6_out6_vec4_range58: 1.260e-03 (1 inst); SNPS_CLOCK_GATE: 6.400e-07 (1 inst),7.577000e-04,CustomOperator_E5M2_to_E5M2_0: 1.810e-05 (1 inst); CustomOperator_E5M2_to_E5M2_1: 1.930e-05 (1 inst); CustomOperator_E5M2_to_E5M2_2: 2.000e-05 (1 inst); CustomOperator_E5M2_to_E5M2_3: 1.830e-05 (1 inst); DirectToFP17b_E5M2_x_E5M2_UE8M0: 1.190e-05 (1 inst); FPNAdder: 1.140e-04 (1 inst); FixedFPTree_exp8_mant6_out6_vec4_range58: 4.900e-04 (1 inst); SNPS_CLOCK_GATE: 6.950e-06 (1 inst),2.0000,500.0,1059,0.372,0.0366,2048,1,5freq
baseline_act-E4M3_w-E4M3_UE6M2,baseline,E4M3,E4M3,UE6M2,500,true,0.0000,4585.518004,CustomOperator_E4M3_to_E4M3_0: 58.7160 (1 inst); CustomOperator_E4M3_to_E4M3_1: 63.3780 (1 inst); CustomOperator_E4M3_to_E4M3_2: 109.7460 (1 inst); CustomOperator_E4M3_to_E4M3_3: 108.1080 (1 inst); FPNAdder: 737.8560 (1 inst); FixedFPTree_exp7_mant8_out11_vec4_range28: 2712.9060 (1 inst); SNPS_CLOCK_GATE: 1.8900 (1 inst); ScaleAddition_E4M3_to_E4M3_scale_UE6M2_wide11: 430.0380 (1 inst); ScaleToFP14b_E4M3_x_E4M3_UE6M2_wide17: 287.5320 (1 inst),2.508000e-03,CustomOperator_E4M3_to_E4M3_0: 2.150e-05 (1 inst); CustomOperator_E4M3_to_E4M3_1: 2.200e-05 (1 inst); CustomOperator_E4M3_to_E4M3_2: 4.250e-05 (1 inst); CustomOperator_E4M3_to_E4M3_3: 3.900e-05 (1 inst); FPNAdder: 3.840e-04 (1 inst); FixedFPTree_exp7_mant8_out11_vec4_range28: 1.480e-03 (1 inst); SNPS_CLOCK_GATE: 5.990e-07 (1 inst); ScaleAddition_E4M3_to_E4M3_scale_UE6M2_wide11: 3.120e-04 (1 inst); ScaleToFP14b_E4M3_x_E4M3_UE6M2_wide17: 1.900e-04 (1 inst),1.195000e-03,CustomOperator_E4M3_to_E4M3_0: 2.370e-05 (1 inst); CustomOperator_E4M3_to_E4M3_1: 2.340e-05 (1 inst); CustomOperator_E4M3_to_E4M3_2: 4.270e-05 (1 inst); CustomOperator_E4M3_to_E4M3_3: 3.900e-05 (1 inst); FPNAdder: 1.860e-04 (1 inst); FixedFPTree_exp7_mant8_out11_vec4_range28: 6.140e-04 (1 inst); SNPS_CLOCK_GATE: 6.470e-06 (1 inst); ScaleAddition_E4M3_to_E4M3_scale_UE6M2_wide11: 1.180e-04 (1 inst); ScaleToFP14b_E4M3_x_E4M3_UE6M2_wide17: 7.850e-05 (1 inst),2.0000,500.0,1059,0.372,0.0366,2048,1,5freq
baseline_act-INT8_w-E4M3_UE6M2,baseline,INT8,E4M3,UE6M2,500,true,0.0000,4727.394000,CustomOperator_INT8_to_E4M3_0: 93.8700 (1 inst); CustomOperator_INT8_to_E4M3_1: 95.8860 (1 inst); CustomOperator_INT8_to_E4M3_2: 102.1860 (1 inst); CustomOperator_INT8_to_E4M3_3: 102.8160 (1 inst); FPNAdder: 988.7220 (1 inst); FixedFPTree_exp8_mant11_out16_vec4_range14: 2346.3720 (1 inst); SNPS_CLOCK_GATE: 1.8900 (1 inst); ScaleAddition_INT8_to_E4M3_scale_UE6M2_wide16: 522.6480 (1 inst); ScaleToFP19b_INT8_x_E4M3_UE6M2_wide22: 379.7640 (1 inst),2.751000e-03,CustomOperator_INT8_to_E4M3_0: 3.960e-05 (1 inst); CustomOperator_INT8_to_E4M3_1: 3.840e-05 (1 inst); CustomOperator_INT8_to_E4M3_2: 3.980e-05 (1 inst); CustomOperator_INT8_to_E4M3_3: 4.210e-05 (1 inst); FPNAdder: 5.260e-04 (1 inst); FixedFPTree_exp8_mant11_out16_vec4_range14: 1.400e-03 (1 inst); SNPS_CLOCK_GATE: 6.510e-07 (1 inst); ScaleAddition_INT8_to_E4M3_scale_UE6M2_wide16: 4.080e-04 (1 inst); ScaleToFP19b_INT8_x_E4M3_UE6M2_wide22: 2.400e-04 (1 inst),1.430000e-03,CustomOperator_INT8_to_E4M3_0: 4.140e-05 (1 inst); CustomOperator_INT8_to_E4M3_1: 3.720e-05 (1 inst); CustomOperator_INT8_to_E4M3_2: 4.130e-05 (1 inst); CustomOperator_INT8_to_E4M3_3: 4.200e-05 (1 inst); FPNAdder: 2.400e-04 (1 inst); FixedFPTree_exp8_mant11_out16_vec4_range14: 7.020e-04 (1 inst); SNPS_CLOCK_GATE: 7.260e-06 (1 inst); ScaleAddition_INT8_to_E4M3_scale_UE6M2_wide16: 1.510e-04 (1 inst); ScaleToFP19b_INT8_x_E4M3_UE6M2_wide22: 9.340e-05 (1 inst),2.0000,500.0,1059,0.372,0.0366,2048,1,5freq
baseline_act-E5M2_w-E2M3_UE7M1,baseline,E5M2,E2M3,UE7M1,500,true,0.0000,4811.436006,CustomOperator_E5M2_to_E2M3_0: 34.9020 (1 inst); CustomOperator_E5M2_to_E2M3_1: 42.3360 (1 inst); CustomOperator_E5M2_to_E2M3_2: 86.0580 (1 inst); CustomOperator_E5M2_to_E2M3_3: 85.9320 (1 inst); FPNAdder: 823.4100 (1 inst); FixedFPTree_exp8_mant7_out14_vec4_range31: 2977.8840 (1 inst); SNPS_CLOCK_GATE: 1.8900 (1 inst); ScaleAddition_E5M2_to_E2M3_scale_UE7M1_wide14: 328.2300 (1 inst); ScaleToFP15b_E5M2_x_E2M3_UE7M1_wide18: 344.1060 (1 inst),2.382000e-03,CustomOperator_E5M2_to_E2M3_0: 1.200e-05 (1 inst); CustomOperator_E5M2_to_E2M3_1: 1.350e-05 (1 inst); CustomOperator_E5M2_to_E2M3_2: 2.340e-05 (1 inst); CustomOperator_E5M2_to_E2M3_3: 2.350e-05 (1 inst); FPNAdder: 4.080e-04 (1 inst); FixedFPTree_exp8_mant7_out14_vec4_range31: 1.450e-03 (1 inst); SNPS_CLOCK_GATE: 6.010e-07 (1 inst); ScaleAddition_E5M2_to_E2M3_scale_UE7M1_wide14: 2.240e-04 (1 inst); ScaleToFP15b_E5M2_x_E2M3_UE7M1_wide18: 2.050e-04 (1 inst),1.169000e-03,CustomOperator_E5M2_to_E2M3_0: 1.500e-05 (1 inst); CustomOperator_E5M2_to_E2M3_1: 1.690e-05 (1 inst); CustomOperator_E5M2_to_E2M3_2: 3.090e-05 (1 inst); CustomOperator_E5M2_to_E2M3_3: 3.160e-05 (1 inst); FPNAdder: 1.970e-04 (1 inst); FixedFPTree_exp8_mant7_out14_vec4_range31: 6.390e-04 (1 inst); SNPS_CLOCK_GATE: 6.630e-06 (1 inst); ScaleAddition_E5M2_to_E2M3_scale_UE7M1_wide14: 8.730e-05 (1 inst); ScaleToFP15b_E5M2_x_E2M3_UE7M1_wide18: 8.030e-05 (1 inst),2.0000,500.0,1059,0.372,0.0366,2048,1,5freq
baseline_act-E5M2_w-E3M2_UE7M1,baseline,E5M2,E3M2,UE7M1,500,true,0.0000,4871.916005,CustomOperator_E5M2_to_E3M2_0: 43.0920 (1 inst); CustomOperator_E5M2_to_E3M2_1: 48.0060 (1 inst); CustomOperator_E5M2_to_E3M2_2: 94.8780 (1 inst); CustomOperator_E5M2_to_E3M2_3: 97.0200 (1 inst); FPNAdder: 856.1700 (1 inst); FixedFPTree_exp8_mant6_out14_vec4_range35: 2966.5440 (1 inst); SNPS_CLOCK_GATE: 1.8900 (1 inst); ScaleAddition_E5M2_to_E3M2_scale_UE7M1_wide14: 366.1560 (1 inst); ScaleToFP15b_E5M2_x_E3M2_UE7M1_wide18: 318.7800 (1 inst),2.505000e-03,CustomOperator_E5M2_to_E3M2_0: 1.420e-05 (1 inst); CustomOperator_E5M2_to_E3M2_1: 1.840e-05 (1 inst); CustomOperator_E5M2_to_E3M2_2: 3.160e-05 (1 inst); CustomOperator_E5M2_to_E3M2_3: 3.300e-05 (1 inst); FPNAdder: 4.140e-04 (1 inst); FixedFPTree_exp8_mant6_out14_vec4_range35: 1.560e-03 (1 inst); SNPS_CLOCK_GATE: 6.020e-07 (1 inst); ScaleAddition_E5M2_to_E3M2_scale_UE7M1_wide14: 2.250e-04 (1 inst); ScaleToFP15b_E5M2_x_E3M2_UE7M1_wide18: 1.890e-04 (1 inst),1.172000e-03,CustomOperator_E5M2_to_E3M2_0: 1.540e-05 (1 inst); CustomOperator_E5M2_to_E3M2_1: 2.040e-05 (1 inst); CustomOperator_E5M2_to_E3M2_2: 3.530e-05 (1 inst); CustomOperator_E5M2_to_E3M2_3: 3.450e-05 (1 inst); FPNAdder: 2.220e-04 (1 inst); FixedFPTree_exp8_mant6_out14_vec4_range35: 5.920e-04 (1 inst); SNPS_CLOCK_GATE: 6.630e-06 (1 inst); ScaleAddition_E5M2_to_E3M2_scale_UE7M1_wide14: 9.880e-05 (1 inst); ScaleToFP15b_E5M2_x_E3M2_UE7M1_wide18: 8.450e-05 (1 inst),2.0000,500.0,1059,0.372,0.0366,2048,1,5freq
baseline_act-E5M2_w-E2M1_UE6M2,baseline,E5M2,E2M1,UE6M2,500,true,0.0000,5084.478005,CustomOperator_E5M2_to_E2M1_0: 26.3340 (1 inst); CustomOperator_E5M2_to_E2M1_1: 33.3900 (1 inst); CustomOperator_E5M2_to_E2M1_2: 74.4660 (1 inst); CustomOperator_E5M2_to_E2M1_3: 67.0320 (1 inst); FPNAdder: 871.1640 (1 inst); FixedFPTree_exp7_mant5_out12_vec4_range31: 3077.1720 (1 inst); SNPS_CLOCK_GATE: 1.8900 (1 inst); ScaleAddition_E5M2_to_E2M1_scale_UE6M2_wide12: 478.6740 (1 inst); ScaleToFP15b_E5M2_x_E2M1_UE6M2_wide18: 369.3060 (1 inst),2.482000e-03,CustomOperator_E5M2_to_E2M1_0: 1.040e-05 (1 inst); CustomOperator_E5M2_to_E2M1_1: 1.120e-05 (1 inst); CustomOperator_E5M2_to_E2M1_2: 1.730e-05 (1 inst); CustomOperator_E5M2_to_E2M1_3: 1.740e-05 (1 inst); FPNAdder: 4.330e-04 (1 inst); FixedFPTree_exp7_mant5_out12_vec4_range31: 1.430e-03 (1 inst); SNPS_CLOCK_GATE: 6.050e-07 (1 inst); ScaleAddition_E5M2_to_E2M1_scale_UE6M2_wide12: 3.170e-04 (1 inst); ScaleToFP15b_E5M2_x_E2M1_UE6M2_wide18: 2.310e-04 (1 inst),1.208000e-03,CustomOperator_E5M2_to_E2M1_0: 1.340e-05 (1 inst); CustomOperator_E5M2_to_E2M1_1: 1.360e-05 (1 inst); CustomOperator_E5M2_to_E2M1_2: 2.440e-05 (1 inst); CustomOperator_E5M2_to_E2M1_3: 2.370e-05 (1 inst); FPNAdder: 2.110e-04 (1 inst); FixedFPTree_exp7_mant5_out12_vec4_range31: 6.350e-04 (1 inst); SNPS_CLOCK_GATE: 6.630e-06 (1 inst); ScaleAddition_E5M2_to_E2M1_scale_UE6M2_wide12: 1.180e-04 (1 inst); ScaleToFP15b_E5M2_x_E2M1_UE6M2_wide18: 9.850e-05 (1 inst),2.0000,500.0,1059,0.372,0.0366,2048,1,5freq
baseline_act-E5M2_w-E2M3_UE6M2,baseline,E5M2,E2M3,UE6M2,500,true,0.0000,5145.462008,CustomOperator_E5M2_to_E2M3_0: 35.9100 (1 inst); CustomOperator_E5M2_to_E2M3_1: 51.0300 (1 inst); CustomOperator_E5M2_to_E2M3_2: 68.2920 (1 inst); CustomOperator_E5M2_to_E2M3_3: 74.3400 (1 inst); FPNAdder: 886.4100 (1 inst); FixedFPTree_exp7_mant7_out12_vec4_range31: 3058.1460 (1 inst); SNPS_CLOCK_GATE: 1.8900 (1 inst); ScaleAddition_E5M2_to_E2M3_scale_UE6M2_wide12: 530.3340 (1 inst); ScaleToFP15b_E5M2_x_E2M3_UE6M2_wide18: 353.9340 (1 inst),2.665000e-03,CustomOperator_E5M2_to_E2M3_0: 1.210e-05 (1 inst); CustomOperator_E5M2_to_E2M3_1: 1.780e-05 (1 inst); CustomOperator_E5M2_to_E2M3_2: 2.020e-05 (1 inst); CustomOperator_E5M2_to_E2M3_3: 2.080e-05 (1 inst); FPNAdder: 4.470e-04 (1 inst); FixedFPTree_exp7_mant7_out12_vec4_range31: 1.510e-03 (1 inst); SNPS_CLOCK_GATE: 5.980e-07 (1 inst); ScaleAddition_E5M2_to_E2M3_scale_UE6M2_wide12: 3.880e-04 (1 inst); ScaleToFP15b_E5M2_x_E2M3_UE6M2_wide18: 2.290e-04 (1 inst),1.328000e-03,CustomOperator_E5M2_to_E2M3_0: 1.510e-05 (1 inst); CustomOperator_E5M2_to_E2M3_1: 2.230e-05 (1 inst); CustomOperator_E5M2_to_E2M3_2: 2.680e-05 (1 inst); CustomOperator_E5M2_to_E2M3_3: 2.700e-05 (1 inst); FPNAdder: 2.280e-04 (1 inst); FixedFPTree_exp7_mant7_out12_vec4_range31: 6.750e-04 (1 inst); SNPS_CLOCK_GATE: 6.630e-06 (1 inst); ScaleAddition_E5M2_to_E2M3_scale_UE6M2_wide12: 1.690e-04 (1 inst); ScaleToFP15b_E5M2_x_E2M3_UE6M2_wide18: 9.240e-05 (1 inst),2.0000,500.0,1059,0.372,0.0366,2048,1,5freq
baseline_act-E4M3_w-E4M3_UE4M3,baseline,E4M3,E4M3,UE4M3,500,true,0.0000,5252.562006,CustomOperator_E4M3_to_E4M3_0: 58.7160 (1 inst); CustomOperator_E4M3_to_E4M3_1: 68.9220 (1 inst); CustomOperator_E4M3_to_E4M3_2: 127.5120 (1 inst); CustomOperator_E4M3_to_E4M3_3: 121.4640 (1 inst); FPNAdder: 790.9020 (1 inst); FixedFPTree_exp7_mant8_out9_vec4_range28: 3062.3040 (1 inst); SNPS_CLOCK_GATE: 1.8900 (1 inst); ScaleAddition_E4M3_to_E4M3_scale_UE4M3_wide9: 586.7820 (1 inst); ScaleToFP14b_E4M3_x_E4M3_UE4M3_wide17: 359.3520 (1 inst),2.864000e-03,CustomOperator_E4M3_to_E4M3_0: 2.120e-05 (1 inst); CustomOperator_E4M3_to_E4M3_1: 2.360e-05 (1 inst); CustomOperator_E4M3_to_E4M3_2: 4.540e-05 (1 inst); CustomOperator_E4M3_to_E4M3_3: 4.130e-05 (1 inst); FPNAdder: 3.900e-04 (1 inst); FixedFPTree_exp7_mant8_out9_vec4_range28: 1.680e-03 (1 inst); SNPS_CLOCK_GATE: 5.890e-07 (1 inst); ScaleAddition_E4M3_to_E4M3_scale_UE4M3_wide9: 4.310e-04 (1 inst); ScaleToFP14b_E4M3_x_E4M3_UE4M3_wide17: 2.150e-04 (1 inst),1.416000e-03,CustomOperator_E4M3_to_E4M3_0: 2.360e-05 (1 inst); CustomOperator_E4M3_to_E4M3_1: 2.470e-05 (1 inst); CustomOperator_E4M3_to_E4M3_2: 4.710e-05 (1 inst); CustomOperator_E4M3_to_E4M3_3: 3.940e-05 (1 inst); FPNAdder: 2.060e-04 (1 inst); FixedFPTree_exp7_mant8_out9_vec4_range28: 7.060e-04 (1 inst); SNPS_CLOCK_GATE: 6.470e-06 (1 inst); ScaleAddition_E4M3_to_E4M3_scale_UE4M3_wide9: 1.970e-04 (1 inst); ScaleToFP14b_E4M3_x_E4M3_UE4M3_wide17: 1.040e-04 (1 inst),2.0000,500.0,1059,0.372,0.0366,2048,1,5freq
baseline_act-E5M2_w-E2M1_UE5M3,baseline,E5M2,E2M1,UE5M3,500,true,0.0000,5346.306006,CustomOperator_E5M2_to_E2M1_0: 26.4600 (1 inst); CustomOperator_E5M2_to_E2M1_1: 38.1780 (1 inst); CustomOperator_E5M2_to_E2M1_2: 67.7880 (1 inst); CustomOperator_E5M2_to_E2M1_3: 56.9520 (1 inst); FPNAdder: 893.5920 (1 inst); FixedFPTree_exp7_mant5_out10_vec4_range31: 3106.2780 (1 inst); SNPS_CLOCK_GATE: 1.8900 (1 inst); ScaleAddition_E5M2_to_E2M1_scale_UE5M3_wide10: 717.5700 (1 inst); ScaleToFP15b_E5M2_x_E2M1_UE5M3_wide18: 354.0600 (1 inst),2.657000e-03,CustomOperator_E5M2_to_E2M1_0: 8.700e-06 (1 inst); CustomOperator_E5M2_to_E2M1_1: 1.200e-05 (1 inst); CustomOperator_E5M2_to_E2M1_2: 1.620e-05 (1 inst); CustomOperator_E5M2_to_E2M1_3: 1.480e-05 (1 inst); FPNAdder: 4.260e-04 (1 inst); FixedFPTree_exp7_mant5_out10_vec4_range31: 1.560e-03 (1 inst); SNPS_CLOCK_GATE: 5.970e-07 (1 inst); ScaleAddition_E5M2_to_E2M1_scale_UE5M3_wide10: 4.110e-04 (1 inst); ScaleToFP15b_E5M2_x_E2M1_UE5M3_wide18: 1.900e-04 (1 inst),1.284000e-03,CustomOperator_E5M2_to_E2M1_0: 1.120e-05 (1 inst); CustomOperator_E5M2_to_E2M1_1: 1.580e-05 (1 inst); CustomOperator_E5M2_to_E2M1_2: 2.170e-05 (1 inst); CustomOperator_E5M2_to_E2M1_3: 1.900e-05 (1 inst); FPNAdder: 2.320e-04 (1 inst); FixedFPTree_exp7_mant5_out10_vec4_range31: 6.160e-04 (1 inst); SNPS_CLOCK_GATE: 6.630e-06 (1 inst); ScaleAddition_E5M2_to_E2M1_scale_UE5M3_wide10: 2.110e-04 (1 inst); ScaleToFP15b_E5M2_x_E2M1_UE5M3_wide18: 8.570e-05 (1 inst),2.0000,500.0,1059,0.372,0.0366,2048,1,5freq
baseline_act-E4M3_w-E4M3_UE5M3,baseline,E4M3,E4M3,UE5M3,500,true,0.0000,5366.592009,CustomOperator_E4M3_to_E4M3_0: 60.6060 (1 inst); CustomOperator_E4M3_to_E4M3_1: 65.8980 (1 inst); CustomOperator_E4M3_to_E4M3_2: 110.3760 (1 inst); CustomOperator_E4M3_to_E4M3_3: 111.2580 (1 inst); FPNAdder: 857.8080 (1 inst); FixedFPTree_exp7_mant8_out9_vec4_range28: 3191.3280 (1 inst); SNPS_CLOCK_GATE: 1.8900 (1 inst); ScaleAddition_E4M3_to_E4M3_scale_UE5M3_wide9: 565.3620 (1 inst); ScaleToFP14b_E4M3_x_E4M3_UE5M3_wide17: 318.1500 (1 inst),2.964000e-03,CustomOperator_E4M3_to_E4M3_0: 2.250e-05 (1 inst); CustomOperator_E4M3_to_E4M3_1: 2.330e-05 (1 inst); CustomOperator_E4M3_to_E4M3_2: 3.900e-05 (1 inst); CustomOperator_E4M3_to_E4M3_3: 4.150e-05 (1 inst); FPNAdder: 4.370e-04 (1 inst); FixedFPTree_exp7_mant8_out9_vec4_range28: 1.770e-03 (1 inst); SNPS_CLOCK_GATE: 5.870e-07 (1 inst); ScaleAddition_E4M3_to_E4M3_scale_UE5M3_wide9: 4.180e-04 (1 inst); ScaleToFP14b_E4M3_x_E4M3_UE5M3_wide17: 1.940e-04 (1 inst),1.417000e-03,CustomOperator_E4M3_to_E4M3_0: 2.460e-05 (1 inst); CustomOperator_E4M3_to_E4M3_1: 2.380e-05 (1 inst); CustomOperator_E4M3_to_E4M3_2: 3.990e-05 (1 inst); CustomOperator_E4M3_to_E4M3_3: 3.890e-05 (1 inst); FPNAdder: 2.270e-04 (1 inst); FixedFPTree_exp7_mant8_out9_vec4_range28: 7.180e-04 (1 inst); SNPS_CLOCK_GATE: 6.460e-06 (1 inst); ScaleAddition_E4M3_to_E4M3_scale_UE5M3_wide9: 1.830e-04 (1 inst); ScaleToFP14b_E4M3_x_E4M3_UE5M3_wide17: 9.100e-05 (1 inst),2.0000,500.0,1059,0.372,0.0366,2048,1,5freq
baseline_act-INT8_w-E5M2_UE7M1,baseline,INT8,E5M2,UE7M1,500,true,0.0000,5426.064005,CustomOperator_INT8_to_E5M2_0: 73.0800 (1 inst); CustomOperator_INT8_to_E5M2_1: 77.3640 (1 inst); CustomOperator_INT8_to_E5M2_2: 79.5060 (1 inst); CustomOperator_INT8_to_E5M2_3: 87.1920 (1 inst); FPNAdder: 1016.5680 (1 inst); FixedFPTree_exp8_mant10_out18_vec4_range29: 3113.4600 (1 inst); SNPS_CLOCK_GATE: 1.8900 (1 inst); ScaleAddition_INT8_to_E5M2_scale_UE7M1_wide18: 470.6100 (1 inst); ScaleToFP19b_INT8_x_E5M2_UE7M1_wide22: 408.8700 (1 inst),3.004000e-03,CustomOperator_INT8_to_E5M2_0: 3.140e-05 (1 inst); CustomOperator_INT8_to_E5M2_1: 3.070e-05 (1 inst); CustomOperator_INT8_to_E5M2_2: 3.200e-05 (1 inst); CustomOperator_INT8_to_E5M2_3: 3.270e-05 (1 inst); FPNAdder: 5.070e-04 (1 inst); FixedFPTree_exp8_mant10_out18_vec4_range29: 1.780e-03 (1 inst); SNPS_CLOCK_GATE: 6.510e-07 (1 inst); ScaleAddition_INT8_to_E5M2_scale_UE7M1_wide18: 3.290e-04 (1 inst); ScaleToFP19b_INT8_x_E5M2_UE7M1_wide22: 2.420e-04 (1 inst),1.384000e-03,CustomOperator_INT8_to_E5M2_0: 3.180e-05 (1 inst); CustomOperator_INT8_to_E5M2_1: 3.020e-05 (1 inst); CustomOperator_INT8_to_E5M2_2: 3.020e-05 (1 inst); CustomOperator_INT8_to_E5M2_3: 2.930e-05 (1 inst); FPNAdder: 2.290e-04 (1 inst); FixedFPTree_exp8_mant10_out18_vec4_range29: 7.200e-04 (1 inst); SNPS_CLOCK_GATE: 7.260e-06 (1 inst); ScaleAddition_INT8_to_E5M2_scale_UE7M1_wide18: 1.320e-04 (1 inst); ScaleToFP19b_INT8_x_E5M2_UE7M1_wide22: 1.010e-04 (1 inst),2.0000,500.0,1059,0.372,0.0366,2048,1,5freq
baseline_act-E5M2_w-E2M1_UE4M3,baseline,E5M2,E2M1,UE4M3,500,true,0.0000,5553.702008,CustomOperator_E5M2_to_E2M1_0: 27.2160 (1 inst); CustomOperator_E5M2_to_E2M1_1: 41.5800 (1 inst); CustomOperator_E5M2_to_E2M1_2: 76.2300 (1 inst); CustomOperator_E5M2_to_E2M1_3: 59.3460 (1 inst); FPNAdder: 963.2700 (1 inst); FixedFPTree_exp7_mant5_out10_vec4_range31: 3359.6640 (1 inst); SNPS_CLOCK_GATE: 1.8900 (1 inst); ScaleAddition_E5M2_to_E2M1_scale_UE4M3_wide10: 563.0940 (1 inst); ScaleToFP15b_E5M2_x_E2M1_UE4M3_wide18: 373.4640 (1 inst),2.768000e-03,CustomOperator_E5M2_to_E2M1_0: 8.670e-06 (1 inst); CustomOperator_E5M2_to_E2M1_1: 1.300e-05 (1 inst); CustomOperator_E5M2_to_E2M1_2: 1.920e-05 (1 inst); CustomOperator_E5M2_to_E2M1_3: 1.510e-05 (1 inst); FPNAdder: 4.650e-04 (1 inst); FixedFPTree_exp7_mant5_out10_vec4_range31: 1.700e-03 (1 inst); SNPS_CLOCK_GATE: 5.980e-07 (1 inst); ScaleAddition_E5M2_to_E2M1_scale_UE4M3_wide10: 3.280e-04 (1 inst); ScaleToFP15b_E5M2_x_E2M1_UE4M3_wide18: 1.990e-04 (1 inst),1.309000e-03,CustomOperator_E5M2_to_E2M1_0: 1.170e-05 (1 inst); CustomOperator_E5M2_to_E2M1_1: 1.750e-05 (1 inst); CustomOperator_E5M2_to_E2M1_2: 2.560e-05 (1 inst); CustomOperator_E5M2_to_E2M1_3: 2.120e-05 (1 inst); FPNAdder: 2.450e-04 (1 inst); FixedFPTree_exp7_mant5_out10_vec4_range31: 6.790e-04 (1 inst); SNPS_CLOCK_GATE: 6.630e-06 (1 inst); ScaleAddition_E5M2_to_E2M1_scale_UE4M3_wide10: 1.480e-04 (1 inst); ScaleToFP15b_E5M2_x_E2M1_UE4M3_wide18: 9.260e-05 (1 inst),2.0000,500.0,1059,0.372,0.0366,2048,1,5freq
baseline_act-E5M2_w-E2M1_UE4M4,baseline,E5M2,E2M1,UE4M4,500,true,0.0000,5569.452009,CustomOperator_E5M2_to_E2M1_0: 24.6960 (1 inst); CustomOperator_E5M2_to_E2M1_1: 30.6180 (1 inst); CustomOperator_E5M2_to_E2M1_2: 75.3480 (1 inst); CustomOperator_E5M2_to_E2M1_3: 69.8040 (1 inst); FPNAdder: 946.1340 (1 inst); FixedFPTree_exp7_mant5_out8_vec4_range31: 3168.1440 (1 inst); SNPS_CLOCK_GATE: 1.8900 (1 inst); ScaleAddition_E5M2_to_E2M1_scale_UE4M4_wide8: 775.6560 (1 inst); ScaleToFP15b_E5M2_x_E2M1_UE4M4_wide18: 384.1740 (1 inst),2.754000e-03,CustomOperator_E5M2_to_E2M1_0: 8.700e-06 (1 inst); CustomOperator_E5M2_to_E2M1_1: 1.190e-05 (1 inst); CustomOperator_E5M2_to_E2M1_2: 1.900e-05 (1 inst); CustomOperator_E5M2_to_E2M1_3: 1.760e-05 (1 inst); FPNAdder: 4.760e-04 (1 inst); FixedFPTree_exp7_mant5_out8_vec4_range31: 1.420e-03 (1 inst); SNPS_CLOCK_GATE: 5.980e-07 (1 inst); ScaleAddition_E5M2_to_E2M1_scale_UE4M4_wide8: 5.550e-04 (1 inst); ScaleToFP15b_E5M2_x_E2M1_UE4M4_wide18: 2.250e-04 (1 inst),1.371000e-03,CustomOperator_E5M2_to_E2M1_0: 1.080e-05 (1 inst); CustomOperator_E5M2_to_E2M1_1: 1.470e-05 (1 inst); CustomOperator_E5M2_to_E2M1_2: 2.680e-05 (1 inst); CustomOperator_E5M2_to_E2M1_3: 2.470e-05 (1 inst); FPNAdder: 2.530e-04 (1 inst); FixedFPTree_exp7_mant5_out8_vec4_range31: 6.300e-04 (1 inst); SNPS_CLOCK_GATE: 6.630e-06 (1 inst); ScaleAddition_E5M2_to_E2M1_scale_UE4M4_wide8: 2.240e-04 (1 inst); ScaleToFP15b_E5M2_x_E2M1_UE4M4_wide18: 1.150e-04 (1 inst),2.0000,500.0,1059,0.372,0.0366,2048,1,5freq
baseline_act-INT8_w-E4M3_UE4M3,baseline,INT8,E4M3,UE4M3,500,true,0.0000,5580.162002,CustomOperator_INT8_to_E4M3_0: 89.9640 (1 inst); CustomOperator_INT8_to_E4M3_1: 93.6180 (1 inst); CustomOperator_INT8_to_E4M3_2: 110.1240 (1 inst); CustomOperator_INT8_to_E4M3_3: 104.2020 (1 inst); FPNAdder: 1161.5940 (1 inst); FixedFPTree_exp7_mant11_out14_vec4_range14: 2763.8100 (1 inst); SNPS_CLOCK_GATE: 1.8900 (1 inst); ScaleAddition_INT8_to_E4M3_scale_UE4M3_wide14: 706.1040 (1 inst); ScaleToFP19b_INT8_x_E4M3_UE4M3_wide22: 456.2460 (1 inst),3.337000e-03,CustomOperator_INT8_to_E4M3_0: 3.820e-05 (1 inst); CustomOperator_INT8_to_E4M3_1: 3.960e-05 (1 inst); CustomOperator_INT8_to_E4M3_2: 4.070e-05 (1 inst); CustomOperator_INT8_to_E4M3_3: 4.190e-05 (1 inst); FPNAdder: 6.050e-04 (1 inst); FixedFPTree_exp7_mant11_out14_vec4_range14: 1.710e-03 (1 inst); SNPS_CLOCK_GATE: 6.510e-07 (1 inst); ScaleAddition_INT8_to_E4M3_scale_UE4M3_wide14: 5.670e-04 (1 inst); ScaleToFP19b_INT8_x_E4M3_UE4M3_wide22: 2.740e-04 (1 inst),1.758000e-03,CustomOperator_INT8_to_E4M3_0: 3.950e-05 (1 inst); CustomOperator_INT8_to_E4M3_1: 3.780e-05 (1 inst); CustomOperator_INT8_to_E4M3_2: 4.090e-05 (1 inst); CustomOperator_INT8_to_E4M3_3: 4.210e-05 (1 inst); FPNAdder: 2.950e-04 (1 inst); FixedFPTree_exp7_mant11_out14_vec4_range14: 8.380e-04 (1 inst); SNPS_CLOCK_GATE: 7.260e-06 (1 inst); ScaleAddition_INT8_to_E4M3_scale_UE4M3_wide14: 2.510e-04 (1 inst); ScaleToFP19b_INT8_x_E4M3_UE4M3_wide22: 1.300e-04 (1 inst),2.0000,500.0,1059,0.372,0.0366,2048,1,5freq
baseline_act-INT8_w-E4M3_UE5M3,baseline,INT8,E4M3,UE5M3,500,true,0.0000,5628.293999,CustomOperator_INT8_to_E4M3_0: 88.3260 (1 inst); CustomOperator_INT8_to_E4M3_1: 98.4060 (1 inst); CustomOperator_INT8_to_E4M3_2: 115.9200 (1 inst); CustomOperator_INT8_to_E4M3_3: 114.2820 (1 inst); FPNAdder: 1153.2780 (1 inst); FixedFPTree_exp7_mant11_out14_vec4_range14: 2832.2280 (1 inst); SNPS_CLOCK_GATE: 1.8900 (1 inst); ScaleAddition_INT8_to_E4M3_scale_UE5M3_wide14: 699.1740 (1 inst); ScaleToFP19b_INT8_x_E4M3_UE5M3_wide22: 422.6040 (1 inst),3.366000e-03,CustomOperator_INT8_to_E4M3_0: 3.760e-05 (1 inst); CustomOperator_INT8_to_E4M3_1: 4.000e-05 (1 inst); CustomOperator_INT8_to_E4M3_2: 4.250e-05 (1 inst); CustomOperator_INT8_to_E4M3_3: 4.580e-05 (1 inst); FPNAdder: 6.120e-04 (1 inst); FixedFPTree_exp7_mant11_out14_vec4_range14: 1.750e-03 (1 inst); SNPS_CLOCK_GATE: 6.470e-07 (1 inst); ScaleAddition_INT8_to_E4M3_scale_UE5M3_wide14: 5.540e-04 (1 inst); ScaleToFP19b_INT8_x_E4M3_UE5M3_wide22: 2.610e-04 (1 inst),1.791000e-03,CustomOperator_INT8_to_E4M3_0: 3.910e-05 (1 inst); CustomOperator_INT8_to_E4M3_1: 3.860e-05 (1 inst); CustomOperator_INT8_to_E4M3_2: 4.260e-05 (1 inst); CustomOperator_INT8_to_E4M3_3: 4.500e-05 (1 inst); FPNAdder: 3.090e-04 (1 inst); FixedFPTree_exp7_mant11_out14_vec4_range14: 8.420e-04 (1 inst); SNPS_CLOCK_GATE: 7.260e-06 (1 inst); ScaleAddition_INT8_to_E4M3_scale_UE5M3_wide14: 2.710e-04 (1 inst); ScaleToFP19b_INT8_x_E4M3_UE5M3_wide22: 1.180e-04 (1 inst),2.0000,500.0,1059,0.372,0.0366,2048,1,5freq
baseline_act-E4M3_w-E4M3_UE4M4,baseline,E4M3,E4M3,UE4M4,500,true,0.0000,5781.132007,CustomOperator_E4M3_to_E4M3_0: 59.2200 (1 inst); CustomOperator_E4M3_to_E4M3_1: 70.4340 (1 inst); CustomOperator_E4M3_to_E4M3_2: 125.7480 (1 inst); CustomOperator_E4M3_to_E4M3_3: 111.5100 (1 inst); FPNAdder: 813.5820 (1 inst); FixedFPTree_exp7_mant8_out8_vec4_range28: 3372.6420 (1 inst); SNPS_CLOCK_GATE: 1.8900 (1 inst); ScaleAddition_E4M3_to_E4M3_scale_UE4M4_wide8: 777.5460 (1 inst); ScaleToFP14b_E4M3_x_E4M3_UE4M4_wide18: 367.9200 (1 inst),3.088000e-03,CustomOperator_E4M3_to_E4M3_0: 2.120e-05 (1 inst); CustomOperator_E4M3_to_E4M3_1: 2.460e-05 (1 inst); CustomOperator_E4M3_to_E4M3_2: 4.680e-05 (1 inst); CustomOperator_E4M3_to_E4M3_3: 3.720e-05 (1 inst); FPNAdder: 4.150e-04 (1 inst); FixedFPTree_exp7_mant8_out8_vec4_range28: 1.690e-03 (1 inst); SNPS_CLOCK_GATE: 5.890e-07 (1 inst); ScaleAddition_E4M3_to_E4M3_scale_UE4M4_wide8: 5.990e-04 (1 inst); ScaleToFP14b_E4M3_x_E4M3_UE4M4_wide18: 2.370e-04 (1 inst),1.587000e-03,CustomOperator_E4M3_to_E4M3_0: 2.340e-05 (1 inst); CustomOperator_E4M3_to_E4M3_1: 2.540e-05 (1 inst); CustomOperator_E4M3_to_E4M3_2: 4.630e-05 (1 inst); CustomOperator_E4M3_to_E4M3_3: 3.620e-05 (1 inst); FPNAdder: 2.200e-04 (1 inst); FixedFPTree_exp7_mant8_out8_vec4_range28: 7.670e-04 (1 inst); SNPS_CLOCK_GATE: 6.470e-06 (1 inst); ScaleAddition_E4M3_to_E4M3_scale_UE4M4_wide8: 2.910e-04 (1 inst); ScaleToFP14b_E4M3_x_E4M3_UE4M4_wide18: 1.050e-04 (1 inst),2.0000,500.0,1059,0.372,0.0366,2048,1,5freq
baseline_act-E5M2_w-E2M3_UE4M3,baseline,E5M2,E2M3,UE4M3,500,true,0.0000,5802.426005,CustomOperator_E5M2_to_E2M3_0: 47.3760 (1 inst); CustomOperator_E5M2_to_E2M3_1: 58.8420 (1 inst); CustomOperator_E5M2_to_E2M3_2: 85.4280 (1 inst); CustomOperator_E5M2_to_E2M3_3: 80.3880 (1 inst); FPNAdder: 944.6220 (1 inst); FixedFPTree_exp7_mant7_out10_vec4_range31: 3391.5420 (1 inst); SNPS_CLOCK_GATE: 1.8900 (1 inst); ScaleAddition_E5M2_to_E2M3_scale_UE4M3_wide10: 714.6720 (1 inst); ScaleToFP15b_E5M2_x_E2M3_UE4M3_wide18: 391.6080 (1 inst),3.086000e-03,CustomOperator_E5M2_to_E2M3_0: 1.650e-05 (1 inst); CustomOperator_E5M2_to_E2M3_1: 1.720e-05 (1 inst); CustomOperator_E5M2_to_E2M3_2: 2.300e-05 (1 inst); CustomOperator_E5M2_to_E2M3_3: 2.300e-05 (1 inst); FPNAdder: 4.620e-04 (1 inst); FixedFPTree_exp7_mant7_out10_vec4_range31: 1.830e-03 (1 inst); SNPS_CLOCK_GATE: 5.970e-07 (1 inst); ScaleAddition_E5M2_to_E2M3_scale_UE4M3_wide10: 4.700e-04 (1 inst); ScaleToFP15b_E5M2_x_E2M3_UE4M3_wide18: 2.280e-04 (1 inst),1.477000e-03,CustomOperator_E5M2_to_E2M3_0: 2.030e-05 (1 inst); CustomOperator_E5M2_to_E2M3_1: 2.210e-05 (1 inst); CustomOperator_E5M2_to_E2M3_2: 3.150e-05 (1 inst); CustomOperator_E5M2_to_E2M3_3: 3.180e-05 (1 inst); FPNAdder: 2.460e-04 (1 inst); FixedFPTree_exp7_mant7_out10_vec4_range31: 7.560e-04 (1 inst); SNPS_CLOCK_GATE: 6.630e-06 (1 inst); ScaleAddition_E5M2_to_E2M3_scale_UE4M3_wide10: 2.070e-04 (1 inst); ScaleToFP15b_E5M2_x_E2M3_UE4M3_wide18: 9.130e-05 (1 inst),2.0000,500.0,1059,0.372,0.0366,2048,1,5freq
baseline_act-INT8_w-E5M2_UE6M2,baseline,INT8,E5M2,UE6M2,500,true,0.0000,5895.666010,CustomOperator_INT8_to_E5M2_0: 77.7420 (1 inst); CustomOperator_INT8_to_E5M2_1: 76.8600 (1 inst); CustomOperator_INT8_to_E5M2_2: 94.6260 (1 inst); CustomOperator_INT8_to_E5M2_3: 88.3260 (1 inst); FPNAdder: 1041.2640 (1 inst); FixedFPTree_exp8_mant10_out16_vec4_range29: 3317.3280 (1 inst); SNPS_CLOCK_GATE: 1.8900 (1 inst); ScaleAddition_INT8_to_E5M2_scale_UE6M2_wide16: 629.2440 (1 inst); ScaleToFP19b_INT8_x_E5M2_UE6M2_wide22: 471.7440 (1 inst),3.409000e-03,CustomOperator_INT8_to_E5M2_0: 3.220e-05 (1 inst); CustomOperator_INT8_to_E5M2_1: 3.020e-05 (1 inst); CustomOperator_INT8_to_E5M2_2: 3.320e-05 (1 inst); CustomOperator_INT8_to_E5M2_3: 3.490e-05 (1 inst); FPNAdder: 5.470e-04 (1 inst); FixedFPTree_exp8_mant10_out16_vec4_range29: 1.960e-03 (1 inst); SNPS_CLOCK_GATE: 6.480e-07 (1 inst); ScaleAddition_INT8_to_E5M2_scale_UE6M2_wide16: 4.650e-04 (1 inst); ScaleToFP19b_INT8_x_E5M2_UE6M2_wide22: 2.890e-04 (1 inst),1.516000e-03,CustomOperator_INT8_to_E5M2_0: 3.480e-05 (1 inst); CustomOperator_INT8_to_E5M2_1: 3.100e-05 (1 inst); CustomOperator_INT8_to_E5M2_2: 3.160e-05 (1 inst); CustomOperator_INT8_to_E5M2_3: 3.080e-05 (1 inst); FPNAdder: 2.530e-04 (1 inst); FixedFPTree_exp8_mant10_out16_vec4_range29: 7.580e-04 (1 inst); SNPS_CLOCK_GATE: 7.260e-06 (1 inst); ScaleAddition_INT8_to_E5M2_scale_UE6M2_wide16: 1.830e-04 (1 inst); ScaleToFP19b_INT8_x_E5M2_UE6M2_wide22: 1.130e-04 (1 inst),2.0000,500.0,1059,0.372,0.0366,2048,1,5freq
baseline_act-E5M2_w-E3M2_UE6M2,baseline,E5M2,E3M2,UE6M2,500,true,0.0000,6050.394004,CustomOperator_E5M2_to_E3M2_0: 43.8480 (1 inst); CustomOperator_E5M2_to_E3M2_1: 48.2580 (1 inst); CustomOperator_E5M2_to_E3M2_2: 99.5400 (1 inst); CustomOperator_E5M2_to_E3M2_3: 111.5100 (1 inst); FPNAdder: 993.5100 (1 inst); FixedFPTree_exp8_mant6_out12_vec4_range35: 3787.6860 (1 inst); SNPS_CLOCK_GATE: 1.8900 (1 inst); ScaleAddition_E5M2_to_E3M2_scale_UE6M2_wide12: 489.2580 (1 inst); ScaleToFP15b_E5M2_x_E3M2_UE6M2_wide18: 394.3800 (1 inst),3.300000e-03,CustomOperator_E5M2_to_E3M2_0: 1.660e-05 (1 inst); CustomOperator_E5M2_to_E3M2_1: 1.710e-05 (1 inst); CustomOperator_E5M2_to_E3M2_2: 3.310e-05 (1 inst); CustomOperator_E5M2_to_E3M2_3: 3.550e-05 (1 inst); FPNAdder: 5.170e-04 (1 inst); FixedFPTree_exp8_mant6_out12_vec4_range35: 2.090e-03 (1 inst); SNPS_CLOCK_GATE: 5.970e-07 (1 inst); ScaleAddition_E5M2_to_E3M2_scale_UE6M2_wide12: 3.240e-04 (1 inst); ScaleToFP15b_E5M2_x_E3M2_UE6M2_wide18: 2.470e-04 (1 inst),1.423000e-03,CustomOperator_E5M2_to_E3M2_0: 1.880e-05 (1 inst); CustomOperator_E5M2_to_E3M2_1: 1.930e-05 (1 inst); CustomOperator_E5M2_to_E3M2_2: 3.790e-05 (1 inst); CustomOperator_E5M2_to_E3M2_3: 3.680e-05 (1 inst); FPNAdder: 2.510e-04 (1 inst); FixedFPTree_exp8_mant6_out12_vec4_range35: 7.770e-04 (1 inst); SNPS_CLOCK_GATE: 6.630e-06 (1 inst); ScaleAddition_E5M2_to_E3M2_scale_UE6M2_wide12: 1.180e-04 (1 inst); ScaleToFP15b_E5M2_x_E3M2_UE6M2_wide18: 9.420e-05 (1 inst),2.0000,500.0,1059,0.372,0.0366,2048,1,5freq
baseline_act-E5M2_w-E2M3_UE5M3,baseline,E5M2,E2M3,UE5M3,500,true,0.0000,6111.378003,CustomOperator_E5M2_to_E2M3_0: 43.4700 (1 inst); CustomOperator_E5M2_to_E2M3_1: 51.1560 (1 inst); CustomOperator_E5M2_to_E2M3_2: 80.3880 (1 inst); CustomOperator_E5M2_to_E2M3_3: 76.4820 (1 inst); FPNAdder: 938.9520 (1 inst); FixedFPTree_exp7_mant7_out10_vec4_range31: 3893.2740 (1 inst); SNPS_CLOCK_GATE: 1.8900 (1 inst); ScaleAddition_E5M2_to_E2M3_scale_UE5M3_wide10: 569.0160 (1 inst); ScaleToFP15b_E5M2_x_E2M3_UE5M3_wide18: 371.4480 (1 inst),3.189000e-03,CustomOperator_E5M2_to_E2M3_0: 1.700e-05 (1 inst); CustomOperator_E5M2_to_E2M3_1: 1.690e-05 (1 inst); CustomOperator_E5M2_to_E2M3_2: 2.200e-05 (1 inst); CustomOperator_E5M2_to_E2M3_3: 2.130e-05 (1 inst); FPNAdder: 4.650e-04 (1 inst); FixedFPTree_exp7_mant7_out10_vec4_range31: 2.060e-03 (1 inst); SNPS_CLOCK_GATE: 6.020e-07 (1 inst); ScaleAddition_E5M2_to_E2M3_scale_UE5M3_wide10: 3.540e-04 (1 inst); ScaleToFP15b_E5M2_x_E2M3_UE5M3_wide18: 2.120e-04 (1 inst),1.527000e-03,CustomOperator_E5M2_to_E2M3_0: 2.140e-05 (1 inst); CustomOperator_E5M2_to_E2M3_1: 2.140e-05 (1 inst); CustomOperator_E5M2_to_E2M3_2: 2.900e-05 (1 inst); CustomOperator_E5M2_to_E2M3_3: 2.850e-05 (1 inst); FPNAdder: 2.530e-04 (1 inst); FixedFPTree_exp7_mant7_out10_vec4_range31: 8.250e-04 (1 inst); SNPS_CLOCK_GATE: 6.630e-06 (1 inst); ScaleAddition_E5M2_to_E2M3_scale_UE5M3_wide10: 1.780e-04 (1 inst); ScaleToFP15b_E5M2_x_E2M3_UE5M3_wide18: 9.590e-05 (1 inst),2.0000,500.0,1059,0.372,0.0366,2048,1,5freq
baseline_act-INT8_w-E4M3_UE4M4,baseline,INT8,E4M3,UE4M4,500,true,0.0000,6218.729999,CustomOperator_INT8_to_E4M3_0: 90.5940 (1 inst); CustomOperator_INT8_to_E4M3_1: 94.2480 (1 inst); CustomOperator_INT8_to_E4M3_2: 109.4940 (1 inst); CustomOperator_INT8_to_E4M3_3: 111.5100 (1 inst); FPNAdder: 1140.3000 (1 inst); FixedFPTree_exp7_mant11_out12_vec4_range14: 3256.2180 (1 inst); SNPS_CLOCK_GATE: 1.8900 (1 inst); ScaleAddition_INT8_to_E4M3_scale_UE4M4_wide12: 798.4620 (1 inst); ScaleToFP19b_INT8_x_E4M3_UE4M4_wide22: 508.6620 (1 inst),3.786000e-03,CustomOperator_INT8_to_E4M3_0: 3.710e-05 (1 inst); CustomOperator_INT8_to_E4M3_1: 4.060e-05 (1 inst); CustomOperator_INT8_to_E4M3_2: 4.520e-05 (1 inst); CustomOperator_INT8_to_E4M3_3: 4.390e-05 (1 inst); FPNAdder: 5.920e-04 (1 inst); FixedFPTree_exp7_mant11_out12_vec4_range14: 2.030e-03 (1 inst); SNPS_CLOCK_GATE: 6.460e-07 (1 inst); ScaleAddition_INT8_to_E4M3_scale_UE4M4_wide12: 6.490e-04 (1 inst); ScaleToFP19b_INT8_x_E4M3_UE4M4_wide22: 3.210e-04 (1 inst),1.983000e-03,CustomOperator_INT8_to_E4M3_0: 3.770e-05 (1 inst); CustomOperator_INT8_to_E4M3_1: 4.030e-05 (1 inst); CustomOperator_INT8_to_E4M3_2: 4.710e-05 (1 inst); CustomOperator_INT8_to_E4M3_3: 4.340e-05 (1 inst); FPNAdder: 3.080e-04 (1 inst); FixedFPTree_exp7_mant11_out12_vec4_range14: 9.720e-04 (1 inst); SNPS_CLOCK_GATE: 7.260e-06 (1 inst); ScaleAddition_INT8_to_E4M3_scale_UE4M4_wide12: 3.110e-04 (1 inst); ScaleToFP19b_INT8_x_E4M3_UE4M4_wide22: 1.360e-04 (1 inst),2.0000,500.0,1059,0.372,0.0366,2048,1,5freq
baseline_act-E5M2_w-E4M3_UE7M1,baseline,E5M2,E4M3,UE7M1,500,true,0.0000,6249.348009,CustomOperator_E5M2_to_E4M3_0: 45.1080 (1 inst); CustomOperator_E5M2_to_E4M3_1: 46.8720 (1 inst); CustomOperator_E5M2_to_E4M3_2: 89.8380 (1 inst); CustomOperator_E5M2_to_E4M3_3: 86.0580 (1 inst); FPNAdder: 991.1160 (1 inst); FixedFPTree_exp8_mant7_out14_vec4_range43: 4099.9140 (1 inst); SNPS_CLOCK_GATE: 1.8900 (1 inst); ScaleAddition_E5M2_to_E4M3_scale_UE7M1_wide14: 424.9980 (1 inst); ScaleToFP15b_E5M2_x_E4M3_UE7M1_wide18: 374.8500 (1 inst),2.944000e-03,CustomOperator_E5M2_to_E4M3_0: 1.540e-05 (1 inst); CustomOperator_E5M2_to_E4M3_1: 1.630e-05 (1 inst); CustomOperator_E5M2_to_E4M3_2: 2.860e-05 (1 inst); CustomOperator_E5M2_to_E4M3_3: 2.830e-05 (1 inst); FPNAdder: 4.870e-04 (1 inst); FixedFPTree_exp8_mant7_out14_vec4_range43: 1.840e-03 (1 inst); SNPS_CLOCK_GATE: 6.060e-07 (1 inst); ScaleAddition_E5M2_to_E4M3_scale_UE7M1_wide14: 2.880e-04 (1 inst); ScaleToFP15b_E5M2_x_E4M3_UE7M1_wide18: 2.190e-04 (1 inst),1.410000e-03,CustomOperator_E5M2_to_E4M3_0: 1.610e-05 (1 inst); CustomOperator_E5M2_to_E4M3_1: 1.600e-05 (1 inst); CustomOperator_E5M2_to_E4M3_2: 2.780e-05 (1 inst); CustomOperator_E5M2_to_E4M3_3: 2.690e-05 (1 inst); FPNAdder: 2.430e-04 (1 inst); FixedFPTree_exp8_mant7_out14_vec4_range43: 7.870e-04 (1 inst); SNPS_CLOCK_GATE: 6.630e-06 (1 inst); ScaleAddition_E5M2_to_E4M3_scale_UE7M1_wide14: 1.250e-04 (1 inst); ScaleToFP15b_E5M2_x_E4M3_UE7M1_wide18: 9.640e-05 (1 inst),2.0000,500.0,1059,0.372,0.0366,2048,1,5freq
baseline_act-E5M2_w-E2M3_UE4M4,baseline,E5M2,E2M3,UE4M4,500,true,0.0000,6330.240005,CustomOperator_E5M2_to_E2M3_0: 42.4620 (1 inst); CustomOperator_E5M2_to_E2M3_1: 53.1720 (1 inst); CustomOperator_E5M2_to_E2M3_2: 71.8200 (1 inst); CustomOperator_E5M2_to_E2M3_3: 73.4580 (1 inst); FPNAdder: 934.2900 (1 inst); FixedFPTree_exp7_mant7_out8_vec4_range31: 3934.2240 (1 inst); SNPS_CLOCK_GATE: 1.8900 (1 inst); ScaleAddition_E5M2_to_E2M3_scale_UE4M4_wide8: 757.8900 (1 inst); ScaleToFP15b_E5M2_x_E2M3_UE4M4_wide18: 371.5740 (1 inst),3.276000e-03,CustomOperator_E5M2_to_E2M3_0: 1.520e-05 (1 inst); CustomOperator_E5M2_to_E2M3_1: 1.690e-05 (1 inst); CustomOperator_E5M2_to_E2M3_2: 1.990e-05 (1 inst); CustomOperator_E5M2_to_E2M3_3: 2.100e-05 (1 inst); FPNAdder: 4.890e-04 (1 inst); FixedFPTree_exp7_mant7_out8_vec4_range31: 1.910e-03 (1 inst); SNPS_CLOCK_GATE: 5.950e-07 (1 inst); ScaleAddition_E5M2_to_E2M3_scale_UE4M4_wide8: 5.730e-04 (1 inst); ScaleToFP15b_E5M2_x_E2M3_UE4M4_wide18: 2.180e-04 (1 inst),1.631000e-03,CustomOperator_E5M2_to_E2M3_0: 1.900e-05 (1 inst); CustomOperator_E5M2_to_E2M3_1: 2.130e-05 (1 inst); CustomOperator_E5M2_to_E2M3_2: 2.650e-05 (1 inst); CustomOperator_E5M2_to_E2M3_3: 2.740e-05 (1 inst); FPNAdder: 2.560e-04 (1 inst); FixedFPTree_exp7_mant7_out8_vec4_range31: 8.720e-04 (1 inst); SNPS_CLOCK_GATE: 6.630e-06 (1 inst); ScaleAddition_E5M2_to_E2M3_scale_UE4M4_wide8: 2.360e-04 (1 inst); ScaleToFP15b_E5M2_x_E2M3_UE4M4_wide18: 1.000e-04 (1 inst),2.0000,500.0,1059,0.372,0.0366,2048,1,5freq
baseline_act-E5M2_w-E3M2_UE5M3,baseline,E5M2,E3M2,UE5M3,500,true,0.0000,6528.816004,CustomOperator_E5M2_to_E3M2_0: 42.3360 (1 inst); CustomOperator_E5M2_to_E3M2_1: 53.5500 (1 inst); CustomOperator_E5M2_to_E3M2_2: 107.6040 (1 inst); CustomOperator_E5M2_to_E3M2_3: 107.3520 (1 inst); FPNAdder: 927.9900 (1 inst); FixedFPTree_exp7_mant6_out10_vec4_range35: 4016.2500 (1 inst); SNPS_CLOCK_GATE: 1.8900 (1 inst); ScaleAddition_E5M2_to_E3M2_scale_UE5M3_wide10: 797.3280 (1 inst); ScaleToFP15b_E5M2_x_E3M2_UE5M3_wide18: 389.2140 (1 inst),3.388000e-03,CustomOperator_E5M2_to_E3M2_0: 1.600e-05 (1 inst); CustomOperator_E5M2_to_E3M2_1: 1.850e-05 (1 inst); CustomOperator_E5M2_to_E3M2_2: 3.150e-05 (1 inst); CustomOperator_E5M2_to_E3M2_3: 3.230e-05 (1 inst); FPNAdder: 4.700e-04 (1 inst); FixedFPTree_exp7_mant6_out10_vec4_range35: 2.060e-03 (1 inst); SNPS_CLOCK_GATE: 5.980e-07 (1 inst); ScaleAddition_E5M2_to_E3M2_scale_UE5M3_wide10: 5.260e-04 (1 inst); ScaleToFP15b_E5M2_x_E3M2_UE5M3_wide18: 2.200e-04 (1 inst),1.518000e-03,CustomOperator_E5M2_to_E3M2_0: 1.780e-05 (1 inst); CustomOperator_E5M2_to_E3M2_1: 2.020e-05 (1 inst); CustomOperator_E5M2_to_E3M2_2: 3.410e-05 (1 inst); CustomOperator_E5M2_to_E3M2_3: 3.470e-05 (1 inst); FPNAdder: 2.380e-04 (1 inst); FixedFPTree_exp7_mant6_out10_vec4_range35: 8.100e-04 (1 inst); SNPS_CLOCK_GATE: 6.630e-06 (1 inst); ScaleAddition_E5M2_to_E3M2_scale_UE5M3_wide10: 2.000e-04 (1 inst); ScaleToFP15b_E5M2_x_E3M2_UE5M3_wide18: 9.130e-05 (1 inst),2.0000,500.0,1059,0.372,0.0366,2048,1,5freq
baseline_act-E5M2_w-E3M2_UE4M4,baseline,E5M2,E3M2,UE4M4,500,true,0.0000,6671.700004,CustomOperator_E5M2_to_E3M2_0: 42.4620 (1 inst); CustomOperator_E5M2_to_E3M2_1: 53.8020 (1 inst); CustomOperator_E5M2_to_E3M2_2: 109.9980 (1 inst); CustomOperator_E5M2_to_E3M2_3: 92.9880 (1 inst); FPNAdder: 951.8040 (1 inst); FixedFPTree_exp7_mant6_out8_vec4_range35: 4095.7560 (1 inst); SNPS_CLOCK_GATE: 1.8900 (1 inst); ScaleAddition_E5M2_to_E3M2_scale_UE4M4_wide8: 840.9240 (1 inst); ScaleToFP15b_E5M2_x_E3M2_UE4M4_wide18: 393.1200 (1 inst),3.654000e-03,CustomOperator_E5M2_to_E3M2_0: 1.470e-05 (1 inst); CustomOperator_E5M2_to_E3M2_1: 1.800e-05 (1 inst); CustomOperator_E5M2_to_E3M2_2: 3.380e-05 (1 inst); CustomOperator_E5M2_to_E3M2_3: 3.320e-05 (1 inst); FPNAdder: 5.060e-04 (1 inst); FixedFPTree_exp7_mant6_out8_vec4_range35: 2.190e-03 (1 inst); SNPS_CLOCK_GATE: 5.930e-07 (1 inst); ScaleAddition_E5M2_to_E3M2_scale_UE4M4_wide8: 5.880e-04 (1 inst); ScaleToFP15b_E5M2_x_E3M2_UE4M4_wide18: 2.480e-04 (1 inst),1.588000e-03,CustomOperator_E5M2_to_E3M2_0: 1.650e-05 (1 inst); CustomOperator_E5M2_to_E3M2_1: 1.990e-05 (1 inst); CustomOperator_E5M2_to_E3M2_2: 3.760e-05 (1 inst); CustomOperator_E5M2_to_E3M2_3: 3.420e-05 (1 inst); FPNAdder: 2.500e-04 (1 inst); FixedFPTree_exp7_mant6_out8_vec4_range35: 8.340e-04 (1 inst); SNPS_CLOCK_GATE: 6.630e-06 (1 inst); ScaleAddition_E5M2_to_E3M2_scale_UE4M4_wide8: 2.190e-04 (1 inst); ScaleToFP15b_E5M2_x_E3M2_UE4M4_wide18: 1.020e-04 (1 inst),2.0000,500.0,1059,0.372,0.0366,2048,1,5freq
baseline_act-E5M2_w-E3M2_UE4M3,baseline,E5M2,E3M2,UE4M3,500,true,0.0000,6898.500003,CustomOperator_E5M2_to_E3M2_0: 43.5960 (1 inst); CustomOperator_E5M2_to_E3M2_1: 55.4400 (1 inst); CustomOperator_E5M2_to_E3M2_2: 117.9360 (1 inst); CustomOperator_E5M2_to_E3M2_3: 133.0560 (1 inst); FPNAdder: 941.0940 (1 inst); FixedFPTree_exp7_mant6_out10_vec4_range35: 4412.8980 (1 inst); SNPS_CLOCK_GATE: 1.8900 (1 inst); ScaleAddition_E5M2_to_E3M2_scale_UE4M3_wide10: 752.2200 (1 inst); ScaleToFP15b_E5M2_x_E3M2_UE4M3_wide18: 354.6900 (1 inst),3.541000e-03,CustomOperator_E5M2_to_E3M2_0: 1.660e-05 (1 inst); CustomOperator_E5M2_to_E3M2_1: 1.950e-05 (1 inst); CustomOperator_E5M2_to_E3M2_2: 3.680e-05 (1 inst); CustomOperator_E5M2_to_E3M2_3: 4.120e-05 (1 inst); FPNAdder: 4.720e-04 (1 inst); FixedFPTree_exp7_mant6_out10_vec4_range35: 2.240e-03 (1 inst); SNPS_CLOCK_GATE: 6.060e-07 (1 inst); ScaleAddition_E5M2_to_E3M2_scale_UE4M3_wide10: 4.960e-04 (1 inst); ScaleToFP15b_E5M2_x_E3M2_UE4M3_wide18: 2.040e-04 (1 inst),1.583000e-03,CustomOperator_E5M2_to_E3M2_0: 1.850e-05 (1 inst); CustomOperator_E5M2_to_E3M2_1: 2.110e-05 (1 inst); CustomOperator_E5M2_to_E3M2_2: 3.990e-05 (1 inst); CustomOperator_E5M2_to_E3M2_3: 4.380e-05 (1 inst); FPNAdder: 2.430e-04 (1 inst); FixedFPTree_exp7_mant6_out10_vec4_range35: 8.800e-04 (1 inst); SNPS_CLOCK_GATE: 6.630e-06 (1 inst); ScaleAddition_E5M2_to_E3M2_scale_UE4M3_wide10: 1.840e-04 (1 inst); ScaleToFP15b_E5M2_x_E3M2_UE4M3_wide18: 8.320e-05 (1 inst),2.0000,500.0,1059,0.372,0.0366,2048,1,5freq
baseline_act-INT8_w-E5M2_UE4M4,baseline,INT8,E5M2,UE4M4,500,true,0.0000,7148.358003,CustomOperator_INT8_to_E5M2_0: 72.8280 (1 inst); CustomOperator_INT8_to_E5M2_1: 95.1300 (1 inst); CustomOperator_INT8_to_E5M2_2: 96.1380 (1 inst); CustomOperator_INT8_to_E5M2_3: 103.9500 (1 inst); FPNAdder: 1139.4180 (1 inst); FixedFPTree_exp8_mant10_out12_vec4_range29: 4061.6100 (1 inst); SNPS_CLOCK_GATE: 1.8900 (1 inst); ScaleAddition_INT8_to_E5M2_scale_UE4M4_wide12: 969.1920 (1 inst); ScaleToFP19b_INT8_x_E5M2_UE4M4_wide22: 508.7880 (1 inst),4.179000e-03,CustomOperator_INT8_to_E5M2_0: 3.010e-05 (1 inst); CustomOperator_INT8_to_E5M2_1: 3.480e-05 (1 inst); CustomOperator_INT8_to_E5M2_2: 3.470e-05 (1 inst); CustomOperator_INT8_to_E5M2_3: 3.950e-05 (1 inst); FPNAdder: 6.010e-04 (1 inst); FixedFPTree_exp8_mant10_out12_vec4_range29: 2.320e-03 (1 inst); SNPS_CLOCK_GATE: 6.530e-07 (1 inst); ScaleAddition_INT8_to_E5M2_scale_UE4M4_wide12: 7.820e-04 (1 inst); ScaleToFP19b_INT8_x_E5M2_UE4M4_wide22: 3.120e-04 (1 inst),1.945000e-03,CustomOperator_INT8_to_E5M2_0: 3.280e-05 (1 inst); CustomOperator_INT8_to_E5M2_1: 3.660e-05 (1 inst); CustomOperator_INT8_to_E5M2_2: 3.470e-05 (1 inst); CustomOperator_INT8_to_E5M2_3: 3.370e-05 (1 inst); FPNAdder: 3.050e-04 (1 inst); FixedFPTree_exp8_mant10_out12_vec4_range29: 9.350e-04 (1 inst); SNPS_CLOCK_GATE: 7.260e-06 (1 inst); ScaleAddition_INT8_to_E5M2_scale_UE4M4_wide12: 3.520e-04 (1 inst); ScaleToFP19b_INT8_x_E5M2_UE4M4_wide22: 1.290e-04 (1 inst),2.0000,500.0,1059,0.372,0.0366,2048,1,5freq
baseline_act-INT8_w-E5M2_UE4M3,baseline,INT8,E5M2,UE4M3,500,true,0.0000,7238.826008,CustomOperator_INT8_to_E5M2_0: 82.0260 (1 inst); CustomOperator_INT8_to_E5M2_1: 92.9880 (1 inst); CustomOperator_INT8_to_E5M2_2: 105.3360 (1 inst); CustomOperator_INT8_to_E5M2_3: 102.0600 (1 inst); FPNAdder: 1218.6720 (1 inst); FixedFPTree_exp8_mant10_out14_vec4_range29: 4144.8960 (1 inst); SNPS_CLOCK_GATE: 1.8900 (1 inst); ScaleAddition_INT8_to_E5M2_scale_UE4M3_wide14: 903.2940 (1 inst); ScaleToFP19b_INT8_x_E5M2_UE4M3_wide22: 482.4540 (1 inst),4.205000e-03,CustomOperator_INT8_to_E5M2_0: 3.740e-05 (1 inst); CustomOperator_INT8_to_E5M2_1: 3.470e-05 (1 inst); CustomOperator_INT8_to_E5M2_2: 3.730e-05 (1 inst); CustomOperator_INT8_to_E5M2_3: 3.540e-05 (1 inst); FPNAdder: 6.040e-04 (1 inst); FixedFPTree_exp8_mant10_out14_vec4_range29: 2.490e-03 (1 inst); SNPS_CLOCK_GATE: 6.530e-07 (1 inst); ScaleAddition_INT8_to_E5M2_scale_UE4M3_wide14: 6.620e-04 (1 inst); ScaleToFP19b_INT8_x_E5M2_UE4M3_wide22: 2.810e-04 (1 inst),1.942000e-03,CustomOperator_INT8_to_E5M2_0: 3.910e-05 (1 inst); CustomOperator_INT8_to_E5M2_1: 3.520e-05 (1 inst); CustomOperator_INT8_to_E5M2_2: 3.370e-05 (1 inst); CustomOperator_INT8_to_E5M2_3: 3.150e-05 (1 inst); FPNAdder: 3.190e-04 (1 inst); FixedFPTree_exp8_mant10_out14_vec4_range29: 9.460e-04 (1 inst); SNPS_CLOCK_GATE: 7.260e-06 (1 inst); ScaleAddition_INT8_to_E5M2_scale_UE4M3_wide14: 3.180e-04 (1 inst); ScaleToFP19b_INT8_x_E5M2_UE4M3_wide22: 1.370e-04 (1 inst),2.0000,500.0,1059,0.372,0.0366,2048,1,5freq
baseline_act-INT8_w-E5M2_UE5M3,baseline,INT8,E5M2,UE5M3,500,true,0.0000,7267.554006,CustomOperator_INT8_to_E5M2_0: 70.9380 (1 inst); CustomOperator_INT8_to_E5M2_1: 86.4360 (1 inst); CustomOperator_INT8_to_E5M2_2: 101.3040 (1 inst); CustomOperator_INT8_to_E5M2_3: 92.4840 (1 inst); FPNAdder: 1249.0380 (1 inst); FixedFPTree_exp8_mant10_out14_vec4_range29: 4191.2640 (1 inst); SNPS_CLOCK_GATE: 1.8900 (1 inst); ScaleAddition_INT8_to_E5M2_scale_UE5M3_wide14: 898.7580 (1 inst); ScaleToFP19b_INT8_x_E5M2_UE5M3_wide22: 479.8080 (1 inst),4.261000e-03,CustomOperator_INT8_to_E5M2_0: 2.870e-05 (1 inst); CustomOperator_INT8_to_E5M2_1: 3.230e-05 (1 inst); CustomOperator_INT8_to_E5M2_2: 3.790e-05 (1 inst); CustomOperator_INT8_to_E5M2_3: 3.520e-05 (1 inst); FPNAdder: 6.420e-04 (1 inst); FixedFPTree_exp8_mant10_out14_vec4_range29: 2.530e-03 (1 inst); SNPS_CLOCK_GATE: 6.460e-07 (1 inst); ScaleAddition_INT8_to_E5M2_scale_UE5M3_wide14: 6.550e-04 (1 inst); ScaleToFP19b_INT8_x_E5M2_UE5M3_wide22: 2.860e-04 (1 inst),1.984000e-03,CustomOperator_INT8_to_E5M2_0: 2.830e-05 (1 inst); CustomOperator_INT8_to_E5M2_1: 3.380e-05 (1 inst); CustomOperator_INT8_to_E5M2_2: 3.490e-05 (1 inst); CustomOperator_INT8_to_E5M2_3: 3.210e-05 (1 inst); FPNAdder: 3.410e-04 (1 inst); FixedFPTree_exp8_mant10_out14_vec4_range29: 9.550e-04 (1 inst); SNPS_CLOCK_GATE: 7.260e-06 (1 inst); ScaleAddition_INT8_to_E5M2_scale_UE5M3_wide14: 3.420e-04 (1 inst); ScaleToFP19b_INT8_x_E5M2_UE5M3_wide22: 1.330e-04 (1 inst),2.0000,500.0,1059,0.372,0.0366,2048,1,5freq
baseline_act-E5M2_w-E4M3_UE6M2,baseline,E5M2,E4M3,UE6M2,500,true,0.0000,7636.356002,CustomOperator_E5M2_to_E4M3_0: 48.8880 (1 inst); CustomOperator_E5M2_to_E4M3_1: 49.2660 (1 inst); CustomOperator_E5M2_to_E4M3_2: 91.7280 (1 inst); CustomOperator_E5M2_to_E4M3_3: 101.5560 (1 inst); FPNAdder: 924.0840 (1 inst); FixedFPTree_exp8_mant7_out12_vec4_range43: 5286.4560 (1 inst); SNPS_CLOCK_GATE: 1.8900 (1 inst); ScaleAddition_E5M2_to_E4M3_scale_UE6M2_wide12: 655.5780 (1 inst); ScaleToFP15b_E5M2_x_E4M3_UE6M2_wide18: 392.6160 (1 inst),3.643000e-03,CustomOperator_E5M2_to_E4M3_0: 1.910e-05 (1 inst); CustomOperator_E5M2_to_E4M3_1: 2.070e-05 (1 inst); CustomOperator_E5M2_to_E4M3_2: 2.980e-05 (1 inst); CustomOperator_E5M2_to_E4M3_3: 3.480e-05 (1 inst); FPNAdder: 4.800e-04 (1 inst); FixedFPTree_exp8_mant7_out12_vec4_range43: 2.310e-03 (1 inst); SNPS_CLOCK_GATE: 6.050e-07 (1 inst); ScaleAddition_E5M2_to_E4M3_scale_UE6M2_wide12: 4.720e-04 (1 inst); ScaleToFP15b_E5M2_x_E4M3_UE6M2_wide18: 2.550e-04 (1 inst),1.696000e-03,CustomOperator_E5M2_to_E4M3_0: 1.930e-05 (1 inst); CustomOperator_E5M2_to_E4M3_1: 1.990e-05 (1 inst); CustomOperator_E5M2_to_E4M3_2: 2.990e-05 (1 inst); CustomOperator_E5M2_to_E4M3_3: 3.350e-05 (1 inst); FPNAdder: 2.460e-04 (1 inst); FixedFPTree_exp8_mant7_out12_vec4_range43: 9.950e-04 (1 inst); SNPS_CLOCK_GATE: 6.630e-06 (1 inst); ScaleAddition_E5M2_to_E4M3_scale_UE6M2_wide12: 1.710e-04 (1 inst); ScaleToFP15b_E5M2_x_E4M3_UE6M2_wide18: 1.070e-04 (1 inst),2.0000,500.0,1059,0.372,0.0366,2048,1,5freq
baseline_act-E5M2_w-E5M2_UE7M1,baseline,E5M2,E5M2,UE7M1,500,true,0.0000,8349.516012,CustomOperator_E5M2_to_E5M2_0: 47.1240 (1 inst); CustomOperator_E5M2_to_E5M2_1: 51.1560 (1 inst); CustomOperator_E5M2_to_E5M2_2: 98.9100 (1 inst); CustomOperator_E5M2_to_E5M2_3: 102.1860 (1 inst); FPNAdder: 1101.2400 (1 inst); FixedFPTree_exp8_mant6_out16_vec4_range58: 5920.4880 (1 inst); SNPS_CLOCK_GATE: 1.8900 (1 inst); ScaleAddition_E5M2_to_E5M2_scale_UE7M1_wide16: 496.1880 (1 inst); ScaleToFP17b_E5M2_x_E5M2_UE7M1_wide20: 437.7240 (1 inst),3.679000e-03,CustomOperator_E5M2_to_E5M2_0: 1.700e-05 (1 inst); CustomOperator_E5M2_to_E5M2_1: 1.820e-05 (1 inst); CustomOperator_E5M2_to_E5M2_2: 3.540e-05 (1 inst); CustomOperator_E5M2_to_E5M2_3: 3.160e-05 (1 inst); FPNAdder: 5.350e-04 (1 inst); FixedFPTree_exp8_mant6_out16_vec4_range58: 2.450e-03 (1 inst); SNPS_CLOCK_GATE: 6.280e-07 (1 inst); ScaleAddition_E5M2_to_E5M2_scale_UE7M1_wide16: 3.130e-04 (1 inst); ScaleToFP17b_E5M2_x_E5M2_UE7M1_wide20: 2.570e-04 (1 inst),1.575000e-03,CustomOperator_E5M2_to_E5M2_0: 1.490e-05 (1 inst); CustomOperator_E5M2_to_E5M2_1: 1.600e-05 (1 inst); CustomOperator_E5M2_to_E5M2_2: 2.900e-05 (1 inst); CustomOperator_E5M2_to_E5M2_3: 2.610e-05 (1 inst); FPNAdder: 2.580e-04 (1 inst); FixedFPTree_exp8_mant6_out16_vec4_range58: 9.260e-04 (1 inst); SNPS_CLOCK_GATE: 6.950e-06 (1 inst); ScaleAddition_E5M2_to_E5M2_scale_UE7M1_wide16: 1.210e-04 (1 inst); ScaleToFP17b_E5M2_x_E5M2_UE7M1_wide20: 1.090e-04 (1 inst),2.0000,500.0,1059,0.372,0.0366,2048,1,5freq
baseline_act-E5M2_w-E4M3_UE4M4,baseline,E5M2,E4M3,UE4M4,500,true,0.0000,8518.356003,CustomOperator_E5M2_to_E4M3_0: 50.0220 (1 inst); CustomOperator_E5M2_to_E4M3_1: 52.2900 (1 inst); CustomOperator_E5M2_to_E4M3_2: 113.2740 (1 inst); CustomOperator_E5M2_to_E4M3_3: 118.9440 (1 inst); FPNAdder: 1088.2620 (1 inst); FixedFPTree_exp8_mant7_out8_vec4_range43: 5668.9920 (1 inst); SNPS_CLOCK_GATE: 1.8900 (1 inst); ScaleAddition_E5M2_to_E4M3_scale_UE4M4_wide8: 938.0700 (1 inst); ScaleToFP15b_E5M2_x_E4M3_UE4M4_wide18: 409.7520 (1 inst),4.119000e-03,CustomOperator_E5M2_to_E4M3_0: 1.860e-05 (1 inst); CustomOperator_E5M2_to_E4M3_1: 2.170e-05 (1 inst); CustomOperator_E5M2_to_E4M3_2: 3.550e-05 (1 inst); CustomOperator_E5M2_to_E4M3_3: 3.720e-05 (1 inst); FPNAdder: 5.880e-04 (1 inst); FixedFPTree_exp8_mant7_out8_vec4_range43: 2.460e-03 (1 inst); SNPS_CLOCK_GATE: 6.060e-07 (1 inst); ScaleAddition_E5M2_to_E4M3_scale_UE4M4_wide8: 6.840e-04 (1 inst); ScaleToFP15b_E5M2_x_E4M3_UE4M4_wide18: 2.590e-04 (1 inst),1.930000e-03,CustomOperator_E5M2_to_E4M3_0: 1.770e-05 (1 inst); CustomOperator_E5M2_to_E4M3_1: 2.130e-05 (1 inst); CustomOperator_E5M2_to_E4M3_2: 3.690e-05 (1 inst); CustomOperator_E5M2_to_E4M3_3: 3.570e-05 (1 inst); FPNAdder: 2.960e-04 (1 inst); FixedFPTree_exp8_mant7_out8_vec4_range43: 1.060e-03 (1 inst); SNPS_CLOCK_GATE: 6.630e-06 (1 inst); ScaleAddition_E5M2_to_E4M3_scale_UE4M4_wide8: 2.860e-04 (1 inst); ScaleToFP15b_E5M2_x_E4M3_UE4M4_wide18: 1.030e-04 (1 inst),2.0000,500.0,1059,0.372,0.0366,2048,1,5freq
baseline_act-E5M2_w-E4M3_UE4M3,baseline,E5M2,E4M3,UE4M3,500,true,0.0000,8922.312004,CustomOperator_E5M2_to_E4M3_0: 47.5020 (1 inst); CustomOperator_E5M2_to_E4M3_1: 50.7780 (1 inst); CustomOperator_E5M2_to_E4M3_2: 99.6660 (1 inst); CustomOperator_E5M2_to_E4M3_3: 102.0600 (1 inst); FPNAdder: 1151.0100 (1 inst); FixedFPTree_exp8_mant7_out10_vec4_range43: 6117.9300 (1 inst); SNPS_CLOCK_GATE: 1.8900 (1 inst); ScaleAddition_E5M2_to_E4M3_scale_UE4M3_wide10: 833.1120 (1 inst); ScaleToFP15b_E5M2_x_E4M3_UE4M3_wide18: 428.5260 (1 inst),4.206000e-03,CustomOperator_E5M2_to_E4M3_0: 1.700e-05 (1 inst); CustomOperator_E5M2_to_E4M3_1: 1.670e-05 (1 inst); CustomOperator_E5M2_to_E4M3_2: 3.410e-05 (1 inst); CustomOperator_E5M2_to_E4M3_3: 3.500e-05 (1 inst); FPNAdder: 5.790e-04 (1 inst); FixedFPTree_exp8_mant7_out10_vec4_range43: 2.690e-03 (1 inst); SNPS_CLOCK_GATE: 5.970e-07 (1 inst); ScaleAddition_E5M2_to_E4M3_scale_UE4M3_wide10: 5.710e-04 (1 inst); ScaleToFP15b_E5M2_x_E4M3_UE4M3_wide18: 2.410e-04 (1 inst),2.012000e-03,CustomOperator_E5M2_to_E4M3_0: 1.700e-05 (1 inst); CustomOperator_E5M2_to_E4M3_1: 1.710e-05 (1 inst); CustomOperator_E5M2_to_E4M3_2: 3.420e-05 (1 inst); CustomOperator_E5M2_to_E4M3_3: 3.360e-05 (1 inst); FPNAdder: 3.070e-04 (1 inst); FixedFPTree_exp8_mant7_out10_vec4_range43: 1.160e-03 (1 inst); SNPS_CLOCK_GATE: 6.630e-06 (1 inst); ScaleAddition_E5M2_to_E4M3_scale_UE4M3_wide10: 2.510e-04 (1 inst); ScaleToFP15b_E5M2_x_E4M3_UE4M3_wide18: 1.170e-04 (1 inst),2.0000,500.0,1059,0.372,0.0366,2048,1,5freq
baseline_act-E5M2_w-E4M3_UE5M3,baseline,E5M2,E4M3,UE5M3,500,true,0.0000,8988.461998,CustomOperator_E5M2_to_E4M3_0: 49.0140 (1 inst); CustomOperator_E5M2_to_E4M3_1: 55.5660 (1 inst); CustomOperator_E5M2_to_E4M3_2: 92.7360 (1 inst); CustomOperator_E5M2_to_E4M3_3: 85.4280 (1 inst); FPNAdder: 1066.8420 (1 inst); FixedFPTree_exp8_mant7_out10_vec4_range43: 6081.5160 (1 inst); SNPS_CLOCK_GATE: 1.8900 (1 inst); ScaleAddition_E5M2_to_E4M3_scale_UE5M3_wide10: 960.8760 (1 inst); ScaleToFP15b_E5M2_x_E4M3_UE5M3_wide18: 512.0640 (1 inst),4.250000e-03,CustomOperator_E5M2_to_E4M3_0: 1.560e-05 (1 inst); CustomOperator_E5M2_to_E4M3_1: 1.890e-05 (1 inst); CustomOperator_E5M2_to_E4M3_2: 2.970e-05 (1 inst); CustomOperator_E5M2_to_E4M3_3: 2.760e-05 (1 inst); FPNAdder: 5.350e-04 (1 inst); FixedFPTree_exp8_mant7_out10_vec4_range43: 2.660e-03 (1 inst); SNPS_CLOCK_GATE: 5.920e-07 (1 inst); ScaleAddition_E5M2_to_E4M3_scale_UE5M3_wide10: 6.550e-04 (1 inst); ScaleToFP15b_E5M2_x_E4M3_UE5M3_wide18: 2.890e-04 (1 inst),2.020000e-03,CustomOperator_E5M2_to_E4M3_0: 1.630e-05 (1 inst); CustomOperator_E5M2_to_E4M3_1: 1.920e-05 (1 inst); CustomOperator_E5M2_to_E4M3_2: 2.880e-05 (1 inst); CustomOperator_E5M2_to_E4M3_3: 2.840e-05 (1 inst); FPNAdder: 2.780e-04 (1 inst); FixedFPTree_exp8_mant7_out10_vec4_range43: 1.150e-03 (1 inst); SNPS_CLOCK_GATE: 6.630e-06 (1 inst); ScaleAddition_E5M2_to_E4M3_scale_UE5M3_wide10: 2.820e-04 (1 inst); ScaleToFP15b_E5M2_x_E4M3_UE5M3_wide18: 1.400e-04 (1 inst),2.0000,500.0,1059,0.372,0.0366,2048,1,5freq
baseline_act-E5M2_w-E5M2_UE6M2,baseline,E5M2,E5M2,UE6M2,500,true,-0.0400,10884.510003,CustomOperator_E5M2_to_E5M2_0: 46.1160 (1 inst); CustomOperator_E5M2_to_E5M2_1: 54.1800 (1 inst); CustomOperator_E5M2_to_E5M2_2: 106.0920 (1 inst); CustomOperator_E5M2_to_E5M2_3: 103.1940 (1 inst); FPNAdder: 1177.5960 (1 inst); FixedFPTree_exp8_mant6_out14_vec4_range58: 7884.7020 (1 inst); SNPS_CLOCK_GATE: 1.8900 (1 inst); ScaleAddition_E5M2_to_E5M2_scale_UE6M2_wide14: 891.9540 (1 inst); ScaleToFP17b_E5M2_x_E5M2_UE6M2_wide20: 524.6640 (1 inst),4.925000e-03,CustomOperator_E5M2_to_E5M2_0: 1.930e-05 (1 inst); CustomOperator_E5M2_to_E5M2_1: 2.040e-05 (1 inst); CustomOperator_E5M2_to_E5M2_2: 3.580e-05 (1 inst); CustomOperator_E5M2_to_E5M2_3: 3.360e-05 (1 inst); FPNAdder: 5.900e-04 (1 inst); FixedFPTree_exp8_mant6_out14_vec4_range58: 3.260e-03 (1 inst); SNPS_CLOCK_GATE: 6.230e-07 (1 inst); ScaleAddition_E5M2_to_E5M2_scale_UE6M2_wide14: 6.000e-04 (1 inst); ScaleToFP17b_E5M2_x_E5M2_UE6M2_wide20: 3.470e-04 (1 inst),2.002000e-03,CustomOperator_E5M2_to_E5M2_0: 1.750e-05 (1 inst); CustomOperator_E5M2_to_E5M2_1: 1.770e-05 (1 inst); CustomOperator_E5M2_to_E5M2_2: 3.250e-05 (1 inst); CustomOperator_E5M2_to_E5M2_3: 2.910e-05 (1 inst); FPNAdder: 2.760e-04 (1 inst); FixedFPTree_exp8_mant6_out14_vec4_range58: 1.200e-03 (1 inst); SNPS_CLOCK_GATE: 6.950e-06 (1 inst); ScaleAddition_E5M2_to_E5M2_scale_UE6M2_wide14: 2.060e-04 (1 inst); ScaleToFP17b_E5M2_x_E5M2_UE6M2_wide20: 1.420e-04 (1 inst),2.0400,490.2,1059,0.372,0.0366,2048,1,5freq
baseline_act-E5M2_w-E5M2_UE4M4,baseline,E5M2,E5M2,UE4M4,500,false,-0.0800,11086.614004,CustomOperator_E5M2_to_E5M2_0: 55.3140 (1 inst); CustomOperator_E5M2_to_E5M2_1: 66.6540 (1 inst); CustomOperator_E5M2_to_E5M2_2: 113.0220 (1 inst); CustomOperator_E5M2_to_E5M2_3: 116.2980 (1 inst); FPNAdder: 1209.0960 (1 inst); FixedFPTree_exp8_mant6_out10_vec4_range58: 7768.1520 (1 inst); SNPS_CLOCK_GATE: 1.8900 (1 inst); ScaleAddition_E5M2_to_E5M2_scale_UE4M4_wide10: 1163.7360 (1 inst); ScaleToFP17b_E5M2_x_E5M2_UE4M4_wide20: 491.0220 (1 inst),5.111000e-03,CustomOperator_E5M2_to_E5M2_0: 1.990e-05 (1 inst); CustomOperator_E5M2_to_E5M2_1: 2.390e-05 (1 inst); CustomOperator_E5M2_to_E5M2_2: 3.740e-05 (1 inst); CustomOperator_E5M2_to_E5M2_3: 3.980e-05 (1 inst); FPNAdder: 6.330e-04 (1 inst); FixedFPTree_exp8_mant6_out10_vec4_range58: 3.210e-03 (1 inst); SNPS_CLOCK_GATE: 6.310e-07 (1 inst); ScaleAddition_E5M2_to_E5M2_scale_UE4M4_wide10: 8.090e-04 (1 inst); ScaleToFP17b_E5M2_x_E5M2_UE4M4_wide20: 3.140e-04 (1 inst),2.144000e-03,CustomOperator_E5M2_to_E5M2_0: 1.790e-05 (1 inst); CustomOperator_E5M2_to_E5M2_1: 1.980e-05 (1 inst); CustomOperator_E5M2_to_E5M2_2: 2.920e-05 (1 inst); CustomOperator_E5M2_to_E5M2_3: 3.070e-05 (1 inst); FPNAdder: 3.210e-04 (1 inst); FixedFPTree_exp8_mant6_out10_vec4_range58: 1.210e-03 (1 inst); SNPS_CLOCK_GATE: 6.950e-06 (1 inst); ScaleAddition_E5M2_to_E5M2_scale_UE4M4_wide10: 2.970e-04 (1 inst); ScaleToFP17b_E5M2_x_E5M2_UE4M4_wide20: 1.420e-04 (1 inst),2.0800,480.8,1059,0.372,0.0366,2048,1,5freq
baseline_act-E5M2_w-E5M2_UE5M3,baseline,E5M2,E5M2,UE5M3,500,true,-0.0200,12199.446007,CustomOperator_E5M2_to_E5M2_0: 47.3760 (1 inst); CustomOperator_E5M2_to_E5M2_1: 67.2840 (1 inst); CustomOperator_E5M2_to_E5M2_2: 132.8040 (1 inst); CustomOperator_E5M2_to_E5M2_3: 127.7640 (1 inst); FPNAdder: 1410.0660 (1 inst); FixedFPTree_exp8_mant6_out12_vec4_range58: 8576.1900 (1 inst); SNPS_CLOCK_GATE: 1.8900 (1 inst); ScaleAddition_E5M2_to_E5M2_scale_UE5M3_wide12: 1176.9660 (1 inst); ScaleToFP17b_E5M2_x_E5M2_UE5M3_wide20: 559.0620 (1 inst),5.643000e-03,CustomOperator_E5M2_to_E5M2_0: 1.690e-05 (1 inst); CustomOperator_E5M2_to_E5M2_1: 2.340e-05 (1 inst); CustomOperator_E5M2_to_E5M2_2: 4.410e-05 (1 inst); CustomOperator_E5M2_to_E5M2_3: 4.560e-05 (1 inst); FPNAdder: 7.350e-04 (1 inst); FixedFPTree_exp8_mant6_out12_vec4_range58: 3.560e-03 (1 inst); SNPS_CLOCK_GATE: 6.360e-07 (1 inst); ScaleAddition_E5M2_to_E5M2_scale_UE5M3_wide12: 8.530e-04 (1 inst); ScaleToFP17b_E5M2_x_E5M2_UE5M3_wide20: 3.390e-04 (1 inst),2.405000e-03,CustomOperator_E5M2_to_E5M2_0: 1.600e-05 (1 inst); CustomOperator_E5M2_to_E5M2_1: 2.080e-05 (1 inst); CustomOperator_E5M2_to_E5M2_2: 3.530e-05 (1 inst); CustomOperator_E5M2_to_E5M2_3: 3.700e-05 (1 inst); FPNAdder: 3.490e-04 (1 inst); FixedFPTree_exp8_mant6_out12_vec4_range58: 1.350e-03 (1 inst); SNPS_CLOCK_GATE: 6.950e-06 (1 inst); ScaleAddition_E5M2_to_E5M2_scale_UE5M3_wide12: 3.830e-04 (1 inst); ScaleToFP17b_E5M2_x_E5M2_UE5M3_wide20: 1.390e-04 (1 inst),2.0200,495.0,1059,0.372,0.0366,2048,1,5freq
baseline_act-E5M2_w-E4M3_UE4M3,baseline,E5M2,E4M3,UE4M3,503,true,0.0000,9106.272002,CustomOperator_E5M2_to_E4M3_0: 49.3920 (1 inst); CustomOperator_E5M2_to_E4M3_1: 52.2900 (1 inst); CustomOperator_E5M2_to_E4M3_2: 104.0760 (1 inst); CustomOperator_E5M2_to_E4M3_3: 98.0280 (1 inst); FPNAdder: 1072.8900 (1 inst); FixedFPTree_exp8_mant7_out10_vec4_range43: 6297.2280 (1 inst); SNPS_CLOCK_GATE: 1.8900 (1 inst); ScaleAddition_E5M2_to_E4M3_scale_UE4M3_wide10: 878.0940 (1 inst); ScaleToFP15b_E5M2_x_E4M3_UE4M3_wide18: 465.0660 (1 inst),4.277000e-03,CustomOperator_E5M2_to_E4M3_0: 1.730e-05 (1 inst); CustomOperator_E5M2_to_E4M3_1: 1.750e-05 (1 inst); CustomOperator_E5M2_to_E4M3_2: 3.320e-05 (1 inst); CustomOperator_E5M2_to_E4M3_3: 3.320e-05 (1 inst); FPNAdder: 5.300e-04 (1 inst); FixedFPTree_exp8_mant7_out10_vec4_range43: 2.760e-03 (1 inst); SNPS_CLOCK_GATE: 6.100e-07 (1 inst); ScaleAddition_E5M2_to_E4M3_scale_UE4M3_wide10: 6.030e-04 (1 inst); ScaleToFP15b_E5M2_x_E4M3_UE4M3_wide18: 2.630e-04 (1 inst),2.018000e-03,CustomOperator_E5M2_to_E4M3_0: 1.780e-05 (1 inst); CustomOperator_E5M2_to_E4M3_1: 1.810e-05 (1 inst); CustomOperator_E5M2_to_E4M3_2: 3.340e-05 (1 inst); CustomOperator_E5M2_to_E4M3_3: 3.180e-05 (1 inst); FPNAdder: 2.840e-04 (1 inst); FixedFPTree_exp8_mant7_out10_vec4_range43: 1.160e-03 (1 inst); SNPS_CLOCK_GATE: 6.670e-06 (1 inst); ScaleAddition_E5M2_to_E4M3_scale_UE4M3_wide10: 2.680e-04 (1 inst); ScaleToFP15b_E5M2_x_E4M3_UE4M3_wide18: 1.300e-04 (1 inst),1.9881,503.0,1059,0.372,0.0366,2048,1,atfmax
baseline_act-E5M2_w-E4M3_UE4M4,baseline,E5M2,E4M3,UE4M4,503,true,-0.0100,9939.888007,CustomOperator_E5M2_to_E4M3_0: 48.5100 (1 inst); CustomOperator_E5M2_to_E4M3_1: 50.2740 (1 inst); CustomOperator_E5M2_to_E4M3_2: 108.4860 (1 inst); CustomOperator_E5M2_to_E4M3_3: 110.1240 (1 inst); FPNAdder: 1180.9980 (1 inst); FixedFPTree_exp8_mant7_out8_vec4_range43: 6862.3380 (1 inst); SNPS_CLOCK_GATE: 1.8900 (1 inst); ScaleAddition_E5M2_to_E4M3_scale_UE4M4_wide8: 1044.1620 (1 inst); ScaleToFP15b_E5M2_x_E4M3_UE4M4_wide18: 436.0860 (1 inst),4.826000e-03,CustomOperator_E5M2_to_E4M3_0: 1.830e-05 (1 inst); CustomOperator_E5M2_to_E4M3_1: 1.940e-05 (1 inst); CustomOperator_E5M2_to_E4M3_2: 3.710e-05 (1 inst); CustomOperator_E5M2_to_E4M3_3: 3.840e-05 (1 inst); FPNAdder: 6.320e-04 (1 inst); FixedFPTree_exp8_mant7_out8_vec4_range43: 3.050e-03 (1 inst); SNPS_CLOCK_GATE: 6.040e-07 (1 inst); ScaleAddition_E5M2_to_E4M3_scale_UE4M4_wide8: 7.580e-04 (1 inst); ScaleToFP15b_E5M2_x_E4M3_UE4M4_wide18: 2.520e-04 (1 inst),2.232000e-03,CustomOperator_E5M2_to_E4M3_0: 1.850e-05 (1 inst); CustomOperator_E5M2_to_E4M3_1: 1.840e-05 (1 inst); CustomOperator_E5M2_to_E4M3_2: 3.760e-05 (1 inst); CustomOperator_E5M2_to_E4M3_3: 3.740e-05 (1 inst); FPNAdder: 3.200e-04 (1 inst); FixedFPTree_exp8_mant7_out8_vec4_range43: 1.310e-03 (1 inst); SNPS_CLOCK_GATE: 6.660e-06 (1 inst); ScaleAddition_E5M2_to_E4M3_scale_UE4M4_wide8: 3.150e-04 (1 inst); ScaleToFP15b_E5M2_x_E4M3_UE4M4_wide18: 1.020e-04 (1 inst),1.9981,500.5,1059,0.372,0.0366,2048,1,atfmax
baseline_act-E5M2_w-E4M3_UE5M3,baseline,E5M2,E4M3,UE5M3,511,true,0.0000,9670.499997,CustomOperator_E5M2_to_E4M3_0: 48.8880 (1 inst); CustomOperator_E5M2_to_E4M3_1: 51.9120 (1 inst); CustomOperator_E5M2_to_E4M3_2: 109.9980 (1 inst); CustomOperator_E5M2_to_E4M3_3: 117.6840 (1 inst); FPNAdder: 1184.6520 (1 inst); FixedFPTree_exp8_mant7_out10_vec4_range43: 6622.4340 (1 inst); SNPS_CLOCK_GATE: 1.8900 (1 inst); ScaleAddition_E5M2_to_E4M3_scale_UE5M3_wide10: 946.7640 (1 inst); ScaleToFP15b_E5M2_x_E4M3_UE5M3_wide18: 496.0620 (1 inst),4.586000e-03,CustomOperator_E5M2_to_E4M3_0: 1.790e-05 (1 inst); CustomOperator_E5M2_to_E4M3_1: 1.800e-05 (1 inst); CustomOperator_E5M2_to_E4M3_2: 3.550e-05 (1 inst); CustomOperator_E5M2_to_E4M3_3: 3.880e-05 (1 inst); FPNAdder: 5.970e-04 (1 inst); FixedFPTree_exp8_mant7_out10_vec4_range43: 2.910e-03 (1 inst); SNPS_CLOCK_GATE: 6.060e-07 (1 inst); ScaleAddition_E5M2_to_E4M3_scale_UE5M3_wide10: 6.530e-04 (1 inst); ScaleToFP15b_E5M2_x_E4M3_UE5M3_wide18: 2.950e-04 (1 inst),2.192000e-03,CustomOperator_E5M2_to_E4M3_0: 1.960e-05 (1 inst); CustomOperator_E5M2_to_E4M3_1: 1.820e-05 (1 inst); CustomOperator_E5M2_to_E4M3_2: 3.690e-05 (1 inst); CustomOperator_E5M2_to_E4M3_3: 3.770e-05 (1 inst); FPNAdder: 3.160e-04 (1 inst); FixedFPTree_exp8_mant7_out10_vec4_range43: 1.270e-03 (1 inst); SNPS_CLOCK_GATE: 6.770e-06 (1 inst); ScaleAddition_E5M2_to_E4M3_scale_UE5M3_wide10: 2.810e-04 (1 inst); ScaleToFP15b_E5M2_x_E4M3_UE5M3_wide18: 1.420e-04 (1 inst),1.9569,511.0,1059,0.372,0.0366,2048,1,atfmax
baseline_act-E5M2_w-E5M2_UE4M4,baseline,E5M2,E5M2,UE4M4,511,false,-0.1000,11511.612011,CustomOperator_E5M2_to_E5M2_0: 57.2040 (1 inst); CustomOperator_E5M2_to_E5M2_1: 62.2440 (1 inst); CustomOperator_E5M2_to_E5M2_2: 106.7220 (1 inst); CustomOperator_E5M2_to_E5M2_3: 120.5820 (1 inst); FPNAdder: 1311.9120 (1 inst); FixedFPTree_exp8_mant6_out10_vec4_range58: 7918.5960 (1 inst); SNPS_CLOCK_GATE: 1.8900 (1 inst); ScaleAddition_E5M2_to_E5M2_scale_UE4M4_wide10: 1281.0420 (1 inst); ScaleToFP17b_E5M2_x_E5M2_UE4M4_wide20: 556.5420 (1 inst),5.440000e-03,CustomOperator_E5M2_to_E5M2_0: 1.880e-05 (1 inst); CustomOperator_E5M2_to_E5M2_1: 2.290e-05 (1 inst); CustomOperator_E5M2_to_E5M2_2: 3.760e-05 (1 inst); CustomOperator_E5M2_to_E5M2_3: 3.980e-05 (1 inst); FPNAdder: 6.960e-04 (1 inst); FixedFPTree_exp8_mant6_out10_vec4_range58: 3.320e-03 (1 inst); SNPS_CLOCK_GATE: 6.300e-07 (1 inst); ScaleAddition_E5M2_to_E5M2_scale_UE4M4_wide10: 9.310e-04 (1 inst); ScaleToFP17b_E5M2_x_E5M2_UE4M4_wide20: 3.580e-04 (1 inst),2.302000e-03,CustomOperator_E5M2_to_E5M2_0: 1.630e-05 (1 inst); CustomOperator_E5M2_to_E5M2_1: 1.990e-05 (1 inst); CustomOperator_E5M2_to_E5M2_2: 3.330e-05 (1 inst); CustomOperator_E5M2_to_E5M2_3: 3.270e-05 (1 inst); FPNAdder: 3.560e-04 (1 inst); FixedFPTree_exp8_mant6_out10_vec4_range58: 1.260e-03 (1 inst); SNPS_CLOCK_GATE: 7.100e-06 (1 inst); ScaleAddition_E5M2_to_E5M2_scale_UE4M4_wide10: 3.450e-04 (1 inst); ScaleToFP17b_E5M2_x_E5M2_UE4M4_wide20: 1.570e-04 (1 inst),2.0569,486.2,1059,0.372,0.0366,2048,1,atfmax
baseline_act-E5M2_w-E5M2_UE5M3,baseline,E5M2,E5M2,UE5M3,511,false,-0.0900,12123.972011,CustomOperator_E5M2_to_E5M2_0: 57.8340 (1 inst); CustomOperator_E5M2_to_E5M2_1: 67.1580 (1 inst); CustomOperator_E5M2_to_E5M2_2: 119.1960 (1 inst); CustomOperator_E5M2_to_E5M2_3: 110.5020 (1 inst); FPNAdder: 1318.9680 (1 inst); FixedFPTree_exp8_mant6_out12_vec4_range58: 8489.6280 (1 inst); SNPS_CLOCK_GATE: 1.8900 (1 inst); ScaleAddition_E5M2_to_E5M2_scale_UE5M3_wide12: 1295.7840 (1 inst); ScaleToFP17b_E5M2_x_E5M2_UE5M3_wide20: 564.7320 (1 inst),5.680000e-03,CustomOperator_E5M2_to_E5M2_0: 1.930e-05 (1 inst); CustomOperator_E5M2_to_E5M2_1: 2.350e-05 (1 inst); CustomOperator_E5M2_to_E5M2_2: 4.090e-05 (1 inst); CustomOperator_E5M2_to_E5M2_3: 3.610e-05 (1 inst); FPNAdder: 7.070e-04 (1 inst); FixedFPTree_exp8_mant6_out12_vec4_range58: 3.530e-03 (1 inst); SNPS_CLOCK_GATE: 6.290e-07 (1 inst); ScaleAddition_E5M2_to_E5M2_scale_UE5M3_wide12: 9.520e-04 (1 inst); ScaleToFP17b_E5M2_x_E5M2_UE5M3_wide20: 3.520e-04 (1 inst),2.478000e-03,CustomOperator_E5M2_to_E5M2_0: 1.720e-05 (1 inst); CustomOperator_E5M2_to_E5M2_1: 2.230e-05 (1 inst); CustomOperator_E5M2_to_E5M2_2: 3.550e-05 (1 inst); CustomOperator_E5M2_to_E5M2_3: 3.180e-05 (1 inst); FPNAdder: 3.410e-04 (1 inst); FixedFPTree_exp8_mant6_out12_vec4_range58: 1.380e-03 (1 inst); SNPS_CLOCK_GATE: 7.100e-06 (1 inst); ScaleAddition_E5M2_to_E5M2_scale_UE5M3_wide12: 4.280e-04 (1 inst); ScaleToFP17b_E5M2_x_E5M2_UE5M3_wide20: 1.450e-04 (1 inst),2.0469,488.5,1059,0.372,0.0366,2048,1,atfmax
baseline_act-INT8_w-E5M2_UE4M3,baseline,INT8,E5M2,UE4M3,519,true,0.0000,8860.698003,CustomOperator_INT8_to_E5M2_0: 73.7100 (1 inst); CustomOperator_INT8_to_E5M2_1: 98.7840 (1 inst); CustomOperator_INT8_to_E5M2_2: 104.7060 (1 inst); CustomOperator_INT8_to_E5M2_3: 96.6420 (1 inst); FPNAdder: 1302.3360 (1 inst); FixedFPTree_exp8_mant10_out14_vec4_range29: 5190.1920 (1 inst); SNPS_CLOCK_GATE: 1.8900 (1 inst); ScaleAddition_INT8_to_E5M2_scale_UE4M3_wide14: 1272.7260 (1 inst); ScaleToFP19b_INT8_x_E5M2_UE4M3_wide22: 611.1000 (1 inst),5.341000e-03,CustomOperator_INT8_to_E5M2_0: 3.110e-05 (1 inst); CustomOperator_INT8_to_E5M2_1: 3.530e-05 (1 inst); CustomOperator_INT8_to_E5M2_2: 3.610e-05 (1 inst); CustomOperator_INT8_to_E5M2_3: 3.590e-05 (1 inst); FPNAdder: 7.130e-04 (1 inst); FixedFPTree_exp8_mant10_out14_vec4_range29: 3.050e-03 (1 inst); SNPS_CLOCK_GATE: 6.450e-07 (1 inst); ScaleAddition_INT8_to_E5M2_scale_UE4M3_wide14: 1.020e-03 (1 inst); ScaleToFP19b_INT8_x_E5M2_UE4M3_wide22: 3.970e-04 (1 inst),2.402000e-03,CustomOperator_INT8_to_E5M2_0: 3.540e-05 (1 inst); CustomOperator_INT8_to_E5M2_1: 3.790e-05 (1 inst); CustomOperator_INT8_to_E5M2_2: 3.650e-05 (1 inst); CustomOperator_INT8_to_E5M2_3: 3.380e-05 (1 inst); FPNAdder: 3.560e-04 (1 inst); FixedFPTree_exp8_mant10_out14_vec4_range29: 1.220e-03 (1 inst); SNPS_CLOCK_GATE: 7.540e-06 (1 inst); ScaleAddition_INT8_to_E5M2_scale_UE4M3_wide14: 4.170e-04 (1 inst); ScaleToFP19b_INT8_x_E5M2_UE4M3_wide22: 1.840e-04 (1 inst),1.9268,519.0,1059,0.372,0.0366,2048,1,atfmax
baseline_act-E5M2_w-E2M1_UE4M3,baseline,E5M2,E2M1,UE4M3,522,true,0.0000,6800.472003,CustomOperator_E5M2_to_E2M1_0: 32.1300 (1 inst); CustomOperator_E5M2_to_E2M1_1: 44.6040 (1 inst); CustomOperator_E5M2_to_E2M1_2: 71.6940 (1 inst); CustomOperator_E5M2_to_E2M1_3: 65.7720 (1 inst); FPNAdder: 1009.8900 (1 inst); FixedFPTree_exp7_mant5_out10_vec4_range31: 4263.4620 (1 inst); SNPS_CLOCK_GATE: 1.8900 (1 inst); ScaleAddition_E5M2_to_E2M1_scale_UE4M3_wide10: 826.9380 (1 inst); ScaleToFP15b_E5M2_x_E2M1_UE4M3_wide18: 393.1200 (1 inst),3.420000e-03,CustomOperator_E5M2_to_E2M1_0: 1.090e-05 (1 inst); CustomOperator_E5M2_to_E2M1_1: 1.400e-05 (1 inst); CustomOperator_E5M2_to_E2M1_2: 1.770e-05 (1 inst); CustomOperator_E5M2_to_E2M1_3: 1.710e-05 (1 inst); FPNAdder: 4.990e-04 (1 inst); FixedFPTree_exp7_mant5_out10_vec4_range31: 2.150e-03 (1 inst); SNPS_CLOCK_GATE: 6.040e-07 (1 inst); ScaleAddition_E5M2_to_E2M1_scale_UE4M3_wide10: 4.870e-04 (1 inst); ScaleToFP15b_E5M2_x_E2M1_UE4M3_wide18: 2.090e-04 (1 inst),1.606000e-03,CustomOperator_E5M2_to_E2M1_0: 1.490e-05 (1 inst); CustomOperator_E5M2_to_E2M1_1: 1.880e-05 (1 inst); CustomOperator_E5M2_to_E2M1_2: 2.470e-05 (1 inst); CustomOperator_E5M2_to_E2M1_3: 2.320e-05 (1 inst); FPNAdder: 2.680e-04 (1 inst); FixedFPTree_exp7_mant5_out10_vec4_range31: 8.640e-04 (1 inst); SNPS_CLOCK_GATE: 6.920e-06 (1 inst); ScaleAddition_E5M2_to_E2M1_scale_UE4M3_wide10: 2.220e-04 (1 inst); ScaleToFP15b_E5M2_x_E2M1_UE4M3_wide18: 9.810e-05 (1 inst),1.9157,522.0,1059,0.372,0.0366,2048,1,atfmax
baseline_act-E5M2_w-E3M2_UE4M3,baseline,E5M2,E3M2,UE4M3,522,true,0.0000,8660.862005,CustomOperator_E5M2_to_E3M2_0: 43.2180 (1 inst); CustomOperator_E5M2_to_E3M2_1: 58.4640 (1 inst); CustomOperator_E5M2_to_E3M2_2: 145.7820 (1 inst); CustomOperator_E5M2_to_E3M2_3: 140.7420 (1 inst); FPNAdder: 1193.8500 (1 inst); FixedFPTree_exp7_mant6_out10_vec4_range35: 5563.6560 (1 inst); SNPS_CLOCK_GATE: 1.8900 (1 inst); ScaleAddition_E5M2_to_E3M2_scale_UE4M3_wide10: 961.0020 (1 inst); ScaleToFP15b_E5M2_x_E3M2_UE4M3_wide18: 463.6800 (1 inst),4.504000e-03,CustomOperator_E5M2_to_E3M2_0: 1.810e-05 (1 inst); CustomOperator_E5M2_to_E3M2_1: 2.230e-05 (1 inst); CustomOperator_E5M2_to_E3M2_2: 4.230e-05 (1 inst); CustomOperator_E5M2_to_E3M2_3: 4.420e-05 (1 inst); FPNAdder: 6.200e-04 (1 inst); FixedFPTree_exp7_mant6_out10_vec4_range35: 2.840e-03 (1 inst); SNPS_CLOCK_GATE: 6.010e-07 (1 inst); ScaleAddition_E5M2_to_E3M2_scale_UE4M3_wide10: 6.260e-04 (1 inst); ScaleToFP15b_E5M2_x_E3M2_UE4M3_wide18: 2.690e-04 (1 inst),2.065000e-03,CustomOperator_E5M2_to_E3M2_0: 2.090e-05 (1 inst); CustomOperator_E5M2_to_E3M2_1: 2.610e-05 (1 inst); CustomOperator_E5M2_to_E3M2_2: 5.020e-05 (1 inst); CustomOperator_E5M2_to_E3M2_3: 4.820e-05 (1 inst); FPNAdder: 3.280e-04 (1 inst); FixedFPTree_exp7_mant6_out10_vec4_range35: 1.170e-03 (1 inst); SNPS_CLOCK_GATE: 6.920e-06 (1 inst); ScaleAddition_E5M2_to_E3M2_scale_UE4M3_wide10: 2.360e-04 (1 inst); ScaleToFP15b_E5M2_x_E3M2_UE4M3_wide18: 1.150e-04 (1 inst),1.9157,522.0,1059,0.372,0.0366,2048,1,atfmax
baseline_act-E5M2_w-E2M3_UE4M3,baseline,E5M2,E2M3,UE4M3,524,true,0.0000,7672.895998,CustomOperator_E5M2_to_E2M3_0: 47.8800 (1 inst); CustomOperator_E5M2_to_E2M3_1: 52.4160 (1 inst); CustomOperator_E5M2_to_E2M3_2: 94.3740 (1 inst); CustomOperator_E5M2_to_E2M3_3: 101.4300 (1 inst); FPNAdder: 1119.1320 (1 inst); FixedFPTree_exp7_mant7_out10_vec4_range31: 4751.3340 (1 inst); SNPS_CLOCK_GATE: 1.8900 (1 inst); ScaleAddition_E5M2_to_E2M3_scale_UE4M3_wide10: 911.8620 (1 inst); ScaleToFP15b_E5M2_x_E2M3_UE4M3_wide18: 509.4180 (1 inst),4.089000e-03,CustomOperator_E5M2_to_E2M3_0: 1.790e-05 (1 inst); CustomOperator_E5M2_to_E2M3_1: 1.820e-05 (1 inst); CustomOperator_E5M2_to_E2M3_2: 2.680e-05 (1 inst); CustomOperator_E5M2_to_E2M3_3: 2.760e-05 (1 inst); FPNAdder: 5.680e-04 (1 inst); FixedFPTree_exp7_mant7_out10_vec4_range31: 2.510e-03 (1 inst); SNPS_CLOCK_GATE: 6.130e-07 (1 inst); ScaleAddition_E5M2_to_E2M3_scale_UE4M3_wide10: 6.170e-04 (1 inst); ScaleToFP15b_E5M2_x_E2M3_UE4M3_wide18: 2.900e-04 (1 inst),1.958000e-03,CustomOperator_E5M2_to_E2M3_0: 2.340e-05 (1 inst); CustomOperator_E5M2_to_E2M3_1: 2.340e-05 (1 inst); CustomOperator_E5M2_to_E2M3_2: 3.780e-05 (1 inst); CustomOperator_E5M2_to_E2M3_3: 3.730e-05 (1 inst); FPNAdder: 3.040e-04 (1 inst); FixedFPTree_exp7_mant7_out10_vec4_range31: 1.070e-03 (1 inst); SNPS_CLOCK_GATE: 6.950e-06 (1 inst); ScaleAddition_E5M2_to_E2M3_scale_UE4M3_wide10: 2.660e-04 (1 inst); ScaleToFP15b_E5M2_x_E2M3_UE4M3_wide18: 1.250e-04 (1 inst),1.9084,524.0,1059,0.372,0.0366,2048,1,atfmax
baseline_act-E5M2_w-E5M2_UE6M2,baseline,E5M2,E5M2,UE6M2,524,false,-0.1200,11230.758006,CustomOperator_E5M2_to_E5M2_0: 51.4080 (1 inst); CustomOperator_E5M2_to_E5M2_1: 56.3220 (1 inst); CustomOperator_E5M2_to_E5M2_2: 115.0380 (1 inst); CustomOperator_E5M2_to_E5M2_3: 100.4220 (1 inst); FPNAdder: 1282.3020 (1 inst); FixedFPTree_exp8_mant6_out14_vec4_range58: 8080.0020 (1 inst); SNPS_CLOCK_GATE: 1.8900 (1 inst); ScaleAddition_E5M2_to_E5M2_scale_UE6M2_wide14: 918.5400 (1 inst); ScaleToFP17b_E5M2_x_E5M2_UE6M2_wide20: 524.0340 (1 inst),5.245000e-03,CustomOperator_E5M2_to_E5M2_0: 2.200e-05 (1 inst); CustomOperator_E5M2_to_E5M2_1: 2.320e-05 (1 inst); CustomOperator_E5M2_to_E5M2_2: 3.580e-05 (1 inst); CustomOperator_E5M2_to_E5M2_3: 3.090e-05 (1 inst); FPNAdder: 7.020e-04 (1 inst); FixedFPTree_exp8_mant6_out14_vec4_range58: 3.420e-03 (1 inst); SNPS_CLOCK_GATE: 6.190e-07 (1 inst); ScaleAddition_E5M2_to_E5M2_scale_UE6M2_wide14: 6.440e-04 (1 inst); ScaleToFP17b_E5M2_x_E5M2_UE6M2_wide20: 3.370e-04 (1 inst),2.201000e-03,CustomOperator_E5M2_to_E5M2_0: 2.040e-05 (1 inst); CustomOperator_E5M2_to_E5M2_1: 1.840e-05 (1 inst); CustomOperator_E5M2_to_E5M2_2: 3.070e-05 (1 inst); CustomOperator_E5M2_to_E5M2_3: 2.610e-05 (1 inst); FPNAdder: 3.430e-04 (1 inst); FixedFPTree_exp8_mant6_out14_vec4_range58: 1.310e-03 (1 inst); SNPS_CLOCK_GATE: 7.280e-06 (1 inst); ScaleAddition_E5M2_to_E5M2_scale_UE6M2_wide14: 2.220e-04 (1 inst); ScaleToFP17b_E5M2_x_E5M2_UE6M2_wide20: 1.470e-04 (1 inst),2.0284,493.0,1059,0.372,0.0366,2048,1,atfmax
baseline_act-E5M2_w-E2M3_UE4M4,baseline,E5M2,E2M3,UE4M4,527,true,-0.0300,8740.116005,CustomOperator_E5M2_to_E2M3_0: 44.1000 (1 inst); CustomOperator_E5M2_to_E2M3_1: 58.5900 (1 inst); CustomOperator_E5M2_to_E2M3_2: 105.9660 (1 inst); CustomOperator_E5M2_to_E2M3_3: 112.3920 (1 inst); FPNAdder: 1205.1900 (1 inst); FixedFPTree_exp7_mant7_out8_vec4_range31: 5580.2880 (1 inst); SNPS_CLOCK_GATE: 1.8900 (1 inst); ScaleAddition_E5M2_to_E2M3_scale_UE4M4_wide8: 1078.4340 (1 inst); ScaleToFP15b_E5M2_x_E2M3_UE4M4_wide18: 460.1520 (1 inst),4.772000e-03,CustomOperator_E5M2_to_E2M3_0: 1.560e-05 (1 inst); CustomOperator_E5M2_to_E2M3_1: 2.020e-05 (1 inst); CustomOperator_E5M2_to_E2M3_2: 2.740e-05 (1 inst); CustomOperator_E5M2_to_E2M3_3: 3.100e-05 (1 inst); FPNAdder: 6.530e-04 (1 inst); FixedFPTree_exp7_mant7_out8_vec4_range31: 2.920e-03 (1 inst); SNPS_CLOCK_GATE: 6.070e-07 (1 inst); ScaleAddition_E5M2_to_E2M3_scale_UE4M4_wide8: 7.930e-04 (1 inst); ScaleToFP15b_E5M2_x_E2M3_UE4M4_wide18: 2.950e-04 (1 inst),2.307000e-03,CustomOperator_E5M2_to_E2M3_0: 2.000e-05 (1 inst); CustomOperator_E5M2_to_E2M3_1: 2.650e-05 (1 inst); CustomOperator_E5M2_to_E2M3_2: 3.750e-05 (1 inst); CustomOperator_E5M2_to_E2M3_3: 4.390e-05 (1 inst); FPNAdder: 3.480e-04 (1 inst); FixedFPTree_exp7_mant7_out8_vec4_range31: 1.280e-03 (1 inst); SNPS_CLOCK_GATE: 6.980e-06 (1 inst); ScaleAddition_E5M2_to_E2M3_scale_UE4M4_wide8: 3.370e-04 (1 inst); ScaleToFP15b_E5M2_x_E2M3_UE4M4_wide18: 1.350e-04 (1 inst),1.9275,518.8,1059,0.372,0.0366,2048,1,atfmax
baseline_act-INT8_w-E4M3_UE4M3,baseline,INT8,E4M3,UE4M3,530,true,0.0000,7152.389995,CustomOperator_INT8_to_E4M3_0: 92.6100 (1 inst); CustomOperator_INT8_to_E4M3_1: 100.5480 (1 inst); CustomOperator_INT8_to_E4M3_2: 127.3860 (1 inst); CustomOperator_INT8_to_E4M3_3: 119.5740 (1 inst); FPNAdder: 1161.9720 (1 inst); FixedFPTree_exp7_mant11_out14_vec4_range14: 3788.0640 (1 inst); SNPS_CLOCK_GATE: 1.8900 (1 inst); ScaleAddition_INT8_to_E4M3_scale_UE4M3_wide14: 1129.8420 (1 inst); ScaleToFP19b_INT8_x_E4M3_UE4M3_wide22: 529.9560 (1 inst),4.464000e-03,CustomOperator_INT8_to_E4M3_0: 3.860e-05 (1 inst); CustomOperator_INT8_to_E4M3_1: 4.110e-05 (1 inst); CustomOperator_INT8_to_E4M3_2: 4.500e-05 (1 inst); CustomOperator_INT8_to_E4M3_3: 4.740e-05 (1 inst); FPNAdder: 6.110e-04 (1 inst); FixedFPTree_exp7_mant11_out14_vec4_range14: 2.440e-03 (1 inst); SNPS_CLOCK_GATE: 6.500e-07 (1 inst); ScaleAddition_INT8_to_E4M3_scale_UE4M3_wide14: 9.090e-04 (1 inst); ScaleToFP19b_INT8_x_E4M3_UE4M3_wide22: 3.120e-04 (1 inst),2.327000e-03,CustomOperator_INT8_to_E4M3_0: 4.130e-05 (1 inst); CustomOperator_INT8_to_E4M3_1: 4.190e-05 (1 inst); CustomOperator_INT8_to_E4M3_2: 5.080e-05 (1 inst); CustomOperator_INT8_to_E4M3_3: 5.050e-05 (1 inst); FPNAdder: 2.970e-04 (1 inst); FixedFPTree_exp7_mant11_out14_vec4_range14: 1.190e-03 (1 inst); SNPS_CLOCK_GATE: 7.700e-06 (1 inst); ScaleAddition_INT8_to_E4M3_scale_UE4M3_wide14: 4.120e-04 (1 inst); ScaleToFP19b_INT8_x_E4M3_UE4M3_wide22: 1.520e-04 (1 inst),1.8868,530.0,1059,0.372,0.0366,2048,1,atfmax
baseline_act-INT8_w-E5M2_UE4M4,baseline,INT8,E5M2,UE4M4,530,true,-0.0300,9913.302009,CustomOperator_INT8_to_E5M2_0: 74.8440 (1 inst); CustomOperator_INT8_to_E5M2_1: 85.3020 (1 inst); CustomOperator_INT8_to_E5M2_2: 116.6760 (1 inst); CustomOperator_INT8_to_E5M2_3: 109.3680 (1 inst); FPNAdder: 1435.0140 (1 inst); FixedFPTree_exp8_mant10_out12_vec4_range29: 6026.5800 (1 inst); SNPS_CLOCK_GATE: 1.8900 (1 inst); ScaleAddition_INT8_to_E5M2_scale_UE4M4_wide12: 1397.5920 (1 inst); ScaleToFP19b_INT8_x_E5M2_UE4M4_wide22: 568.2600 (1 inst),6.163000e-03,CustomOperator_INT8_to_E5M2_0: 3.010e-05 (1 inst); CustomOperator_INT8_to_E5M2_1: 3.300e-05 (1 inst); CustomOperator_INT8_to_E5M2_2: 3.980e-05 (1 inst); CustomOperator_INT8_to_E5M2_3: 4.060e-05 (1 inst); FPNAdder: 7.910e-04 (1 inst); FixedFPTree_exp8_mant10_out12_vec4_range29: 3.730e-03 (1 inst); SNPS_CLOCK_GATE: 6.520e-07 (1 inst); ScaleAddition_INT8_to_E5M2_scale_UE4M4_wide12: 1.120e-03 (1 inst); ScaleToFP19b_INT8_x_E5M2_UE4M4_wide22: 3.580e-04 (1 inst),2.819000e-03,CustomOperator_INT8_to_E5M2_0: 3.580e-05 (1 inst); CustomOperator_INT8_to_E5M2_1: 3.640e-05 (1 inst); CustomOperator_INT8_to_E5M2_2: 4.170e-05 (1 inst); CustomOperator_INT8_to_E5M2_3: 4.070e-05 (1 inst); FPNAdder: 4.120e-04 (1 inst); FixedFPTree_exp8_mant10_out12_vec4_range29: 1.470e-03 (1 inst); SNPS_CLOCK_GATE: 7.700e-06 (1 inst); ScaleAddition_INT8_to_E5M2_scale_UE4M4_wide12: 5.350e-04 (1 inst); ScaleToFP19b_INT8_x_E5M2_UE4M4_wide22: 1.530e-04 (1 inst),1.9168,521.7,1059,0.372,0.0366,2048,1,atfmax
baseline_act-E4M3_w-E4M3_UE4M3,baseline,E4M3,E4M3,UE4M3,533,true,0.0000,7309.008000,CustomOperator_E4M3_to_E4M3_0: 58.2120 (1 inst); CustomOperator_E4M3_to_E4M3_1: 69.6780 (1 inst); CustomOperator_E4M3_to_E4M3_2: 134.3160 (1 inst); CustomOperator_E4M3_to_E4M3_3: 137.7180 (1 inst); FPNAdder: 997.9200 (1 inst); FixedFPTree_exp7_mant8_out9_vec4_range28: 4586.7780 (1 inst); SNPS_CLOCK_GATE: 1.8900 (1 inst); ScaleAddition_E4M3_to_E4M3_scale_UE4M3_wide9: 831.9780 (1 inst); ScaleToFP14b_E4M3_x_E4M3_UE4M3_wide17: 409.3740 (1 inst),4.146000e-03,CustomOperator_E4M3_to_E4M3_0: 2.000e-05 (1 inst); CustomOperator_E4M3_to_E4M3_1: 2.740e-05 (1 inst); CustomOperator_E4M3_to_E4M3_2: 4.930e-05 (1 inst); CustomOperator_E4M3_to_E4M3_3: 4.620e-05 (1 inst); FPNAdder: 5.030e-04 (1 inst); FixedFPTree_exp7_mant8_out9_vec4_range28: 2.620e-03 (1 inst); SNPS_CLOCK_GATE: 5.920e-07 (1 inst); ScaleAddition_E4M3_to_E4M3_scale_UE4M3_wide9: 6.200e-04 (1 inst); ScaleToFP14b_E4M3_x_E4M3_UE4M3_wide17: 2.410e-04 (1 inst),2.045000e-03,CustomOperator_E4M3_to_E4M3_0: 2.320e-05 (1 inst); CustomOperator_E4M3_to_E4M3_1: 2.930e-05 (1 inst); CustomOperator_E4M3_to_E4M3_2: 5.280e-05 (1 inst); CustomOperator_E4M3_to_E4M3_3: 4.750e-05 (1 inst); FPNAdder: 2.720e-04 (1 inst); FixedFPTree_exp7_mant8_out9_vec4_range28: 1.140e-03 (1 inst); SNPS_CLOCK_GATE: 6.900e-06 (1 inst); ScaleAddition_E4M3_to_E4M3_scale_UE4M3_wide9: 2.860e-04 (1 inst); ScaleToFP14b_E4M3_x_E4M3_UE4M3_wide17: 1.200e-04 (1 inst),1.8762,533.0,1059,0.372,0.0366,2048,1,atfmax
baseline_act-E4M3_w-E3M2_UE4M4,baseline,E4M3,E3M2,UE4M4,536,true,0.0000,6460.146003,CustomOperator_E4M3_to_E3M2_0: 44.8560 (1 inst); CustomOperator_E4M3_to_E3M2_1: 53.6760 (1 inst); CustomOperator_E4M3_to_E3M2_2: 102.1860 (1 inst); CustomOperator_E4M3_to_E3M2_3: 90.8460 (1 inst); FPNAdder: 916.7760 (1 inst); FixedFPTree_exp7_mant7_out7_vec4_range20: 3911.1660 (1 inst); SNPS_CLOCK_GATE: 1.8900 (1 inst); ScaleAddition_E4M3_to_E3M2_scale_UE4M4_wide7: 904.9320 (1 inst); ScaleToFP14b_E4M3_x_E3M2_UE4M4_wide17: 353.6820 (1 inst),3.701000e-03,CustomOperator_E4M3_to_E3M2_0: 1.680e-05 (1 inst); CustomOperator_E4M3_to_E3M2_1: 1.940e-05 (1 inst); CustomOperator_E4M3_to_E3M2_2: 3.490e-05 (1 inst); CustomOperator_E4M3_to_E3M2_3: 3.520e-05 (1 inst); FPNAdder: 5.060e-04 (1 inst); FixedFPTree_exp7_mant7_out7_vec4_range20: 2.100e-03 (1 inst); SNPS_CLOCK_GATE: 5.920e-07 (1 inst); ScaleAddition_E4M3_to_E3M2_scale_UE4M4_wide7: 7.230e-04 (1 inst); ScaleToFP14b_E4M3_x_E3M2_UE4M4_wide17: 2.450e-04 (1 inst),1.975000e-03,CustomOperator_E4M3_to_E3M2_0: 2.060e-05 (1 inst); CustomOperator_E4M3_to_E3M2_1: 2.170e-05 (1 inst); CustomOperator_E4M3_to_E3M2_2: 4.060e-05 (1 inst); CustomOperator_E4M3_to_E3M2_3: 3.870e-05 (1 inst); FPNAdder: 2.550e-04 (1 inst); FixedFPTree_exp7_mant7_out7_vec4_range20: 1.120e-03 (1 inst); SNPS_CLOCK_GATE: 6.930e-06 (1 inst); ScaleAddition_E4M3_to_E3M2_scale_UE4M4_wide7: 3.110e-04 (1 inst); ScaleToFP14b_E4M3_x_E3M2_UE4M4_wide17: 9.600e-05 (1 inst),1.8657,536.0,1059,0.372,0.0366,2048,1,atfmax
baseline_act-E4M3_w-E4M3_UE5M3,baseline,E4M3,E4M3,UE5M3,539,true,-0.0300,8530.956002,CustomOperator_E4M3_to_E4M3_0: 60.2280 (1 inst); CustomOperator_E4M3_to_E4M3_1: 73.4580 (1 inst); CustomOperator_E4M3_to_E4M3_2: 149.9400 (1 inst); CustomOperator_E4M3_to_E4M3_3: 169.5960 (1 inst); FPNAdder: 1033.9560 (1 inst); FixedFPTree_exp7_mant8_out9_vec4_range28: 5661.0540 (1 inst); SNPS_CLOCK_GATE: 1.8900 (1 inst); ScaleAddition_E4M3_to_E4M3_scale_UE5M3_wide9: 858.6900 (1 inst); ScaleToFP14b_E4M3_x_E4M3_UE5M3_wide17: 437.0940 (1 inst),4.844000e-03,CustomOperator_E4M3_to_E4M3_0: 2.470e-05 (1 inst); CustomOperator_E4M3_to_E4M3_1: 2.640e-05 (1 inst); CustomOperator_E4M3_to_E4M3_2: 5.240e-05 (1 inst); CustomOperator_E4M3_to_E4M3_3: 5.800e-05 (1 inst); FPNAdder: 5.550e-04 (1 inst); FixedFPTree_exp7_mant8_out9_vec4_range28: 3.170e-03 (1 inst); SNPS_CLOCK_GATE: 5.920e-07 (1 inst); ScaleAddition_E4M3_to_E4M3_scale_UE5M3_wide9: 6.580e-04 (1 inst); ScaleToFP14b_E4M3_x_E4M3_UE5M3_wide17: 2.800e-04 (1 inst),2.351000e-03,CustomOperator_E4M3_to_E4M3_0: 2.860e-05 (1 inst); CustomOperator_E4M3_to_E4M3_1: 2.900e-05 (1 inst); CustomOperator_E4M3_to_E4M3_2: 5.440e-05 (1 inst); CustomOperator_E4M3_to_E4M3_3: 6.160e-05 (1 inst); FPNAdder: 2.870e-04 (1 inst); FixedFPTree_exp7_mant8_out9_vec4_range28: 1.400e-03 (1 inst); SNPS_CLOCK_GATE: 6.970e-06 (1 inst); ScaleAddition_E4M3_to_E4M3_scale_UE5M3_wide9: 2.800e-04 (1 inst); ScaleToFP14b_E4M3_x_E4M3_UE5M3_wide17: 1.320e-04 (1 inst),1.8853,530.4,1059,0.372,0.0366,2048,1,atfmax
baseline_act-E4M3_w-E4M3_UE4M4,baseline,E4M3,E4M3,UE4M4,539,true,-0.0400,9043.272006,CustomOperator_E4M3_to_E4M3_0: 69.6780 (1 inst); CustomOperator_E4M3_to_E4M3_1: 74.0880 (1 inst); CustomOperator_E4M3_to_E4M3_2: 154.7280 (1 inst); CustomOperator_E4M3_to_E4M3_3: 150.9480 (1 inst); FPNAdder: 1081.5840 (1 inst); FixedFPTree_exp7_mant8_out8_vec4_range28: 5848.1640 (1 inst); SNPS_CLOCK_GATE: 1.8900 (1 inst); ScaleAddition_E4M3_to_E4M3_scale_UE4M4_wide8: 1087.1280 (1 inst); ScaleToFP14b_E4M3_x_E4M3_UE4M4_wide18: 484.9740 (1 inst),5.192000e-03,CustomOperator_E4M3_to_E4M3_0: 2.600e-05 (1 inst); CustomOperator_E4M3_to_E4M3_1: 2.800e-05 (1 inst); CustomOperator_E4M3_to_E4M3_2: 5.200e-05 (1 inst); CustomOperator_E4M3_to_E4M3_3: 5.210e-05 (1 inst); FPNAdder: 5.930e-04 (1 inst); FixedFPTree_exp7_mant8_out8_vec4_range28: 3.210e-03 (1 inst); SNPS_CLOCK_GATE: 5.930e-07 (1 inst); ScaleAddition_E4M3_to_E4M3_scale_UE4M4_wide8: 8.580e-04 (1 inst); ScaleToFP14b_E4M3_x_E4M3_UE4M4_wide18: 3.430e-04 (1 inst),2.552000e-03,CustomOperator_E4M3_to_E4M3_0: 2.940e-05 (1 inst); CustomOperator_E4M3_to_E4M3_1: 3.080e-05 (1 inst); CustomOperator_E4M3_to_E4M3_2: 5.810e-05 (1 inst); CustomOperator_E4M3_to_E4M3_3: 5.450e-05 (1 inst); FPNAdder: 3.170e-04 (1 inst); FixedFPTree_exp7_mant8_out8_vec4_range28: 1.400e-03 (1 inst); SNPS_CLOCK_GATE: 6.970e-06 (1 inst); ScaleAddition_E4M3_to_E4M3_scale_UE4M4_wide8: 4.220e-04 (1 inst); ScaleToFP14b_E4M3_x_E4M3_UE4M4_wide18: 1.580e-04 (1 inst),1.8953,527.6,1059,0.372,0.0366,2048,1,atfmax
baseline_act-E5M2_w-E2M3_UE5M3,baseline,E5M2,E2M3,UE5M3,539,true,-0.0300,9076.788001,CustomOperator_E5M2_to_E2M3_0: 50.5260 (1 inst); CustomOperator_E5M2_to_E2M3_1: 61.6140 (1 inst); CustomOperator_E5M2_to_E2M3_2: 107.6040 (1 inst); CustomOperator_E5M2_to_E2M3_3: 100.8000 (1 inst); FPNAdder: 1202.0400 (1 inst); FixedFPTree_exp7_mant7_out10_vec4_range31: 5832.0360 (1 inst); SNPS_CLOCK_GATE: 1.8900 (1 inst); ScaleAddition_E5M2_to_E2M3_scale_UE5M3_wide10: 1090.5300 (1 inst); ScaleToFP15b_E5M2_x_E2M3_UE5M3_wide18: 542.6820 (1 inst),4.946000e-03,CustomOperator_E5M2_to_E2M3_0: 1.710e-05 (1 inst); CustomOperator_E5M2_to_E2M3_1: 1.920e-05 (1 inst); CustomOperator_E5M2_to_E2M3_2: 3.080e-05 (1 inst); CustomOperator_E5M2_to_E2M3_3: 2.760e-05 (1 inst); FPNAdder: 6.290e-04 (1 inst); FixedFPTree_exp7_mant7_out10_vec4_range31: 3.130e-03 (1 inst); SNPS_CLOCK_GATE: 6.080e-07 (1 inst); ScaleAddition_E5M2_to_E2M3_scale_UE5M3_wide10: 7.370e-04 (1 inst); ScaleToFP15b_E5M2_x_E2M3_UE5M3_wide18: 3.410e-04 (1 inst),2.442000e-03,CustomOperator_E5M2_to_E2M3_0: 2.260e-05 (1 inst); CustomOperator_E5M2_to_E2M3_1: 2.520e-05 (1 inst); CustomOperator_E5M2_to_E2M3_2: 4.430e-05 (1 inst); CustomOperator_E5M2_to_E2M3_3: 4.110e-05 (1 inst); FPNAdder: 3.420e-04 (1 inst); FixedFPTree_exp7_mant7_out10_vec4_range31: 1.360e-03 (1 inst); SNPS_CLOCK_GATE: 7.140e-06 (1 inst); ScaleAddition_E5M2_to_E2M3_scale_UE5M3_wide10: 3.760e-04 (1 inst); ScaleToFP15b_E5M2_x_E2M3_UE5M3_wide18: 1.560e-04 (1 inst),1.8853,530.4,1059,0.372,0.0366,2048,1,atfmax
baseline_act-E5M2_w-E4M3_UE6M2,baseline,E5M2,E4M3,UE6M2,539,false,-0.1300,9128.195999,CustomOperator_E5M2_to_E4M3_0: 52.2900 (1 inst); CustomOperator_E5M2_to_E4M3_1: 58.5900 (1 inst); CustomOperator_E5M2_to_E4M3_2: 106.0920 (1 inst); CustomOperator_E5M2_to_E4M3_3: 100.6740 (1 inst); FPNAdder: 1123.4160 (1 inst); FixedFPTree_exp8_mant7_out12_vec4_range43: 6414.5340 (1 inst); SNPS_CLOCK_GATE: 1.8900 (1 inst); ScaleAddition_E5M2_to_E4M3_scale_UE6M2_wide12: 731.3040 (1 inst); ScaleToFP15b_E5M2_x_E4M3_UE6M2_wide18: 451.9620 (1 inst),4.481000e-03,CustomOperator_E5M2_to_E4M3_0: 1.760e-05 (1 inst); CustomOperator_E5M2_to_E4M3_1: 2.160e-05 (1 inst); CustomOperator_E5M2_to_E4M3_2: 3.320e-05 (1 inst); CustomOperator_E5M2_to_E4M3_3: 3.510e-05 (1 inst); FPNAdder: 6.120e-04 (1 inst); FixedFPTree_exp8_mant7_out12_vec4_range43: 2.880e-03 (1 inst); SNPS_CLOCK_GATE: 6.060e-07 (1 inst); ScaleAddition_E5M2_to_E4M3_scale_UE6M2_wide12: 5.490e-04 (1 inst); ScaleToFP15b_E5M2_x_E4M3_UE6M2_wide18: 3.140e-04 (1 inst),2.130000e-03,CustomOperator_E5M2_to_E4M3_0: 1.880e-05 (1 inst); CustomOperator_E5M2_to_E4M3_1: 2.020e-05 (1 inst); CustomOperator_E5M2_to_E4M3_2: 3.290e-05 (1 inst); CustomOperator_E5M2_to_E4M3_3: 3.560e-05 (1 inst); FPNAdder: 3.220e-04 (1 inst); FixedFPTree_exp8_mant7_out12_vec4_range43: 1.280e-03 (1 inst); SNPS_CLOCK_GATE: 7.140e-06 (1 inst); ScaleAddition_E5M2_to_E4M3_scale_UE6M2_wide12: 2.050e-04 (1 inst); ScaleToFP15b_E5M2_x_E4M3_UE6M2_wide18: 1.350e-04 (1 inst),1.9853,503.7,1059,0.372,0.0366,2048,1,atfmax
baseline_act-INT8_w-E5M2_UE5M3,baseline,INT8,E5M2,UE5M3,539,false,-0.0600,9431.982002,CustomOperator_INT8_to_E5M2_0: 88.4520 (1 inst); CustomOperator_INT8_to_E5M2_1: 104.3280 (1 inst); CustomOperator_INT8_to_E5M2_2: 111.5100 (1 inst); CustomOperator_INT8_to_E5M2_3: 132.6780 (1 inst); FPNAdder: 1331.5680 (1 inst); FixedFPTree_exp8_mant10_out14_vec4_range29: 5571.8460 (1 inst); SNPS_CLOCK_GATE: 1.8900 (1 inst); ScaleAddition_INT8_to_E5M2_scale_UE5M3_wide14: 1333.0800 (1 inst); ScaleToFP19b_INT8_x_E5M2_UE5M3_wide22: 656.0820 (1 inst),5.736000e-03,CustomOperator_INT8_to_E5M2_0: 3.580e-05 (1 inst); CustomOperator_INT8_to_E5M2_1: 3.730e-05 (1 inst); CustomOperator_INT8_to_E5M2_2: 3.970e-05 (1 inst); CustomOperator_INT8_to_E5M2_3: 4.610e-05 (1 inst); FPNAdder: 7.290e-04 (1 inst); FixedFPTree_exp8_mant10_out14_vec4_range29: 3.420e-03 (1 inst); SNPS_CLOCK_GATE: 6.580e-07 (1 inst); ScaleAddition_INT8_to_E5M2_scale_UE5M3_wide14: 9.950e-04 (1 inst); ScaleToFP19b_INT8_x_E5M2_UE5M3_wide22: 4.080e-04 (1 inst),2.698000e-03,CustomOperator_INT8_to_E5M2_0: 4.050e-05 (1 inst); CustomOperator_INT8_to_E5M2_1: 4.230e-05 (1 inst); CustomOperator_INT8_to_E5M2_2: 4.080e-05 (1 inst); CustomOperator_INT8_to_E5M2_3: 4.610e-05 (1 inst); FPNAdder: 3.880e-04 (1 inst); FixedFPTree_exp8_mant10_out14_vec4_range29: 1.340e-03 (1 inst); SNPS_CLOCK_GATE: 7.830e-06 (1 inst); ScaleAddition_INT8_to_E5M2_scale_UE5M3_wide14: 5.260e-04 (1 inst); ScaleToFP19b_INT8_x_E5M2_UE5M3_wide22: 1.840e-04 (1 inst),1.9153,522.1,1059,0.372,0.0366,2048,1,atfmax
baseline_act-E4M3_w-E3M2_UE4M3,baseline,E4M3,E3M2,UE4M3,542,true,0.0000,6517.728000,CustomOperator_E4M3_to_E3M2_0: 49.6440 (1 inst); CustomOperator_E4M3_to_E3M2_1: 55.3140 (1 inst); CustomOperator_E4M3_to_E3M2_2: 101.4300 (1 inst); CustomOperator_E4M3_to_E3M2_3: 108.2340 (1 inst); FPNAdder: 1040.2560 (1 inst); FixedFPTree_exp7_mant7_out9_vec4_range20: 3826.9980 (1 inst); SNPS_CLOCK_GATE: 1.8900 (1 inst); ScaleAddition_E4M3_to_E3M2_scale_UE4M3_wide9: 837.6480 (1 inst); ScaleToFP14b_E4M3_x_E3M2_UE4M3_wide17: 413.5320 (1 inst),3.899000e-03,CustomOperator_E4M3_to_E3M2_0: 1.800e-05 (1 inst); CustomOperator_E4M3_to_E3M2_1: 2.160e-05 (1 inst); CustomOperator_E4M3_to_E3M2_2: 3.710e-05 (1 inst); CustomOperator_E4M3_to_E3M2_3: 3.780e-05 (1 inst); FPNAdder: 5.500e-04 (1 inst); FixedFPTree_exp7_mant7_out9_vec4_range20: 2.290e-03 (1 inst); SNPS_CLOCK_GATE: 5.790e-07 (1 inst); ScaleAddition_E4M3_to_E3M2_scale_UE4M3_wide9: 6.470e-04 (1 inst); ScaleToFP14b_E4M3_x_E3M2_UE4M3_wide17: 2.760e-04 (1 inst),1.936000e-03,CustomOperator_E4M3_to_E3M2_0: 2.180e-05 (1 inst); CustomOperator_E4M3_to_E3M2_1: 2.440e-05 (1 inst); CustomOperator_E4M3_to_E3M2_2: 4.570e-05 (1 inst); CustomOperator_E4M3_to_E3M2_3: 4.160e-05 (1 inst); FPNAdder: 2.740e-04 (1 inst); FixedFPTree_exp7_mant7_out9_vec4_range20: 1.100e-03 (1 inst); SNPS_CLOCK_GATE: 7.010e-06 (1 inst); ScaleAddition_E4M3_to_E3M2_scale_UE4M3_wide9: 2.360e-04 (1 inst); ScaleToFP14b_E4M3_x_E3M2_UE4M3_wide17: 1.150e-04 (1 inst),1.8450,542.0,1059,0.372,0.0366,2048,1,atfmax
baseline_act-E5M2_w-E3M2_UE4M4,baseline,E5M2,E3M2,UE4M4,544,false,-0.0900,9010.890004,CustomOperator_E5M2_to_E3M2_0: 52.1640 (1 inst); CustomOperator_E5M2_to_E3M2_1: 58.4640 (1 inst); CustomOperator_E5M2_to_E3M2_2: 134.5680 (1 inst); CustomOperator_E5M2_to_E3M2_3: 118.9440 (1 inst); FPNAdder: 1176.7140 (1 inst); FixedFPTree_exp7_mant6_out8_vec4_range35: 5855.0940 (1 inst); SNPS_CLOCK_GATE: 1.8900 (1 inst); ScaleAddition_E5M2_to_E3M2_scale_UE4M4_wide8: 1034.3340 (1 inst); ScaleToFP15b_E5M2_x_E3M2_UE4M4_wide18: 495.4320 (1 inst),4.784000e-03,CustomOperator_E5M2_to_E3M2_0: 1.870e-05 (1 inst); CustomOperator_E5M2_to_E3M2_1: 2.010e-05 (1 inst); CustomOperator_E5M2_to_E3M2_2: 4.050e-05 (1 inst); CustomOperator_E5M2_to_E3M2_3: 3.700e-05 (1 inst); FPNAdder: 6.650e-04 (1 inst); FixedFPTree_exp7_mant6_out8_vec4_range35: 2.860e-03 (1 inst); SNPS_CLOCK_GATE: 6.040e-07 (1 inst); ScaleAddition_E5M2_to_E3M2_scale_UE4M4_wide8: 7.900e-04 (1 inst); ScaleToFP15b_E5M2_x_E3M2_UE4M4_wide18: 3.360e-04 (1 inst),2.301000e-03,CustomOperator_E5M2_to_E3M2_0: 2.290e-05 (1 inst); CustomOperator_E5M2_to_E3M2_1: 2.400e-05 (1 inst); CustomOperator_E5M2_to_E3M2_2: 4.710e-05 (1 inst); CustomOperator_E5M2_to_E3M2_3: 4.190e-05 (1 inst); FPNAdder: 3.350e-04 (1 inst); FixedFPTree_exp7_mant6_out8_vec4_range35: 1.310e-03 (1 inst); SNPS_CLOCK_GATE: 7.210e-06 (1 inst); ScaleAddition_E5M2_to_E3M2_scale_UE4M4_wide8: 2.950e-04 (1 inst); ScaleToFP15b_E5M2_x_E3M2_UE4M4_wide18: 1.460e-04 (1 inst),1.9282,518.6,1059,0.372,0.0366,2048,1,atfmax
baseline_act-E5M2_w-E2M1_UE4M4,baseline,E5M2,E2M1,UE4M4,544,true,-0.0400,9022.734001,CustomOperator_E5M2_to_E2M1_0: 40.3200 (1 inst); CustomOperator_E5M2_to_E2M1_1: 43.3440 (1 inst); CustomOperator_E5M2_to_E2M1_2: 104.0760 (1 inst); CustomOperator_E5M2_to_E2M1_3: 113.4000 (1 inst); FPNAdder: 1164.9960 (1 inst); FixedFPTree_exp7_mant5_out8_vec4_range31: 5869.0800 (1 inst); SNPS_CLOCK_GATE: 1.8900 (1 inst); ScaleAddition_E5M2_to_E2M1_scale_UE4M4_wide8: 1051.9740 (1 inst); ScaleToFP15b_E5M2_x_E2M1_UE4M4_wide18: 542.0520 (1 inst),4.550000e-03,CustomOperator_E5M2_to_E2M1_0: 1.400e-05 (1 inst); CustomOperator_E5M2_to_E2M1_1: 1.530e-05 (1 inst); CustomOperator_E5M2_to_E2M1_2: 2.440e-05 (1 inst); CustomOperator_E5M2_to_E2M1_3: 2.660e-05 (1 inst); FPNAdder: 6.480e-04 (1 inst); FixedFPTree_exp7_mant5_out8_vec4_range31: 2.660e-03 (1 inst); SNPS_CLOCK_GATE: 5.970e-07 (1 inst); ScaleAddition_E5M2_to_E2M1_scale_UE4M4_wide8: 7.880e-04 (1 inst); ScaleToFP15b_E5M2_x_E2M1_UE4M4_wide18: 3.540e-04 (1 inst),2.298000e-03,CustomOperator_E5M2_to_E2M1_0: 1.870e-05 (1 inst); CustomOperator_E5M2_to_E2M1_1: 2.060e-05 (1 inst); CustomOperator_E5M2_to_E2M1_2: 3.840e-05 (1 inst); CustomOperator_E5M2_to_E2M1_3: 3.850e-05 (1 inst); FPNAdder: 3.480e-04 (1 inst); FixedFPTree_exp7_mant5_out8_vec4_range31: 1.240e-03 (1 inst); SNPS_CLOCK_GATE: 7.210e-06 (1 inst); ScaleAddition_E5M2_to_E2M1_scale_UE4M4_wide8: 3.300e-04 (1 inst); ScaleToFP15b_E5M2_x_E2M1_UE4M4_wide18: 1.810e-04 (1 inst),1.8782,532.4,1059,0.372,0.0366,2048,1,atfmax
baseline_act-E5M2_w-E3M2_UE5M3,baseline,E5M2,E3M2,UE5M3,544,false,-0.0700,9425.934006,CustomOperator_E5M2_to_E3M2_0: 53.4240 (1 inst); CustomOperator_E5M2_to_E3M2_1: 60.3540 (1 inst); CustomOperator_E5M2_to_E3M2_2: 146.0340 (1 inst); CustomOperator_E5M2_to_E3M2_3: 143.1360 (1 inst); FPNAdder: 1205.9460 (1 inst); FixedFPTree_exp7_mant6_out10_vec4_range35: 6216.4620 (1 inst); SNPS_CLOCK_GATE: 1.8900 (1 inst); ScaleAddition_E5M2_to_E3M2_scale_UE5M3_wide10: 1015.4340 (1 inst); ScaleToFP15b_E5M2_x_E3M2_UE5M3_wide18: 488.6280 (1 inst),5.072000e-03,CustomOperator_E5M2_to_E3M2_0: 1.830e-05 (1 inst); CustomOperator_E5M2_to_E3M2_1: 2.300e-05 (1 inst); CustomOperator_E5M2_to_E3M2_2: 4.220e-05 (1 inst); CustomOperator_E5M2_to_E3M2_3: 4.340e-05 (1 inst); FPNAdder: 6.510e-04 (1 inst); FixedFPTree_exp7_mant6_out10_vec4_range35: 3.290e-03 (1 inst); SNPS_CLOCK_GATE: 6.020e-07 (1 inst); ScaleAddition_E5M2_to_E3M2_scale_UE5M3_wide10: 6.880e-04 (1 inst); ScaleToFP15b_E5M2_x_E3M2_UE5M3_wide18: 2.990e-04 (1 inst),2.307000e-03,CustomOperator_E5M2_to_E3M2_0: 2.250e-05 (1 inst); CustomOperator_E5M2_to_E3M2_1: 2.790e-05 (1 inst); CustomOperator_E5M2_to_E3M2_2: 5.110e-05 (1 inst); CustomOperator_E5M2_to_E3M2_3: 4.960e-05 (1 inst); FPNAdder: 3.450e-04 (1 inst); FixedFPTree_exp7_mant6_out10_vec4_range35: 1.340e-03 (1 inst); SNPS_CLOCK_GATE: 7.210e-06 (1 inst); ScaleAddition_E5M2_to_E3M2_scale_UE5M3_wide10: 2.660e-04 (1 inst); ScaleToFP15b_E5M2_x_E3M2_UE5M3_wide18: 1.250e-04 (1 inst),1.9082,524.1,1059,0.372,0.0366,2048,1,atfmax
baseline_act-INT8_w-E4M3_UE4M4,baseline,INT8,E4M3,UE4M4,550,true,-0.0400,9192.204005,CustomOperator_INT8_to_E4M3_0: 115.7940 (1 inst); CustomOperator_INT8_to_E4M3_1: 113.1480 (1 inst); CustomOperator_INT8_to_E4M3_2: 137.2140 (1 inst); CustomOperator_INT8_to_E4M3_3: 120.4560 (1 inst); FPNAdder: 1477.7280 (1 inst); FixedFPTree_exp7_mant11_out12_vec4_range14: 4981.7880 (1 inst); SNPS_CLOCK_GATE: 1.8900 (1 inst); ScaleAddition_INT8_to_E4M3_scale_UE4M4_wide12: 1530.1440 (1 inst); ScaleToFP19b_INT8_x_E4M3_UE4M4_wide22: 601.5240 (1 inst),5.965000e-03,CustomOperator_INT8_to_E4M3_0: 4.640e-05 (1 inst); CustomOperator_INT8_to_E4M3_1: 5.010e-05 (1 inst); CustomOperator_INT8_to_E4M3_2: 5.850e-05 (1 inst); CustomOperator_INT8_to_E4M3_3: 5.160e-05 (1 inst); FPNAdder: 8.420e-04 (1 inst); FixedFPTree_exp7_mant11_out12_vec4_range14: 3.120e-03 (1 inst); SNPS_CLOCK_GATE: 6.510e-07 (1 inst); ScaleAddition_INT8_to_E4M3_scale_UE4M4_wide12: 1.340e-03 (1 inst); ScaleToFP19b_INT8_x_E4M3_UE4M4_wide22: 4.260e-04 (1 inst),3.210000e-03,CustomOperator_INT8_to_E4M3_0: 5.240e-05 (1 inst); CustomOperator_INT8_to_E4M3_1: 5.390e-05 (1 inst); CustomOperator_INT8_to_E4M3_2: 6.400e-05 (1 inst); CustomOperator_INT8_to_E4M3_3: 5.560e-05 (1 inst); FPNAdder: 4.360e-04 (1 inst); FixedFPTree_exp7_mant11_out12_vec4_range14: 1.610e-03 (1 inst); SNPS_CLOCK_GATE: 7.990e-06 (1 inst); ScaleAddition_INT8_to_E4M3_scale_UE4M4_wide12: 6.550e-04 (1 inst); ScaleToFP19b_INT8_x_E4M3_UE4M4_wide22: 1.820e-04 (1 inst),1.8582,538.2,1059,0.372,0.0366,2048,1,atfmax
baseline_act-E4M3_w-E3M2_UE5M3,baseline,E4M3,E3M2,UE5M3,554,true,0.0000,7169.526002,CustomOperator_E4M3_to_E3M2_0: 45.2340 (1 inst); CustomOperator_E4M3_to_E3M2_1: 61.6140 (1 inst); CustomOperator_E4M3_to_E3M2_2: 122.4720 (1 inst); CustomOperator_E4M3_to_E3M2_3: 117.1800 (1 inst); FPNAdder: 1132.2360 (1 inst); FixedFPTree_exp7_mant7_out9_vec4_range20: 4341.7080 (1 inst); SNPS_CLOCK_GATE: 1.8900 (1 inst); ScaleAddition_E4M3_to_E3M2_scale_UE5M3_wide9: 829.7100 (1 inst); ScaleToFP14b_E4M3_x_E3M2_UE5M3_wide17: 437.4720 (1 inst),4.272000e-03,CustomOperator_E4M3_to_E3M2_0: 1.560e-05 (1 inst); CustomOperator_E4M3_to_E3M2_1: 2.190e-05 (1 inst); CustomOperator_E4M3_to_E3M2_2: 4.020e-05 (1 inst); CustomOperator_E4M3_to_E3M2_3: 3.730e-05 (1 inst); FPNAdder: 6.250e-04 (1 inst); FixedFPTree_exp7_mant7_out9_vec4_range20: 2.550e-03 (1 inst); SNPS_CLOCK_GATE: 5.910e-07 (1 inst); ScaleAddition_E4M3_to_E3M2_scale_UE5M3_wide9: 6.830e-04 (1 inst); ScaleToFP14b_E4M3_x_E3M2_UE5M3_wide17: 2.820e-04 (1 inst),2.134000e-03,CustomOperator_E4M3_to_E3M2_0: 1.880e-05 (1 inst); CustomOperator_E4M3_to_E3M2_1: 2.500e-05 (1 inst); CustomOperator_E4M3_to_E3M2_2: 4.860e-05 (1 inst); CustomOperator_E4M3_to_E3M2_3: 4.270e-05 (1 inst); FPNAdder: 3.020e-04 (1 inst); FixedFPTree_exp7_mant7_out9_vec4_range20: 1.270e-03 (1 inst); SNPS_CLOCK_GATE: 7.160e-06 (1 inst); ScaleAddition_E4M3_to_E3M2_scale_UE5M3_wide9: 2.420e-04 (1 inst); ScaleToFP14b_E4M3_x_E3M2_UE5M3_wide17: 1.130e-04 (1 inst),1.8051,554.0,1059,0.372,0.0366,2048,1,atfmax
baseline_act-E4M3_w-E2M3_UE4M4,baseline,E4M3,E2M3,UE4M4,554,true,-0.0100,7256.592006,CustomOperator_E4M3_to_E2M3_0: 53.4240 (1 inst); CustomOperator_E4M3_to_E2M3_1: 58.4640 (1 inst); CustomOperator_E4M3_to_E2M3_2: 118.3140 (1 inst); CustomOperator_E4M3_to_E2M3_3: 108.2340 (1 inst); FPNAdder: 1133.4960 (1 inst); FixedFPTree_exp7_mant8_out8_vec4_range16: 4209.7860 (1 inst); SNPS_CLOCK_GATE: 1.8900 (1 inst); ScaleAddition_E4M3_to_E2M3_scale_UE4M4_wide8: 1007.2440 (1 inst); ScaleToFP14b_E4M3_x_E2M3_UE4M4_wide18: 483.0840 (1 inst),4.625000e-03,CustomOperator_E4M3_to_E2M3_0: 2.170e-05 (1 inst); CustomOperator_E4M3_to_E2M3_1: 2.140e-05 (1 inst); CustomOperator_E4M3_to_E2M3_2: 3.460e-05 (1 inst); CustomOperator_E4M3_to_E2M3_3: 3.390e-05 (1 inst); FPNAdder: 6.240e-04 (1 inst); FixedFPTree_exp7_mant8_out8_vec4_range16: 2.680e-03 (1 inst); SNPS_CLOCK_GATE: 5.930e-07 (1 inst); ScaleAddition_E4M3_to_E2M3_scale_UE4M4_wide8: 8.330e-04 (1 inst); ScaleToFP14b_E4M3_x_E2M3_UE4M4_wide18: 3.600e-04 (1 inst),2.443000e-03,CustomOperator_E4M3_to_E2M3_0: 2.960e-05 (1 inst); CustomOperator_E4M3_to_E2M3_1: 2.970e-05 (1 inst); CustomOperator_E4M3_to_E2M3_2: 4.880e-05 (1 inst); CustomOperator_E4M3_to_E2M3_3: 4.560e-05 (1 inst); FPNAdder: 3.260e-04 (1 inst); FixedFPTree_exp7_mant8_out8_vec4_range16: 1.320e-03 (1 inst); SNPS_CLOCK_GATE: 7.160e-06 (1 inst); ScaleAddition_E4M3_to_E2M3_scale_UE4M4_wide8: 4.200e-04 (1 inst); ScaleToFP14b_E4M3_x_E2M3_UE4M4_wide18: 1.450e-04 (1 inst),1.8151,550.9,1059,0.372,0.0366,2048,1,atfmax
baseline_act-INT8_w-E4M3_UE5M3,baseline,INT8,E4M3,UE5M3,554,false,-0.0600,8244.557995,CustomOperator_INT8_to_E4M3_0: 95.0040 (1 inst); CustomOperator_INT8_to_E4M3_1: 94.1220 (1 inst); CustomOperator_INT8_to_E4M3_2: 120.7080 (1 inst); CustomOperator_INT8_to_E4M3_3: 118.0620 (1 inst); FPNAdder: 1370.2500 (1 inst); FixedFPTree_exp7_mant11_out14_vec4_range14: 4470.2280 (1 inst); SNPS_CLOCK_GATE: 1.8900 (1 inst); ScaleAddition_INT8_to_E4M3_scale_UE5M3_wide14: 1330.6860 (1 inst); ScaleToFP19b_INT8_x_E4M3_UE5M3_wide22: 542.0520 (1 inst),5.377000e-03,CustomOperator_INT8_to_E4M3_0: 4.040e-05 (1 inst); CustomOperator_INT8_to_E4M3_1: 4.060e-05 (1 inst); CustomOperator_INT8_to_E4M3_2: 5.030e-05 (1 inst); CustomOperator_INT8_to_E4M3_3: 4.770e-05 (1 inst); FPNAdder: 7.690e-04 (1 inst); FixedFPTree_exp7_mant11_out14_vec4_range14: 2.940e-03 (1 inst); SNPS_CLOCK_GATE: 6.490e-07 (1 inst); ScaleAddition_INT8_to_E4M3_scale_UE5M3_wide14: 1.100e-03 (1 inst); ScaleToFP19b_INT8_x_E4M3_UE5M3_wide22: 3.720e-04 (1 inst),2.840000e-03,CustomOperator_INT8_to_E4M3_0: 4.450e-05 (1 inst); CustomOperator_INT8_to_E4M3_1: 4.300e-05 (1 inst); CustomOperator_INT8_to_E4M3_2: 5.590e-05 (1 inst); CustomOperator_INT8_to_E4M3_3: 5.280e-05 (1 inst); FPNAdder: 3.890e-04 (1 inst); FixedFPTree_exp7_mant11_out14_vec4_range14: 1.450e-03 (1 inst); SNPS_CLOCK_GATE: 8.040e-06 (1 inst); ScaleAddition_INT8_to_E4M3_scale_UE5M3_wide14: 5.420e-04 (1 inst); ScaleToFP19b_INT8_x_E4M3_UE5M3_wide22: 1.680e-04 (1 inst),1.8651,536.2,1059,0.372,0.0366,2048,1,atfmax
baseline_act-E5M2_w-E3M2_UE6M2,baseline,E5M2,E3M2,UE6M2,554,false,-0.0800,9319.967994,CustomOperator_E5M2_to_E3M2_0: 57.5820 (1 inst); CustomOperator_E5M2_to_E3M2_1: 57.4560 (1 inst); CustomOperator_E5M2_to_E3M2_2: 154.7280 (1 inst); CustomOperator_E5M2_to_E3M2_3: 155.3580 (1 inst); FPNAdder: 1185.4080 (1 inst); FixedFPTree_exp8_mant6_out12_vec4_range35: 6294.4560 (1 inst); SNPS_CLOCK_GATE: 1.8900 (1 inst); ScaleAddition_E5M2_to_E3M2_scale_UE6M2_wide12: 808.0380 (1 inst); ScaleToFP15b_E5M2_x_E3M2_UE6M2_wide18: 511.6860 (1 inst),5.206000e-03,CustomOperator_E5M2_to_E3M2_0: 2.100e-05 (1 inst); CustomOperator_E5M2_to_E3M2_1: 1.890e-05 (1 inst); CustomOperator_E5M2_to_E3M2_2: 4.910e-05 (1 inst); CustomOperator_E5M2_to_E3M2_3: 4.690e-05 (1 inst); FPNAdder: 6.780e-04 (1 inst); FixedFPTree_exp8_mant6_out12_vec4_range35: 3.420e-03 (1 inst); SNPS_CLOCK_GATE: 6.120e-07 (1 inst); ScaleAddition_E5M2_to_E3M2_scale_UE6M2_wide12: 5.920e-04 (1 inst); ScaleToFP15b_E5M2_x_E3M2_UE6M2_wide18: 3.530e-04 (1 inst),2.374000e-03,CustomOperator_E5M2_to_E3M2_0: 2.660e-05 (1 inst); CustomOperator_E5M2_to_E3M2_1: 2.270e-05 (1 inst); CustomOperator_E5M2_to_E3M2_2: 6.420e-05 (1 inst); CustomOperator_E5M2_to_E3M2_3: 5.500e-05 (1 inst); FPNAdder: 3.350e-04 (1 inst); FixedFPTree_exp8_mant6_out12_vec4_range35: 1.430e-03 (1 inst); SNPS_CLOCK_GATE: 7.340e-06 (1 inst); ScaleAddition_E5M2_to_E3M2_scale_UE6M2_wide12: 2.270e-04 (1 inst); ScaleToFP15b_E5M2_x_E3M2_UE6M2_wide18: 1.370e-04 (1 inst),1.8851,530.5,1059,0.372,0.0366,2048,1,atfmax
baseline_act-E5M2_w-E2M1_UE5M3,baseline,E5M2,E2M1,UE5M3,557,false,-0.0800,8669.556002,CustomOperator_E5M2_to_E2M1_0: 33.1380 (1 inst); CustomOperator_E5M2_to_E2M1_1: 47.5020 (1 inst); CustomOperator_E5M2_to_E2M1_2: 108.6120 (1 inst); CustomOperator_E5M2_to_E2M1_3: 82.7820 (1 inst); FPNAdder: 1181.1240 (1 inst); FixedFPTree_exp7_mant5_out10_vec4_range31: 5680.2060 (1 inst); SNPS_CLOCK_GATE: 1.8900 (1 inst); ScaleAddition_E5M2_to_E2M1_scale_UE5M3_wide10: 1010.0160 (1 inst); ScaleToFP15b_E5M2_x_E2M1_UE5M3_wide18: 431.5500 (1 inst),4.527000e-03,CustomOperator_E5M2_to_E2M1_0: 1.170e-05 (1 inst); CustomOperator_E5M2_to_E2M1_1: 1.680e-05 (1 inst); CustomOperator_E5M2_to_E2M1_2: 2.540e-05 (1 inst); CustomOperator_E5M2_to_E2M1_3: 2.020e-05 (1 inst); FPNAdder: 6.130e-04 (1 inst); FixedFPTree_exp7_mant5_out10_vec4_range31: 2.960e-03 (1 inst); SNPS_CLOCK_GATE: 6.030e-07 (1 inst); ScaleAddition_E5M2_to_E2M1_scale_UE5M3_wide10: 6.120e-04 (1 inst); ScaleToFP15b_E5M2_x_E2M1_UE5M3_wide18: 2.520e-04 (1 inst),2.211000e-03,CustomOperator_E5M2_to_E2M1_0: 1.660e-05 (1 inst); CustomOperator_E5M2_to_E2M1_1: 2.410e-05 (1 inst); CustomOperator_E5M2_to_E2M1_2: 3.740e-05 (1 inst); CustomOperator_E5M2_to_E2M1_3: 2.970e-05 (1 inst); FPNAdder: 3.400e-04 (1 inst); FixedFPTree_exp7_mant5_out10_vec4_range31: 1.240e-03 (1 inst); SNPS_CLOCK_GATE: 7.380e-06 (1 inst); ScaleAddition_E5M2_to_E2M1_scale_UE5M3_wide10: 3.240e-04 (1 inst); ScaleToFP15b_E5M2_x_E2M1_UE5M3_wide18: 1.170e-04 (1 inst),1.8753,533.2,1059,0.372,0.0366,2048,1,atfmax
baseline_act-E4M3_w-E2M1_UE4M3,baseline,E4M3,E2M1,UE4M3,560,true,0.0000,5257.854000,CustomOperator_E4M3_to_E2M1_0: 35.5320 (1 inst); CustomOperator_E4M3_to_E2M1_1: 33.3900 (1 inst); CustomOperator_E4M3_to_E2M1_2: 66.0240 (1 inst); CustomOperator_E4M3_to_E2M1_3: 68.6700 (1 inst); FPNAdder: 871.0380 (1 inst); FixedFPTree_exp7_mant6_out9_vec4_range16: 3012.1560 (1 inst); SNPS_CLOCK_GATE: 1.8900 (1 inst); ScaleAddition_E4M3_to_E2M1_scale_UE4M3_wide9: 739.9980 (1 inst); ScaleToFP14b_E4M3_x_E2M1_UE4M3_wide17: 345.7440 (1 inst),3.104000e-03,CustomOperator_E4M3_to_E2M1_0: 1.370e-05 (1 inst); CustomOperator_E4M3_to_E2M1_1: 1.150e-05 (1 inst); CustomOperator_E4M3_to_E2M1_2: 2.050e-05 (1 inst); CustomOperator_E4M3_to_E2M1_3: 2.040e-05 (1 inst); FPNAdder: 4.680e-04 (1 inst); FixedFPTree_exp7_mant6_out9_vec4_range16: 1.790e-03 (1 inst); SNPS_CLOCK_GATE: 5.870e-07 (1 inst); ScaleAddition_E4M3_to_E2M1_scale_UE4M3_wide9: 5.500e-04 (1 inst); ScaleToFP14b_E4M3_x_E2M1_UE4M3_wide17: 2.150e-04 (1 inst),1.615000e-03,CustomOperator_E4M3_to_E2M1_0: 1.880e-05 (1 inst); CustomOperator_E4M3_to_E2M1_1: 1.650e-05 (1 inst); CustomOperator_E4M3_to_E2M1_2: 2.910e-05 (1 inst); CustomOperator_E4M3_to_E2M1_3: 2.890e-05 (1 inst); FPNAdder: 2.460e-04 (1 inst); FixedFPTree_exp7_mant6_out9_vec4_range16: 8.810e-04 (1 inst); SNPS_CLOCK_GATE: 7.240e-06 (1 inst); ScaleAddition_E4M3_to_E2M1_scale_UE4M3_wide9: 2.220e-04 (1 inst); ScaleToFP14b_E4M3_x_E2M1_UE4M3_wide17: 9.180e-05 (1 inst),1.7857,560.0,1059,0.372,0.0366,2048,1,atfmax
baseline_act-E4M3_w-E2M3_UE4M3,baseline,E4M3,E2M3,UE4M3,560,true,0.0000,6181.308003,CustomOperator_E4M3_to_E2M3_0: 52.6680 (1 inst); CustomOperator_E4M3_to_E2M3_1: 59.5980 (1 inst); CustomOperator_E4M3_to_E2M3_2: 99.9180 (1 inst); CustomOperator_E4M3_to_E2M3_3: 102.1860 (1 inst); FPNAdder: 1015.8120 (1 inst); FixedFPTree_exp7_mant8_out9_vec4_range16: 3599.8200 (1 inst); SNPS_CLOCK_GATE: 1.8900 (1 inst); ScaleAddition_E4M3_to_E2M3_scale_UE4M3_wide9: 772.5060 (1 inst); ScaleToFP14b_E4M3_x_E2M3_UE4M3_wide17: 395.0100 (1 inst),3.821000e-03,CustomOperator_E4M3_to_E2M3_0: 1.900e-05 (1 inst); CustomOperator_E4M3_to_E2M3_1: 2.150e-05 (1 inst); CustomOperator_E4M3_to_E2M3_2: 2.930e-05 (1 inst); CustomOperator_E4M3_to_E2M3_3: 3.280e-05 (1 inst); FPNAdder: 5.390e-04 (1 inst); FixedFPTree_exp7_mant8_out9_vec4_range16: 2.270e-03 (1 inst); SNPS_CLOCK_GATE: 5.850e-07 (1 inst); ScaleAddition_E4M3_to_E2M3_scale_UE4M3_wide9: 6.400e-04 (1 inst); ScaleToFP14b_E4M3_x_E2M3_UE4M3_wide17: 2.530e-04 (1 inst),2.014000e-03,CustomOperator_E4M3_to_E2M3_0: 2.660e-05 (1 inst); CustomOperator_E4M3_to_E2M3_1: 2.970e-05 (1 inst); CustomOperator_E4M3_to_E2M3_2: 4.150e-05 (1 inst); CustomOperator_E4M3_to_E2M3_3: 4.540e-05 (1 inst); FPNAdder: 2.760e-04 (1 inst); FixedFPTree_exp7_mant8_out9_vec4_range16: 1.140e-03 (1 inst); SNPS_CLOCK_GATE: 7.240e-06 (1 inst); ScaleAddition_E4M3_to_E2M3_scale_UE4M3_wide9: 2.600e-04 (1 inst); ScaleToFP14b_E4M3_x_E2M3_UE4M3_wide17: 1.080e-04 (1 inst),1.7857,560.0,1059,0.372,0.0366,2048,1,atfmax
baseline_act-E5M2_w-E4M3_UE7M1,baseline,E5M2,E4M3,UE7M1,560,false,-0.1200,9577.260004,CustomOperator_E5M2_to_E4M3_0: 57.0780 (1 inst); CustomOperator_E5M2_to_E4M3_1: 54.9360 (1 inst); CustomOperator_E5M2_to_E4M3_2: 107.7300 (1 inst); CustomOperator_E5M2_to_E4M3_3: 112.3920 (1 inst); FPNAdder: 1144.8360 (1 inst); FixedFPTree_exp8_mant7_out14_vec4_range43: 7059.1500 (1 inst); SNPS_CLOCK_GATE: 1.8900 (1 inst); ScaleAddition_E5M2_to_E4M3_scale_UE7M1_wide14: 512.5680 (1 inst); ScaleToFP15b_E5M2_x_E4M3_UE7M1_wide18: 436.8420 (1 inst),4.712000e-03,CustomOperator_E5M2_to_E4M3_0: 1.980e-05 (1 inst); CustomOperator_E5M2_to_E4M3_1: 2.070e-05 (1 inst); CustomOperator_E5M2_to_E4M3_2: 3.470e-05 (1 inst); CustomOperator_E5M2_to_E4M3_3: 3.750e-05 (1 inst); FPNAdder: 6.350e-04 (1 inst); FixedFPTree_exp8_mant7_out14_vec4_range43: 3.300e-03 (1 inst); SNPS_CLOCK_GATE: 6.070e-07 (1 inst); ScaleAddition_E5M2_to_E4M3_scale_UE7M1_wide14: 3.610e-04 (1 inst); ScaleToFP15b_E5M2_x_E4M3_UE7M1_wide18: 2.820e-04 (1 inst),2.294000e-03,CustomOperator_E5M2_to_E4M3_0: 2.090e-05 (1 inst); CustomOperator_E5M2_to_E4M3_1: 2.180e-05 (1 inst); CustomOperator_E5M2_to_E4M3_2: 3.610e-05 (1 inst); CustomOperator_E5M2_to_E4M3_3: 3.950e-05 (1 inst); FPNAdder: 3.350e-04 (1 inst); FixedFPTree_exp8_mant7_out14_vec4_range43: 1.460e-03 (1 inst); SNPS_CLOCK_GATE: 7.420e-06 (1 inst); ScaleAddition_E5M2_to_E4M3_scale_UE7M1_wide14: 1.630e-04 (1 inst); ScaleToFP15b_E5M2_x_E4M3_UE7M1_wide18: 1.320e-04 (1 inst),1.9057,524.7,1059,0.372,0.0366,2048,1,atfmax
baseline_act-INT8_w-E5M2_UE6M2,baseline,INT8,E5M2,UE6M2,560,true,-0.0500,10162.781996,CustomOperator_INT8_to_E5M2_0: 86.4360 (1 inst); CustomOperator_INT8_to_E5M2_1: 104.4540 (1 inst); CustomOperator_INT8_to_E5M2_2: 104.2020 (1 inst); CustomOperator_INT8_to_E5M2_3: 116.1720 (1 inst); FPNAdder: 1453.7880 (1 inst); FixedFPTree_exp8_mant10_out16_vec4_range29: 6512.5620 (1 inst); SNPS_CLOCK_GATE: 1.8900 (1 inst); ScaleAddition_INT8_to_E5M2_scale_UE6M2_wide16: 1049.4540 (1 inst); ScaleToFP19b_INT8_x_E5M2_UE6M2_wide22: 630.8820 (1 inst),6.312000e-03,CustomOperator_INT8_to_E5M2_0: 3.280e-05 (1 inst); CustomOperator_INT8_to_E5M2_1: 3.800e-05 (1 inst); CustomOperator_INT8_to_E5M2_2: 3.690e-05 (1 inst); CustomOperator_INT8_to_E5M2_3: 4.600e-05 (1 inst); FPNAdder: 8.520e-04 (1 inst); FixedFPTree_exp8_mant10_out16_vec4_range29: 4.040e-03 (1 inst); SNPS_CLOCK_GATE: 6.590e-07 (1 inst); ScaleAddition_INT8_to_E5M2_scale_UE6M2_wide16: 8.100e-04 (1 inst); ScaleToFP19b_INT8_x_E5M2_UE6M2_wide22: 4.350e-04 (1 inst),2.778000e-03,CustomOperator_INT8_to_E5M2_0: 4.000e-05 (1 inst); CustomOperator_INT8_to_E5M2_1: 4.410e-05 (1 inst); CustomOperator_INT8_to_E5M2_2: 3.810e-05 (1 inst); CustomOperator_INT8_to_E5M2_3: 4.380e-05 (1 inst); FPNAdder: 3.950e-04 (1 inst); FixedFPTree_exp8_mant10_out16_vec4_range29: 1.620e-03 (1 inst); SNPS_CLOCK_GATE: 8.130e-06 (1 inst); ScaleAddition_INT8_to_E5M2_scale_UE6M2_wide16: 3.240e-04 (1 inst); ScaleToFP19b_INT8_x_E5M2_UE6M2_wide22: 1.780e-04 (1 inst),1.8357,544.8,1059,0.372,0.0366,2048,1,atfmax
baseline_act-E5M2_w-E5M2_UE7M1,baseline,E5M2,E5M2,UE7M1,560,false,-0.1600,10838.646002,CustomOperator_E5M2_to_E5M2_0: 55.4400 (1 inst); CustomOperator_E5M2_to_E5M2_1: 63.2520 (1 inst); CustomOperator_E5M2_to_E5M2_2: 111.7620 (1 inst); CustomOperator_E5M2_to_E5M2_3: 109.7460 (1 inst); FPNAdder: 1274.8680 (1 inst); FixedFPTree_exp8_mant6_out16_vec4_range58: 8046.2340 (1 inst); SNPS_CLOCK_GATE: 1.8900 (1 inst); ScaleAddition_E5M2_to_E5M2_scale_UE7M1_wide16: 565.3620 (1 inst); ScaleToFP17b_E5M2_x_E5M2_UE7M1_wide20: 518.8680 (1 inst),5.074000e-03,CustomOperator_E5M2_to_E5M2_0: 2.190e-05 (1 inst); CustomOperator_E5M2_to_E5M2_1: 2.290e-05 (1 inst); CustomOperator_E5M2_to_E5M2_2: 3.940e-05 (1 inst); CustomOperator_E5M2_to_E5M2_3: 3.700e-05 (1 inst); FPNAdder: 6.600e-04 (1 inst); FixedFPTree_exp8_mant6_out16_vec4_range58: 3.580e-03 (1 inst); SNPS_CLOCK_GATE: 6.380e-07 (1 inst); ScaleAddition_E5M2_to_E5M2_scale_UE7M1_wide16: 3.840e-04 (1 inst); ScaleToFP17b_E5M2_x_E5M2_UE7M1_wide20: 3.150e-04 (1 inst),2.213000e-03,CustomOperator_E5M2_to_E5M2_0: 2.100e-05 (1 inst); CustomOperator_E5M2_to_E5M2_1: 1.930e-05 (1 inst); CustomOperator_E5M2_to_E5M2_2: 3.400e-05 (1 inst); CustomOperator_E5M2_to_E5M2_3: 3.200e-05 (1 inst); FPNAdder: 3.340e-04 (1 inst); FixedFPTree_exp8_mant6_out16_vec4_range58: 1.390e-03 (1 inst); SNPS_CLOCK_GATE: 7.780e-06 (1 inst); ScaleAddition_E5M2_to_E5M2_scale_UE7M1_wide16: 1.590e-04 (1 inst); ScaleToFP17b_E5M2_x_E5M2_UE7M1_wide20: 1.380e-04 (1 inst),1.9457,514.0,1059,0.372,0.0366,2048,1,atfmax
baseline_act-E3M2_w-E3M2_UE4M3,baseline,E3M2,E3M2,UE4M3,563,true,0.0000,5411.321996,CustomOperator_E3M2_to_E3M2_0: 38.1780 (1 inst); CustomOperator_E3M2_to_E3M2_1: 43.0920 (1 inst); CustomOperator_E3M2_to_E3M2_2: 96.1380 (1 inst); CustomOperator_E3M2_to_E3M2_3: 102.0600 (1 inst); FPNAdder: 1018.3320 (1 inst); FixedFPTree_exp7_mant6_out9_vec4_range12: 2751.0840 (1 inst); SNPS_CLOCK_GATE: 1.8900 (1 inst); ScaleAddition_E3M2_to_E3M2_scale_UE4M3_wide9: 850.8780 (1 inst); ScaleToFP14b_E3M2_x_E3M2_UE4M3_wide17: 425.6280 (1 inst),3.356000e-03,CustomOperator_E3M2_to_E3M2_0: 1.420e-05 (1 inst); CustomOperator_E3M2_to_E3M2_1: 1.570e-05 (1 inst); CustomOperator_E3M2_to_E3M2_2: 3.220e-05 (1 inst); CustomOperator_E3M2_to_E3M2_3: 3.240e-05 (1 inst); FPNAdder: 5.540e-04 (1 inst); FixedFPTree_exp7_mant6_out9_vec4_range12: 1.740e-03 (1 inst); SNPS_CLOCK_GATE: 5.900e-07 (1 inst); ScaleAddition_E3M2_to_E3M2_scale_UE4M3_wide9: 6.810e-04 (1 inst); ScaleToFP14b_E3M2_x_E3M2_UE4M3_wide17: 2.640e-04 (1 inst),1.777000e-03,CustomOperator_E3M2_to_E3M2_0: 1.790e-05 (1 inst); CustomOperator_E3M2_to_E3M2_1: 1.920e-05 (1 inst); CustomOperator_E3M2_to_E3M2_2: 4.130e-05 (1 inst); CustomOperator_E3M2_to_E3M2_3: 4.010e-05 (1 inst); FPNAdder: 2.770e-04 (1 inst); FixedFPTree_exp7_mant6_out9_vec4_range12: 9.720e-04 (1 inst); SNPS_CLOCK_GATE: 7.280e-06 (1 inst); ScaleAddition_E3M2_to_E3M2_scale_UE4M3_wide9: 2.260e-04 (1 inst); ScaleToFP14b_E3M2_x_E3M2_UE4M3_wide17: 1.050e-04 (1 inst),1.7762,563.0,1059,0.372,0.0366,2048,1,atfmax
baseline_act-E4M3_w-E2M3_UE5M3,baseline,E4M3,E2M3,UE5M3,563,true,0.0000,6480.180000,CustomOperator_E4M3_to_E2M3_0: 58.3380 (1 inst); CustomOperator_E4M3_to_E2M3_1: 62.6220 (1 inst); CustomOperator_E4M3_to_E2M3_2: 96.3900 (1 inst); CustomOperator_E4M3_to_E2M3_3: 96.7680 (1 inst); FPNAdder: 1069.7400 (1 inst); FixedFPTree_exp7_mant8_out9_vec4_range16: 3793.9860 (1 inst); SNPS_CLOCK_GATE: 1.8900 (1 inst); ScaleAddition_E4M3_to_E2M3_scale_UE5M3_wide9: 807.7860 (1 inst); ScaleToFP14b_E4M3_x_E2M3_UE5M3_wide17: 403.8300 (1 inst),4.032000e-03,CustomOperator_E4M3_to_E2M3_0: 2.310e-05 (1 inst); CustomOperator_E4M3_to_E2M3_1: 2.400e-05 (1 inst); CustomOperator_E4M3_to_E2M3_2: 3.050e-05 (1 inst); CustomOperator_E4M3_to_E2M3_3: 3.120e-05 (1 inst); FPNAdder: 6.070e-04 (1 inst); FixedFPTree_exp7_mant8_out9_vec4_range16: 2.380e-03 (1 inst); SNPS_CLOCK_GATE: 5.890e-07 (1 inst); ScaleAddition_E4M3_to_E2M3_scale_UE5M3_wide9: 6.500e-04 (1 inst); ScaleToFP14b_E4M3_x_E2M3_UE5M3_wide17: 2.700e-04 (1 inst),2.148000e-03,CustomOperator_E4M3_to_E2M3_0: 3.110e-05 (1 inst); CustomOperator_E4M3_to_E2M3_1: 3.290e-05 (1 inst); CustomOperator_E4M3_to_E2M3_2: 4.440e-05 (1 inst); CustomOperator_E4M3_to_E2M3_3: 4.380e-05 (1 inst); FPNAdder: 3.140e-04 (1 inst); FixedFPTree_exp7_mant8_out9_vec4_range16: 1.170e-03 (1 inst); SNPS_CLOCK_GATE: 7.280e-06 (1 inst); ScaleAddition_E4M3_to_E2M3_scale_UE5M3_wide9: 3.150e-04 (1 inst); ScaleToFP14b_E4M3_x_E2M3_UE5M3_wide17: 1.110e-04 (1 inst),1.7762,563.0,1059,0.372,0.0366,2048,1,atfmax
baseline_act-E4M3_w-E4M3_UE6M2,baseline,E4M3,E4M3,UE6M2,563,true,-0.0500,8441.118004,CustomOperator_E4M3_to_E4M3_0: 61.7400 (1 inst); CustomOperator_E4M3_to_E4M3_1: 73.3320 (1 inst); CustomOperator_E4M3_to_E4M3_2: 165.0600 (1 inst); CustomOperator_E4M3_to_E4M3_3: 161.0280 (1 inst); FPNAdder: 969.8220 (1 inst); FixedFPTree_exp7_mant8_out11_vec4_range28: 5752.6560 (1 inst); SNPS_CLOCK_GATE: 1.8900 (1 inst); ScaleAddition_E4M3_to_E4M3_scale_UE6M2_wide11: 750.2040 (1 inst); ScaleToFP14b_E4M3_x_E4M3_UE6M2_wide17: 421.5960 (1 inst),4.983000e-03,CustomOperator_E4M3_to_E4M3_0: 2.340e-05 (1 inst); CustomOperator_E4M3_to_E4M3_1: 2.730e-05 (1 inst); CustomOperator_E4M3_to_E4M3_2: 5.820e-05 (1 inst); CustomOperator_E4M3_to_E4M3_3: 5.440e-05 (1 inst); FPNAdder: 5.710e-04 (1 inst); FixedFPTree_exp7_mant8_out11_vec4_range28: 3.340e-03 (1 inst); SNPS_CLOCK_GATE: 5.890e-07 (1 inst); ScaleAddition_E4M3_to_E4M3_scale_UE6M2_wide11: 5.800e-04 (1 inst); ScaleToFP14b_E4M3_x_E4M3_UE6M2_wide17: 3.100e-04 (1 inst),2.323000e-03,CustomOperator_E4M3_to_E4M3_0: 2.810e-05 (1 inst); CustomOperator_E4M3_to_E4M3_1: 3.200e-05 (1 inst); CustomOperator_E4M3_to_E4M3_2: 6.660e-05 (1 inst); CustomOperator_E4M3_to_E4M3_3: 5.390e-05 (1 inst); FPNAdder: 2.750e-04 (1 inst); FixedFPTree_exp7_mant8_out11_vec4_range28: 1.420e-03 (1 inst); SNPS_CLOCK_GATE: 7.280e-06 (1 inst); ScaleAddition_E4M3_to_E4M3_scale_UE6M2_wide11: 2.330e-04 (1 inst); ScaleToFP14b_E4M3_x_E4M3_UE6M2_wide17: 1.310e-04 (1 inst),1.8262,547.6,1059,0.372,0.0366,2048,1,atfmax
baseline_act-E5M2_w-E2M3_UE6M2,baseline,E5M2,E2M3,UE6M2,563,false,-0.0800,8480.556003,CustomOperator_E5M2_to_E2M3_0: 47.2500 (1 inst); CustomOperator_E5M2_to_E2M3_1: 57.2040 (1 inst); CustomOperator_E5M2_to_E2M3_2: 107.7300 (1 inst); CustomOperator_E5M2_to_E2M3_3: 105.7140 (1 inst); FPNAdder: 1132.6140 (1 inst); FixedFPTree_exp7_mant7_out12_vec4_range31: 5767.3980 (1 inst); SNPS_CLOCK_GATE: 1.8900 (1 inst); ScaleAddition_E5M2_to_E2M3_scale_UE6M2_wide12: 764.8200 (1 inst); ScaleToFP15b_E5M2_x_E2M3_UE6M2_wide18: 407.8620 (1 inst),4.573000e-03,CustomOperator_E5M2_to_E2M3_0: 1.930e-05 (1 inst); CustomOperator_E5M2_to_E2M3_1: 2.010e-05 (1 inst); CustomOperator_E5M2_to_E2M3_2: 2.850e-05 (1 inst); CustomOperator_E5M2_to_E2M3_3: 2.990e-05 (1 inst); FPNAdder: 6.340e-04 (1 inst); FixedFPTree_exp7_mant7_out12_vec4_range31: 2.950e-03 (1 inst); SNPS_CLOCK_GATE: 6.040e-07 (1 inst); ScaleAddition_E5M2_to_E2M3_scale_UE6M2_wide12: 5.910e-04 (1 inst); ScaleToFP15b_E5M2_x_E2M3_UE6M2_wide18: 2.820e-04 (1 inst),2.280000e-03,CustomOperator_E5M2_to_E2M3_0: 2.690e-05 (1 inst); CustomOperator_E5M2_to_E2M3_1: 2.690e-05 (1 inst); CustomOperator_E5M2_to_E2M3_2: 4.280e-05 (1 inst); CustomOperator_E5M2_to_E2M3_3: 4.520e-05 (1 inst); FPNAdder: 3.270e-04 (1 inst); FixedFPTree_exp7_mant7_out12_vec4_range31: 1.350e-03 (1 inst); SNPS_CLOCK_GATE: 7.460e-06 (1 inst); ScaleAddition_E5M2_to_E2M3_scale_UE6M2_wide12: 2.630e-04 (1 inst); ScaleToFP15b_E5M2_x_E2M3_UE6M2_wide18: 1.130e-04 (1 inst),1.8562,538.7,1059,0.372,0.0366,2048,1,atfmax
baseline_act-E4M3_w-E3M2_UE6M2,baseline,E4M3,E3M2,UE6M2,573,true,-0.0500,7118.496002,CustomOperator_E4M3_to_E3M2_0: 55.0620 (1 inst); CustomOperator_E4M3_to_E3M2_1: 56.9520 (1 inst); CustomOperator_E4M3_to_E3M2_2: 106.3440 (1 inst); CustomOperator_E4M3_to_E3M2_3: 112.2660 (1 inst); FPNAdder: 1036.3500 (1 inst); FixedFPTree_exp7_mant7_out11_vec4_range20: 4416.5520 (1 inst); SNPS_CLOCK_GATE: 1.8900 (1 inst); ScaleAddition_E4M3_to_E3M2_scale_UE6M2_wide11: 793.0440 (1 inst); ScaleToFP14b_E4M3_x_E3M2_UE6M2_wide17: 450.9540 (1 inst),4.514000e-03,CustomOperator_E4M3_to_E3M2_0: 2.180e-05 (1 inst); CustomOperator_E4M3_to_E3M2_1: 2.270e-05 (1 inst); CustomOperator_E4M3_to_E3M2_2: 3.700e-05 (1 inst); CustomOperator_E4M3_to_E3M2_3: 4.210e-05 (1 inst); FPNAdder: 6.030e-04 (1 inst); FixedFPTree_exp7_mant7_out11_vec4_range20: 2.750e-03 (1 inst); SNPS_CLOCK_GATE: 5.920e-07 (1 inst); ScaleAddition_E4M3_to_E3M2_scale_UE6M2_wide11: 6.680e-04 (1 inst); ScaleToFP14b_E4M3_x_E3M2_UE6M2_wide17: 3.430e-04 (1 inst),2.274000e-03,CustomOperator_E4M3_to_E3M2_0: 2.700e-05 (1 inst); CustomOperator_E4M3_to_E3M2_1: 2.630e-05 (1 inst); CustomOperator_E4M3_to_E3M2_2: 4.560e-05 (1 inst); CustomOperator_E4M3_to_E3M2_3: 4.920e-05 (1 inst); FPNAdder: 3.130e-04 (1 inst); FixedFPTree_exp7_mant7_out11_vec4_range20: 1.320e-03 (1 inst); SNPS_CLOCK_GATE: 7.410e-06 (1 inst); ScaleAddition_E4M3_to_E3M2_scale_UE6M2_wide11: 2.620e-04 (1 inst); ScaleToFP14b_E4M3_x_E3M2_UE6M2_wide17: 1.480e-04 (1 inst),1.7952,557.0,1059,0.372,0.0366,2048,1,atfmax
baseline_act-E5M2_w-E2M1_UE6M2,baseline,E5M2,E2M1,UE6M2,573,false,-0.0900,7961.058000,CustomOperator_E5M2_to_E2M1_0: 31.3740 (1 inst); CustomOperator_E5M2_to_E2M1_1: 45.1080 (1 inst); CustomOperator_E5M2_to_E2M1_2: 103.5720 (1 inst); CustomOperator_E5M2_to_E2M1_3: 105.0840 (1 inst); FPNAdder: 1123.0380 (1 inst); FixedFPTree_exp7_mant5_out12_vec4_range31: 5275.2420 (1 inst); SNPS_CLOCK_GATE: 1.8900 (1 inst); ScaleAddition_E5M2_to_E2M1_scale_UE6M2_wide12: 735.0840 (1 inst); ScaleToFP15b_E5M2_x_E2M1_UE6M2_wide18: 443.2680 (1 inst),4.176000e-03,CustomOperator_E5M2_to_E2M1_0: 1.120e-05 (1 inst); CustomOperator_E5M2_to_E2M1_1: 1.470e-05 (1 inst); CustomOperator_E5M2_to_E2M1_2: 2.660e-05 (1 inst); CustomOperator_E5M2_to_E2M1_3: 2.340e-05 (1 inst); FPNAdder: 6.230e-04 (1 inst); FixedFPTree_exp7_mant5_out12_vec4_range31: 2.590e-03 (1 inst); SNPS_CLOCK_GATE: 6.100e-07 (1 inst); ScaleAddition_E5M2_to_E2M1_scale_UE6M2_wide12: 5.540e-04 (1 inst); ScaleToFP15b_E5M2_x_E2M1_UE6M2_wide18: 3.110e-04 (1 inst),2.051000e-03,CustomOperator_E5M2_to_E2M1_0: 1.540e-05 (1 inst); CustomOperator_E5M2_to_E2M1_1: 2.110e-05 (1 inst); CustomOperator_E5M2_to_E2M1_2: 4.250e-05 (1 inst); CustomOperator_E5M2_to_E2M1_3: 3.560e-05 (1 inst); FPNAdder: 3.160e-04 (1 inst); FixedFPTree_exp7_mant5_out12_vec4_range31: 1.180e-03 (1 inst); SNPS_CLOCK_GATE: 7.590e-06 (1 inst); ScaleAddition_E5M2_to_E2M1_scale_UE6M2_wide12: 2.320e-04 (1 inst); ScaleToFP15b_E5M2_x_E2M1_UE6M2_wide18: 1.310e-04 (1 inst),1.8352,544.9,1059,0.372,0.0366,2048,1,atfmax
baseline_act-E4M3_w-E2M1_UE5M3,baseline,E4M3,E2M1,UE5M3,576,true,-0.0100,6513.443999,CustomOperator_E4M3_to_E2M1_0: 41.2020 (1 inst); CustomOperator_E4M3_to_E2M1_1: 46.3680 (1 inst); CustomOperator_E4M3_to_E2M1_2: 72.3240 (1 inst); CustomOperator_E4M3_to_E2M1_3: 86.0580 (1 inst); FPNAdder: 1164.3660 (1 inst); FixedFPTree_exp7_mant6_out9_vec4_range16: 3759.7140 (1 inst); SNPS_CLOCK_GATE: 1.8900 (1 inst); ScaleAddition_E4M3_to_E2M1_scale_UE5M3_wide9: 853.1460 (1 inst); ScaleToFP14b_E4M3_x_E2M1_UE5M3_wide17: 402.9480 (1 inst),4.002000e-03,CustomOperator_E4M3_to_E2M1_0: 1.590e-05 (1 inst); CustomOperator_E4M3_to_E2M1_1: 1.600e-05 (1 inst); CustomOperator_E4M3_to_E2M1_2: 1.960e-05 (1 inst); CustomOperator_E4M3_to_E2M1_3: 2.210e-05 (1 inst); FPNAdder: 6.600e-04 (1 inst); FixedFPTree_exp7_mant6_out9_vec4_range16: 2.330e-03 (1 inst); SNPS_CLOCK_GATE: 5.860e-07 (1 inst); ScaleAddition_E4M3_to_E2M1_scale_UE5M3_wide9: 6.610e-04 (1 inst); ScaleToFP14b_E4M3_x_E2M1_UE5M3_wide17: 2.630e-04 (1 inst),2.136000e-03,CustomOperator_E4M3_to_E2M1_0: 2.290e-05 (1 inst); CustomOperator_E4M3_to_E2M1_1: 2.390e-05 (1 inst); CustomOperator_E4M3_to_E2M1_2: 2.910e-05 (1 inst); CustomOperator_E4M3_to_E2M1_3: 3.110e-05 (1 inst); FPNAdder: 3.610e-04 (1 inst); FixedFPTree_exp7_mant6_out9_vec4_range16: 1.150e-03 (1 inst); SNPS_CLOCK_GATE: 7.450e-06 (1 inst); ScaleAddition_E4M3_to_E2M1_scale_UE5M3_wide9: 3.200e-04 (1 inst); ScaleToFP14b_E4M3_x_E2M1_UE5M3_wide17: 1.170e-04 (1 inst),1.7461,572.7,1059,0.372,0.0366,2048,1,atfmax
baseline_act-E4M3_w-E2M1_UE4M4,baseline,E4M3,E2M1,UE4M4,576,true,-0.0100,6867.756002,CustomOperator_E4M3_to_E2M1_0: 40.3200 (1 inst); CustomOperator_E4M3_to_E2M1_1: 45.9900 (1 inst); CustomOperator_E4M3_to_E2M1_2: 79.8840 (1 inst); CustomOperator_E4M3_to_E2M1_3: 86.1840 (1 inst); FPNAdder: 1163.8620 (1 inst); FixedFPTree_exp7_mant6_out7_vec4_range16: 3978.0720 (1 inst); SNPS_CLOCK_GATE: 1.8900 (1 inst); ScaleAddition_E4M3_to_E2M1_scale_UE4M4_wide7: 954.1980 (1 inst); ScaleToFP14b_E4M3_x_E2M1_UE4M4_wide17: 427.5180 (1 inst),4.158000e-03,CustomOperator_E4M3_to_E2M1_0: 1.620e-05 (1 inst); CustomOperator_E4M3_to_E2M1_1: 1.650e-05 (1 inst); CustomOperator_E4M3_to_E2M1_2: 2.200e-05 (1 inst); CustomOperator_E4M3_to_E2M1_3: 2.080e-05 (1 inst); FPNAdder: 6.700e-04 (1 inst); FixedFPTree_exp7_mant6_out7_vec4_range16: 2.300e-03 (1 inst); SNPS_CLOCK_GATE: 5.900e-07 (1 inst); ScaleAddition_E4M3_to_E2M1_scale_UE4M4_wide7: 7.970e-04 (1 inst); ScaleToFP14b_E4M3_x_E2M1_UE4M4_wide17: 2.990e-04 (1 inst),2.288000e-03,CustomOperator_E4M3_to_E2M1_0: 2.270e-05 (1 inst); CustomOperator_E4M3_to_E2M1_1: 2.460e-05 (1 inst); CustomOperator_E4M3_to_E2M1_2: 3.330e-05 (1 inst); CustomOperator_E4M3_to_E2M1_3: 3.220e-05 (1 inst); FPNAdder: 3.600e-04 (1 inst); FixedFPTree_exp7_mant6_out7_vec4_range16: 1.200e-03 (1 inst); SNPS_CLOCK_GATE: 7.450e-06 (1 inst); ScaleAddition_E4M3_to_E2M1_scale_UE4M4_wide7: 4.080e-04 (1 inst); ScaleToFP14b_E4M3_x_E2M1_UE4M4_wide17: 1.220e-04 (1 inst),1.7461,572.7,1059,0.372,0.0366,2048,1,atfmax
baseline_act-INT8_w-E4M3_UE6M2,baseline,INT8,E4M3,UE6M2,579,true,-0.0400,8640.575999,CustomOperator_INT8_to_E4M3_0: 118.1880 (1 inst); CustomOperator_INT8_to_E4M3_1: 132.3000 (1 inst); CustomOperator_INT8_to_E4M3_2: 144.3960 (1 inst); CustomOperator_INT8_to_E4M3_3: 140.1120 (1 inst); FPNAdder: 1546.2720 (1 inst); FixedFPTree_exp8_mant11_out16_vec4_range14: 4730.6700 (1 inst); SNPS_CLOCK_GATE: 1.8900 (1 inst); ScaleAddition_INT8_to_E4M3_scale_UE6M2_wide16: 1045.0440 (1 inst); ScaleToFP19b_INT8_x_E4M3_UE6M2_wide22: 675.6120 (1 inst),5.872000e-03,CustomOperator_INT8_to_E4M3_0: 5.210e-05 (1 inst); CustomOperator_INT8_to_E4M3_1: 5.370e-05 (1 inst); CustomOperator_INT8_to_E4M3_2: 5.520e-05 (1 inst); CustomOperator_INT8_to_E4M3_3: 5.200e-05 (1 inst); FPNAdder: 9.300e-04 (1 inst); FixedFPTree_exp8_mant11_out16_vec4_range14: 3.270e-03 (1 inst); SNPS_CLOCK_GATE: 6.480e-07 (1 inst); ScaleAddition_INT8_to_E4M3_scale_UE6M2_wide16: 9.110e-04 (1 inst); ScaleToFP19b_INT8_x_E4M3_UE6M2_wide22: 5.220e-04 (1 inst),3.000000e-03,CustomOperator_INT8_to_E4M3_0: 6.000e-05 (1 inst); CustomOperator_INT8_to_E4M3_1: 5.950e-05 (1 inst); CustomOperator_INT8_to_E4M3_2: 6.520e-05 (1 inst); CustomOperator_INT8_to_E4M3_3: 6.020e-05 (1 inst); FPNAdder: 4.460e-04 (1 inst); FixedFPTree_exp8_mant11_out16_vec4_range14: 1.670e-03 (1 inst); SNPS_CLOCK_GATE: 8.410e-06 (1 inst); ScaleAddition_INT8_to_E4M3_scale_UE6M2_wide16: 3.370e-04 (1 inst); ScaleToFP19b_INT8_x_E4M3_UE6M2_wide22: 2.100e-04 (1 inst),1.7671,565.9,1059,0.372,0.0366,2048,1,atfmax
baseline_act-E3M2_w-E3M2_UE4M4,baseline,E3M2,E3M2,UE4M4,586,true,-0.0300,6185.843999,CustomOperator_E3M2_to_E3M2_0: 48.2580 (1 inst); CustomOperator_E3M2_to_E3M2_1: 82.7820 (1 inst); CustomOperator_E3M2_to_E3M2_2: 109.1160 (1 inst); CustomOperator_E3M2_to_E3M2_3: 111.5100 (1 inst); FPNAdder: 1182.1320 (1 inst); FixedFPTree_exp6_mant6_out7_vec4_range12: 3179.9880 (1 inst); SNPS_CLOCK_GATE: 1.8900 (1 inst); ScaleAddition_E3M2_to_E3M2_scale_UE4M4_wide7: 940.3380 (1 inst); ScaleToFP14b_E3M2_x_E3M2_UE4M4_wide17: 441.1260 (1 inst),3.870000e-03,CustomOperator_E3M2_to_E3M2_0: 1.940e-05 (1 inst); CustomOperator_E3M2_to_E3M2_1: 2.810e-05 (1 inst); CustomOperator_E3M2_to_E3M2_2: 3.650e-05 (1 inst); CustomOperator_E3M2_to_E3M2_3: 3.740e-05 (1 inst); FPNAdder: 6.960e-04 (1 inst); FixedFPTree_exp6_mant6_out7_vec4_range12: 1.870e-03 (1 inst); SNPS_CLOCK_GATE: 6.020e-07 (1 inst); ScaleAddition_E3M2_to_E3M2_scale_UE4M4_wide7: 8.230e-04 (1 inst); ScaleToFP14b_E3M2_x_E3M2_UE4M4_wide17: 3.350e-04 (1 inst),2.154000e-03,CustomOperator_E3M2_to_E3M2_0: 2.570e-05 (1 inst); CustomOperator_E3M2_to_E3M2_1: 3.720e-05 (1 inst); CustomOperator_E3M2_to_E3M2_2: 4.840e-05 (1 inst); CustomOperator_E3M2_to_E3M2_3: 4.610e-05 (1 inst); FPNAdder: 3.600e-04 (1 inst); FixedFPTree_exp6_mant6_out7_vec4_range12: 1.100e-03 (1 inst); SNPS_CLOCK_GATE: 7.580e-06 (1 inst); ScaleAddition_E3M2_to_E3M2_scale_UE4M4_wide7: 3.320e-04 (1 inst); ScaleToFP14b_E3M2_x_E3M2_UE4M4_wide17: 1.240e-04 (1 inst),1.7365,575.9,1059,0.372,0.0366,2048,1,atfmax
baseline_act-E5M2_w-E5M2_UE8M0,baseline,E5M2,E5M2,UE8M0,586,true,0.0000,6673.590020,CustomOperator_E5M2_to_E5M2_0: 49.5180 (1 inst); CustomOperator_E5M2_to_E5M2_1: 57.5820 (1 inst); CustomOperator_E5M2_to_E5M2_2: 99.0360 (1 inst); CustomOperator_E5M2_to_E5M2_3: 116.1720 (1 inst); DirectToFP17b_E5M2_x_E5M2_UE8M0: 134.8200 (1 inst); FPNAdder: 1047.6900 (1 inst); FixedFPTree_exp8_mant6_out6_vec4_range58: 5073.6420 (1 inst); SNPS_CLOCK_GATE: 1.8900 (1 inst),2.926000e-03,CustomOperator_E5M2_to_E5M2_0: 1.730e-05 (1 inst); CustomOperator_E5M2_to_E5M2_1: 2.240e-05 (1 inst); CustomOperator_E5M2_to_E5M2_2: 3.340e-05 (1 inst); CustomOperator_E5M2_to_E5M2_3: 3.890e-05 (1 inst); DirectToFP17b_E5M2_x_E5M2_UE8M0: 8.820e-05 (1 inst); FPNAdder: 3.960e-04 (1 inst); FixedFPTree_exp8_mant6_out6_vec4_range58: 2.320e-03 (1 inst); SNPS_CLOCK_GATE: 6.300e-07 (1 inst),1.378000e-03,CustomOperator_E5M2_to_E5M2_0: 1.710e-05 (1 inst); CustomOperator_E5M2_to_E5M2_1: 2.180e-05 (1 inst); CustomOperator_E5M2_to_E5M2_2: 3.120e-05 (1 inst); CustomOperator_E5M2_to_E5M2_3: 3.870e-05 (1 inst); DirectToFP17b_E5M2_x_E5M2_UE8M0: 2.260e-05 (1 inst); FPNAdder: 2.330e-04 (1 inst); FixedFPTree_exp8_mant6_out6_vec4_range58: 9.360e-04 (1 inst); SNPS_CLOCK_GATE: 8.140e-06 (1 inst),1.7065,586.0,1059,0.372,0.0366,2048,1,atfmax
baseline_act-E5M2_w-E2M3_UE7M1,baseline,E5M2,E2M3,UE7M1,586,false,-0.0900,8424.486002,CustomOperator_E5M2_to_E2M3_0: 54.9360 (1 inst); CustomOperator_E5M2_to_E2M3_1: 64.1340 (1 inst); CustomOperator_E5M2_to_E2M3_2: 128.0160 (1 inst); CustomOperator_E5M2_to_E2M3_3: 138.6000 (1 inst); FPNAdder: 1284.1920 (1 inst); FixedFPTree_exp8_mant7_out14_vec4_range31: 5689.0260 (1 inst); SNPS_CLOCK_GATE: 1.8900 (1 inst); ScaleAddition_E5M2_to_E2M3_scale_UE7M1_wide14: 515.0880 (1 inst); ScaleToFP15b_E5M2_x_E2M3_UE7M1_wide18: 459.0180 (1 inst),4.779000e-03,CustomOperator_E5M2_to_E2M3_0: 1.930e-05 (1 inst); CustomOperator_E5M2_to_E2M3_1: 2.070e-05 (1 inst); CustomOperator_E5M2_to_E2M3_2: 3.300e-05 (1 inst); CustomOperator_E5M2_to_E2M3_3: 3.590e-05 (1 inst); FPNAdder: 6.960e-04 (1 inst); FixedFPTree_exp8_mant7_out14_vec4_range31: 3.320e-03 (1 inst); SNPS_CLOCK_GATE: 6.030e-07 (1 inst); ScaleAddition_E5M2_to_E2M3_scale_UE7M1_wide14: 3.530e-04 (1 inst); ScaleToFP15b_E5M2_x_E2M3_UE7M1_wide18: 2.860e-04 (1 inst),2.251000e-03,CustomOperator_E5M2_to_E2M3_0: 2.730e-05 (1 inst); CustomOperator_E5M2_to_E2M3_1: 2.900e-05 (1 inst); CustomOperator_E5M2_to_E2M3_2: 5.130e-05 (1 inst); CustomOperator_E5M2_to_E2M3_3: 5.370e-05 (1 inst); FPNAdder: 3.690e-04 (1 inst); FixedFPTree_exp8_mant7_out14_vec4_range31: 1.360e-03 (1 inst); SNPS_CLOCK_GATE: 7.770e-06 (1 inst); ScaleAddition_E5M2_to_E2M3_scale_UE7M1_wide14: 1.610e-04 (1 inst); ScaleToFP15b_E5M2_x_E2M3_UE7M1_wide18: 1.180e-04 (1 inst),1.7965,556.6,1059,0.372,0.0366,2048,1,atfmax
baseline_act-INT8_w-E5M2_UE7M1,baseline,INT8,E5M2,UE7M1,586,false,-0.1200,9540.845998,CustomOperator_INT8_to_E5M2_0: 81.5220 (1 inst); CustomOperator_INT8_to_E5M2_1: 86.5620 (1 inst); CustomOperator_INT8_to_E5M2_2: 93.7440 (1 inst); CustomOperator_INT8_to_E5M2_3: 103.1940 (1 inst); FPNAdder: 1334.3400 (1 inst); FixedFPTree_exp8_mant10_out18_vec4_range29: 6505.5060 (1 inst); SNPS_CLOCK_GATE: 1.8900 (1 inst); ScaleAddition_INT8_to_E5M2_scale_UE7M1_wide18: 648.1440 (1 inst); ScaleToFP19b_INT8_x_E5M2_UE7M1_wide22: 577.7100 (1 inst),5.962000e-03,CustomOperator_INT8_to_E5M2_0: 3.420e-05 (1 inst); CustomOperator_INT8_to_E5M2_1: 3.360e-05 (1 inst); CustomOperator_INT8_to_E5M2_2: 3.590e-05 (1 inst); CustomOperator_INT8_to_E5M2_3: 3.850e-05 (1 inst); FPNAdder: 7.770e-04 (1 inst); FixedFPTree_exp8_mant10_out18_vec4_range29: 4.140e-03 (1 inst); SNPS_CLOCK_GATE: 6.510e-07 (1 inst); ScaleAddition_INT8_to_E5M2_scale_UE7M1_wide18: 4.900e-04 (1 inst); ScaleToFP19b_INT8_x_E5M2_UE7M1_wide22: 3.910e-04 (1 inst),2.658000e-03,CustomOperator_INT8_to_E5M2_0: 4.270e-05 (1 inst); CustomOperator_INT8_to_E5M2_1: 4.000e-05 (1 inst); CustomOperator_INT8_to_E5M2_2: 3.980e-05 (1 inst); CustomOperator_INT8_to_E5M2_3: 4.050e-05 (1 inst); FPNAdder: 3.660e-04 (1 inst); FixedFPTree_exp8_mant10_out18_vec4_range29: 1.670e-03 (1 inst); SNPS_CLOCK_GATE: 8.510e-06 (1 inst); ScaleAddition_INT8_to_E5M2_scale_UE7M1_wide18: 1.980e-04 (1 inst); ScaleToFP19b_INT8_x_E5M2_UE7M1_wide22: 1.680e-04 (1 inst),1.8265,547.5,1059,0.372,0.0366,2048,1,atfmax
baseline_act-E4M3_w-E4M3_UE7M1,baseline,E4M3,E4M3,UE7M1,589,false,-0.0800,8134.433998,CustomOperator_E4M3_to_E4M3_0: 69.0480 (1 inst); CustomOperator_E4M3_to_E4M3_1: 79.5060 (1 inst); CustomOperator_E4M3_to_E4M3_2: 138.3480 (1 inst); CustomOperator_E4M3_to_E4M3_3: 146.1600 (1 inst); FPNAdder: 1130.4720 (1 inst); FixedFPTree_exp7_mant8_out13_vec4_range28: 5480.7480 (1 inst); SNPS_CLOCK_GATE: 1.8900 (1 inst); ScaleAddition_E4M3_to_E4M3_scale_UE7M1_wide13: 483.8400 (1 inst); ScaleToFP14b_E4M3_x_E4M3_UE7M1_wide17: 515.4660 (1 inst),4.792000e-03,CustomOperator_E4M3_to_E4M3_0: 2.340e-05 (1 inst); CustomOperator_E4M3_to_E4M3_1: 3.060e-05 (1 inst); CustomOperator_E4M3_to_E4M3_2: 4.920e-05 (1 inst); CustomOperator_E4M3_to_E4M3_3: 5.040e-05 (1 inst); FPNAdder: 6.390e-04 (1 inst); FixedFPTree_exp7_mant8_out13_vec4_range28: 3.260e-03 (1 inst); SNPS_CLOCK_GATE: 5.980e-07 (1 inst); ScaleAddition_E4M3_to_E4M3_scale_UE7M1_wide13: 3.710e-04 (1 inst); ScaleToFP14b_E4M3_x_E4M3_UE7M1_wide17: 3.460e-04 (1 inst),2.393000e-03,CustomOperator_E4M3_to_E4M3_0: 2.850e-05 (1 inst); CustomOperator_E4M3_to_E4M3_1: 3.600e-05 (1 inst); CustomOperator_E4M3_to_E4M3_2: 5.480e-05 (1 inst); CustomOperator_E4M3_to_E4M3_3: 5.440e-05 (1 inst); FPNAdder: 3.340e-04 (1 inst); FixedFPTree_exp7_mant8_out13_vec4_range28: 1.470e-03 (1 inst); SNPS_CLOCK_GATE: 7.620e-06 (1 inst); ScaleAddition_E4M3_to_E4M3_scale_UE7M1_wide13: 1.810e-04 (1 inst); ScaleToFP14b_E4M3_x_E4M3_UE7M1_wide17: 1.550e-04 (1 inst),1.7778,562.5,1059,0.372,0.0366,2048,1,atfmax
baseline_act-E5M2_w-E3M2_UE7M1,baseline,E5M2,E3M2,UE7M1,589,false,-0.1300,8749.692003,CustomOperator_E5M2_to_E3M2_0: 50.4000 (1 inst); CustomOperator_E5M2_to_E3M2_1: 60.4800 (1 inst); CustomOperator_E5M2_to_E3M2_2: 136.8360 (1 inst); CustomOperator_E5M2_to_E3M2_3: 145.4040 (1 inst); FPNAdder: 1174.1940 (1 inst); FixedFPTree_exp8_mant6_out14_vec4_range35: 6108.1020 (1 inst); SNPS_CLOCK_GATE: 1.8900 (1 inst); ScaleAddition_E5M2_to_E3M2_scale_UE7M1_wide14: 504.5040 (1 inst); ScaleToFP15b_E5M2_x_E3M2_UE7M1_wide18: 482.0760 (1 inst),5.103000e-03,CustomOperator_E5M2_to_E3M2_0: 1.570e-05 (1 inst); CustomOperator_E5M2_to_E3M2_1: 2.360e-05 (1 inst); CustomOperator_E5M2_to_E3M2_2: 4.620e-05 (1 inst); CustomOperator_E5M2_to_E3M2_3: 4.360e-05 (1 inst); FPNAdder: 6.410e-04 (1 inst); FixedFPTree_exp8_mant6_out14_vec4_range35: 3.650e-03 (1 inst); SNPS_CLOCK_GATE: 6.050e-07 (1 inst); ScaleAddition_E5M2_to_E3M2_scale_UE7M1_wide14: 3.490e-04 (1 inst); ScaleToFP15b_E5M2_x_E3M2_UE7M1_wide18: 3.130e-04 (1 inst),2.351000e-03,CustomOperator_E5M2_to_E3M2_0: 2.030e-05 (1 inst); CustomOperator_E5M2_to_E3M2_1: 3.100e-05 (1 inst); CustomOperator_E5M2_to_E3M2_2: 5.810e-05 (1 inst); CustomOperator_E5M2_to_E3M2_3: 5.410e-05 (1 inst); FPNAdder: 3.620e-04 (1 inst); FixedFPTree_exp8_mant6_out14_vec4_range35: 1.430e-03 (1 inst); SNPS_CLOCK_GATE: 7.810e-06 (1 inst); ScaleAddition_E5M2_to_E3M2_scale_UE7M1_wide14: 1.590e-04 (1 inst); ScaleToFP15b_E5M2_x_E3M2_UE7M1_wide18: 1.500e-04 (1 inst),1.8278,547.1,1059,0.372,0.0366,2048,1,atfmax
baseline_act-E3M2_w-E2M3_UE4M4,baseline,E3M2,E2M3,UE4M4,593,true,0.0000,4725.503995,CustomOperator_E3M2_to_E2M3_0: 45.3600 (1 inst); CustomOperator_E3M2_to_E2M3_1: 41.5800 (1 inst); CustomOperator_E3M2_to_E2M3_2: 61.8660 (1 inst); CustomOperator_E3M2_to_E2M3_3: 65.0160 (1 inst); FPNAdder: 948.5280 (1 inst); FixedFPTree_exp6_mant7_out7_vec4_range8: 2337.9300 (1 inst); SNPS_CLOCK_GATE: 1.8900 (1 inst); ScaleAddition_E3M2_to_E2M3_scale_UE4M4_wide7: 817.2360 (1 inst); ScaleToFP14b_E3M2_x_E2M3_UE4M4_wide17: 317.0160 (1 inst),3.039000e-03,CustomOperator_E3M2_to_E2M3_0: 1.810e-05 (1 inst); CustomOperator_E3M2_to_E2M3_1: 1.810e-05 (1 inst); CustomOperator_E3M2_to_E2M3_2: 2.070e-05 (1 inst); CustomOperator_E3M2_to_E2M3_3: 2.230e-05 (1 inst); FPNAdder: 5.570e-04 (1 inst); FixedFPTree_exp6_mant7_out7_vec4_range8: 1.430e-03 (1 inst); SNPS_CLOCK_GATE: 5.880e-07 (1 inst); ScaleAddition_E3M2_to_E2M3_scale_UE4M4_wide7: 7.270e-04 (1 inst); ScaleToFP14b_E3M2_x_E2M3_UE4M4_wide17: 2.270e-04 (1 inst),1.844000e-03,CustomOperator_E3M2_to_E2M3_0: 2.670e-05 (1 inst); CustomOperator_E3M2_to_E2M3_1: 2.740e-05 (1 inst); CustomOperator_E3M2_to_E2M3_2: 3.140e-05 (1 inst); CustomOperator_E3M2_to_E2M3_3: 3.460e-05 (1 inst); FPNAdder: 2.960e-04 (1 inst); FixedFPTree_exp6_mant7_out7_vec4_range8: 9.180e-04 (1 inst); SNPS_CLOCK_GATE: 7.670e-06 (1 inst); ScaleAddition_E3M2_to_E2M3_scale_UE4M4_wide7: 3.290e-04 (1 inst); ScaleToFP14b_E3M2_x_E2M3_UE4M4_wide17: 9.550e-05 (1 inst),1.6863,593.0,1059,0.372,0.0366,2048,1,atfmax
baseline_act-E4M3_w-E2M3_UE6M2,baseline,E4M3,E2M3,UE6M2,593,true,-0.0500,6973.595997,CustomOperator_E4M3_to_E2M3_0: 60.3540 (1 inst); CustomOperator_E4M3_to_E2M3_1: 72.0720 (1 inst); CustomOperator_E4M3_to_E2M3_2: 99.5400 (1 inst); CustomOperator_E4M3_to_E2M3_3: 133.3080 (1 inst); FPNAdder: 1069.8660 (1 inst); FixedFPTree_exp7_mant8_out11_vec4_range16: 4196.0520 (1 inst); SNPS_CLOCK_GATE: 1.8900 (1 inst); ScaleAddition_E4M3_to_E2M3_scale_UE6M2_wide11: 783.8460 (1 inst); ScaleToFP14b_E4M3_x_E2M3_UE6M2_wide17: 471.2400 (1 inst),4.500000e-03,CustomOperator_E4M3_to_E2M3_0: 2.110e-05 (1 inst); CustomOperator_E4M3_to_E2M3_1: 2.550e-05 (1 inst); CustomOperator_E4M3_to_E2M3_2: 3.110e-05 (1 inst); CustomOperator_E4M3_to_E2M3_3: 3.940e-05 (1 inst); FPNAdder: 6.290e-04 (1 inst); FixedFPTree_exp7_mant8_out11_vec4_range16: 2.750e-03 (1 inst); SNPS_CLOCK_GATE: 5.930e-07 (1 inst); ScaleAddition_E4M3_to_E2M3_scale_UE6M2_wide11: 6.460e-04 (1 inst); ScaleToFP14b_E4M3_x_E2M3_UE6M2_wide17: 3.420e-04 (1 inst),2.423000e-03,CustomOperator_E4M3_to_E2M3_0: 3.020e-05 (1 inst); CustomOperator_E4M3_to_E2M3_1: 3.680e-05 (1 inst); CustomOperator_E4M3_to_E2M3_2: 4.730e-05 (1 inst); CustomOperator_E4M3_to_E2M3_3: 5.960e-05 (1 inst); FPNAdder: 3.310e-04 (1 inst); FixedFPTree_exp7_mant8_out11_vec4_range16: 1.380e-03 (1 inst); SNPS_CLOCK_GATE: 7.670e-06 (1 inst); ScaleAddition_E4M3_to_E2M3_scale_UE6M2_wide11: 3.060e-04 (1 inst); ScaleToFP14b_E4M3_x_E2M3_UE6M2_wide17: 1.450e-04 (1 inst),1.7363,575.9,1059,0.372,0.0366,2048,1,atfmax
baseline_act-E3M2_w-E2M1_UE4M3,baseline,E3M2,E2M1,UE4M3,597,true,0.0000,4484.339996,CustomOperator_E3M2_to_E2M1_0: 23.5620 (1 inst); CustomOperator_E3M2_to_E2M1_1: 40.4460 (1 inst); CustomOperator_E3M2_to_E2M1_2: 56.8260 (1 inst); CustomOperator_E3M2_to_E2M1_3: 67.9140 (1 inst); FPNAdder: 940.2120 (1 inst); FixedFPTree_exp6_mant5_out9_vec4_range8: 2097.0180 (1 inst); SNPS_CLOCK_GATE: 1.8900 (1 inst); ScaleAddition_E3M2_to_E2M1_scale_UE4M3_wide9: 780.5700 (1 inst); ScaleToFP14b_E3M2_x_E2M1_UE4M3_wide17: 394.1280 (1 inst),2.766000e-03,CustomOperator_E3M2_to_E2M1_0: 1.070e-05 (1 inst); CustomOperator_E3M2_to_E2M1_1: 1.410e-05 (1 inst); CustomOperator_E3M2_to_E2M1_2: 1.890e-05 (1 inst); CustomOperator_E3M2_to_E2M1_3: 2.100e-05 (1 inst); FPNAdder: 5.420e-04 (1 inst); FixedFPTree_exp6_mant5_out9_vec4_range8: 1.240e-03 (1 inst); SNPS_CLOCK_GATE: 5.760e-07 (1 inst); ScaleAddition_E3M2_to_E2M1_scale_UE4M3_wide9: 6.380e-04 (1 inst); ScaleToFP14b_E3M2_x_E2M1_UE4M3_wide17: 2.670e-04 (1 inst),1.600000e-03,CustomOperator_E3M2_to_E2M1_0: 1.610e-05 (1 inst); CustomOperator_E3M2_to_E2M1_1: 2.190e-05 (1 inst); CustomOperator_E3M2_to_E2M1_2: 3.150e-05 (1 inst); CustomOperator_E3M2_to_E2M1_3: 3.390e-05 (1 inst); FPNAdder: 2.660e-04 (1 inst); FixedFPTree_exp6_mant5_out9_vec4_range8: 7.810e-04 (1 inst); SNPS_CLOCK_GATE: 7.720e-06 (1 inst); ScaleAddition_E3M2_to_E2M1_scale_UE4M3_wide9: 2.360e-04 (1 inst); ScaleToFP14b_E3M2_x_E2M1_UE4M3_wide17: 1.310e-04 (1 inst),1.6750,597.0,1059,0.372,0.0366,2048,1,atfmax
baseline_act-E3M2_w-E3M2_UE5M3,baseline,E3M2,E3M2,UE5M3,597,false,-0.1000,5822.837999,CustomOperator_E3M2_to_E3M2_0: 44.8560 (1 inst); CustomOperator_E3M2_to_E3M2_1: 48.1320 (1 inst); CustomOperator_E3M2_to_E3M2_2: 112.2660 (1 inst); CustomOperator_E3M2_to_E3M2_3: 101.8080 (1 inst); FPNAdder: 1174.9500 (1 inst); FixedFPTree_exp7_mant6_out9_vec4_range12: 2888.9280 (1 inst); SNPS_CLOCK_GATE: 1.8900 (1 inst); ScaleAddition_E3M2_to_E3M2_scale_UE5M3_wide9: 888.1740 (1 inst); ScaleToFP14b_E3M2_x_E3M2_UE5M3_wide17: 476.6580 (1 inst),3.878000e-03,CustomOperator_E3M2_to_E3M2_0: 1.840e-05 (1 inst); CustomOperator_E3M2_to_E3M2_1: 1.890e-05 (1 inst); CustomOperator_E3M2_to_E3M2_2: 3.520e-05 (1 inst); CustomOperator_E3M2_to_E3M2_3: 3.150e-05 (1 inst); FPNAdder: 6.610e-04 (1 inst); FixedFPTree_exp7_mant6_out9_vec4_range12: 2.000e-03 (1 inst); SNPS_CLOCK_GATE: 5.980e-07 (1 inst); ScaleAddition_E3M2_to_E3M2_scale_UE5M3_wide9: 7.660e-04 (1 inst); ScaleToFP14b_E3M2_x_E3M2_UE5M3_wide17: 3.250e-04 (1 inst),2.117000e-03,CustomOperator_E3M2_to_E3M2_0: 2.460e-05 (1 inst); CustomOperator_E3M2_to_E3M2_1: 2.530e-05 (1 inst); CustomOperator_E3M2_to_E3M2_2: 4.800e-05 (1 inst); CustomOperator_E3M2_to_E3M2_3: 4.020e-05 (1 inst); FPNAdder: 3.380e-04 (1 inst); FixedFPTree_exp7_mant6_out9_vec4_range12: 1.100e-03 (1 inst); SNPS_CLOCK_GATE: 7.720e-06 (1 inst); ScaleAddition_E3M2_to_E3M2_scale_UE5M3_wide9: 3.100e-04 (1 inst); ScaleToFP14b_E3M2_x_E3M2_UE5M3_wide17: 1.520e-04 (1 inst),1.7750,563.4,1059,0.372,0.0366,2048,1,atfmax
baseline_act-INT8_w-E4M3_UE7M1,baseline,INT8,E4M3,UE7M1,597,false,-0.0900,8126.244001,CustomOperator_INT8_to_E4M3_0: 101.0520 (1 inst); CustomOperator_INT8_to_E4M3_1: 108.7380 (1 inst); CustomOperator_INT8_to_E4M3_2: 127.2600 (1 inst); CustomOperator_INT8_to_E4M3_3: 119.9520 (1 inst); FPNAdder: 1391.9220 (1 inst); FixedFPTree_exp8_mant11_out18_vec4_range14: 4823.7840 (1 inst); SNPS_CLOCK_GATE: 1.8900 (1 inst); ScaleAddition_INT8_to_E4M3_scale_UE7M1_wide18: 763.8120 (1 inst); ScaleToFP19b_INT8_x_E4M3_UE7M1_wide22: 579.8520 (1 inst),5.460000e-03,CustomOperator_INT8_to_E4M3_0: 4.340e-05 (1 inst); CustomOperator_INT8_to_E4M3_1: 4.650e-05 (1 inst); CustomOperator_INT8_to_E4M3_2: 4.750e-05 (1 inst); CustomOperator_INT8_to_E4M3_3: 4.670e-05 (1 inst); FPNAdder: 8.320e-04 (1 inst); FixedFPTree_exp8_mant11_out18_vec4_range14: 3.360e-03 (1 inst); SNPS_CLOCK_GATE: 6.450e-07 (1 inst); ScaleAddition_INT8_to_E4M3_scale_UE7M1_wide18: 6.330e-04 (1 inst); ScaleToFP19b_INT8_x_E4M3_UE7M1_wide22: 4.240e-04 (1 inst),2.871000e-03,CustomOperator_INT8_to_E4M3_0: 5.100e-05 (1 inst); CustomOperator_INT8_to_E4M3_1: 5.220e-05 (1 inst); CustomOperator_INT8_to_E4M3_2: 5.580e-05 (1 inst); CustomOperator_INT8_to_E4M3_3: 5.400e-05 (1 inst); FPNAdder: 4.090e-04 (1 inst); FixedFPTree_exp8_mant11_out18_vec4_range14: 1.740e-03 (1 inst); SNPS_CLOCK_GATE: 8.670e-06 (1 inst); ScaleAddition_INT8_to_E4M3_scale_UE7M1_wide18: 2.370e-04 (1 inst); ScaleToFP19b_INT8_x_E4M3_UE7M1_wide22: 1.760e-04 (1 inst),1.7650,566.6,1059,0.372,0.0366,2048,1,atfmax
baseline_act-E2M1_w-E2M1_UE8M0,baseline,E2M1,E2M1,UE8M0,600,true,0.0000,1052.729998,CustomOperator_E2M1_to_E2M1_0: 9.0720 (1 inst); CustomOperator_E2M1_to_E2M1_1: 9.1980 (1 inst); CustomOperator_E2M1_to_E2M1_2: 9.8280 (1 inst); CustomOperator_E2M1_to_E2M1_3: 10.0800 (1 inst); DirectToFP14b_E2M1_x_E2M1_UE8M0_wide14: 74.0880 (1 inst); FPNAdder: 435.7080 (1 inst); FixedFPTree_exp7_mant4_out14_vec4_range4: 432.5580 (1 inst); SNPS_CLOCK_GATE: 1.8900 (1 inst),4.288000e-04,CustomOperator_E2M1_to_E2M1_0: 2.900e-06 (1 inst); CustomOperator_E2M1_to_E2M1_1: 2.890e-06 (1 inst); CustomOperator_E2M1_to_E2M1_2: 3.240e-06 (1 inst); CustomOperator_E2M1_to_E2M1_3: 3.110e-06 (1 inst); DirectToFP14b_E2M1_x_E2M1_UE8M0_wide14: 4.040e-05 (1 inst); FPNAdder: 1.620e-04 (1 inst); FixedFPTree_exp7_mant4_out14_vec4_range4: 2.040e-04 (1 inst); SNPS_CLOCK_GATE: 5.980e-07 (1 inst),3.394000e-04,CustomOperator_E2M1_to_E2M1_0: 5.200e-06 (1 inst); CustomOperator_E2M1_to_E2M1_1: 5.250e-06 (1 inst); CustomOperator_E2M1_to_E2M1_2: 5.720e-06 (1 inst); CustomOperator_E2M1_to_E2M1_3: 5.130e-06 (1 inst); DirectToFP14b_E2M1_x_E2M1_UE8M0_wide14: 1.050e-05 (1 inst); FPNAdder: 8.310e-05 (1 inst); FixedFPTree_exp7_mant4_out14_vec4_range4: 1.550e-04 (1 inst); SNPS_CLOCK_GATE: 7.760e-06 (1 inst),1.6667,600.0,1059,0.372,0.0366,2048,1,e2m1_fsweep
baseline_act-E2M3_w-E2M1_UE8M0,baseline,E2M3,E2M1,UE8M0,600,true,0.0000,1300.194001,CustomOperator_E2M3_to_E2M1_0: 17.3880 (1 inst); CustomOperator_E2M3_to_E2M1_1: 17.2620 (1 inst); CustomOperator_E2M3_to_E2M1_2: 19.4040 (1 inst); CustomOperator_E2M3_to_E2M1_3: 19.9080 (1 inst); DirectToFP14b_E2M3_x_E2M1_UE8M0: 66.4020 (1 inst); FPNAdder: 486.3600 (1 inst); FixedFPTree_exp6_mant6_out6_vec4_range4: 598.2480 (1 inst); SNPS_CLOCK_GATE: 1.8900 (1 inst),5.923000e-04,CustomOperator_E2M3_to_E2M1_0: 5.940e-06 (1 inst); CustomOperator_E2M3_to_E2M1_1: 5.850e-06 (1 inst); CustomOperator_E2M3_to_E2M1_2: 6.390e-06 (1 inst); CustomOperator_E2M3_to_E2M1_3: 6.880e-06 (1 inst); DirectToFP14b_E2M3_x_E2M1_UE8M0: 4.190e-05 (1 inst); FPNAdder: 1.830e-04 (1 inst); FixedFPTree_exp6_mant6_out6_vec4_range4: 3.330e-04 (1 inst); SNPS_CLOCK_GATE: 5.970e-07 (1 inst),4.656000e-04,CustomOperator_E2M3_to_E2M1_0: 1.030e-05 (1 inst); CustomOperator_E2M3_to_E2M1_1: 1.010e-05 (1 inst); CustomOperator_E2M3_to_E2M1_2: 1.120e-05 (1 inst); CustomOperator_E2M3_to_E2M1_3: 1.130e-05 (1 inst); DirectToFP14b_E2M3_x_E2M1_UE8M0: 1.330e-05 (1 inst); FPNAdder: 9.570e-05 (1 inst); FixedFPTree_exp6_mant6_out6_vec4_range4: 2.420e-04 (1 inst); SNPS_CLOCK_GATE: 7.760e-06 (1 inst),1.6667,600.0,1059,0.372,0.0366,2048,1,5freq
baseline_act-E2M3_w-E2M3_UE8M0,baseline,E2M3,E2M3,UE8M0,600,true,0.0100,1474.956000,CustomOperator_E2M3_to_E2M3_0: 42.8400 (1 inst); CustomOperator_E2M3_to_E2M3_1: 42.9660 (1 inst); CustomOperator_E2M3_to_E2M3_2: 45.9900 (1 inst); CustomOperator_E2M3_to_E2M3_3: 45.6120 (1 inst); DirectToFP14b_E2M3_x_E2M3_UE8M0: 70.9380 (1 inst); FPNAdder: 461.4120 (1 inst); FixedFPTree_exp6_mant8_out8_vec4_range4: 694.0080 (1 inst); SNPS_CLOCK_GATE: 1.8900 (1 inst),7.307000e-04,CustomOperator_E2M3_to_E2M3_0: 1.470e-05 (1 inst); CustomOperator_E2M3_to_E2M3_1: 1.510e-05 (1 inst); CustomOperator_E2M3_to_E2M3_2: 1.530e-05 (1 inst); CustomOperator_E2M3_to_E2M3_3: 1.560e-05 (1 inst); DirectToFP14b_E2M3_x_E2M3_UE8M0: 4.310e-05 (1 inst); FPNAdder: 1.980e-04 (1 inst); FixedFPTree_exp6_mant8_out8_vec4_range4: 4.190e-04 (1 inst); SNPS_CLOCK_GATE: 5.860e-07 (1 inst),5.847000e-04,CustomOperator_E2M3_to_E2M3_0: 2.250e-05 (1 inst); CustomOperator_E2M3_to_E2M3_1: 2.280e-05 (1 inst); CustomOperator_E2M3_to_E2M3_2: 2.410e-05 (1 inst); CustomOperator_E2M3_to_E2M3_3: 2.400e-05 (1 inst); DirectToFP14b_E2M3_x_E2M3_UE8M0: 1.350e-05 (1 inst); FPNAdder: 1.060e-04 (1 inst); FixedFPTree_exp6_mant8_out8_vec4_range4: 2.960e-04 (1 inst); SNPS_CLOCK_GATE: 7.760e-06 (1 inst),1.6567,603.6,1059,0.372,0.0366,2048,1,5freq
baseline_act-INT8_w-E2M1_UE8M0,baseline,INT8,E2M1,UE8M0,600,true,0.0000,1616.454000,CustomOperator_INT8_to_E2M1_0: 35.9100 (1 inst); CustomOperator_INT8_to_E2M1_1: 36.1620 (1 inst); CustomOperator_INT8_to_E2M1_2: 37.2960 (1 inst); CustomOperator_INT8_to_E2M1_3: 36.6660 (1 inst); DirectToFP19b_INT8_x_E2M1_UE8M0: 76.2300 (1 inst); FPNAdder: 631.1340 (1 inst); FixedFPTree_exp7_mant9_out9_vec4_range2: 671.3280 (1 inst); SNPS_CLOCK_GATE: 1.8900 (1 inst),7.786000e-04,CustomOperator_INT8_to_E2M1_0: 1.310e-05 (1 inst); CustomOperator_INT8_to_E2M1_1: 1.320e-05 (1 inst); CustomOperator_INT8_to_E2M1_2: 1.380e-05 (1 inst); CustomOperator_INT8_to_E2M1_3: 1.340e-05 (1 inst); DirectToFP19b_INT8_x_E2M1_UE8M0: 4.530e-05 (1 inst); FPNAdder: 2.700e-04 (1 inst); FixedFPTree_exp7_mant9_out9_vec4_range2: 3.970e-04 (1 inst); SNPS_CLOCK_GATE: 6.450e-07 (1 inst),6.229000e-04,CustomOperator_INT8_to_E2M1_0: 1.850e-05 (1 inst); CustomOperator_INT8_to_E2M1_1: 1.830e-05 (1 inst); CustomOperator_INT8_to_E2M1_2: 1.940e-05 (1 inst); CustomOperator_INT8_to_E2M1_3: 1.800e-05 (1 inst); DirectToFP19b_INT8_x_E2M1_UE8M0: 1.510e-05 (1 inst); FPNAdder: 1.500e-04 (1 inst); FixedFPTree_exp7_mant9_out9_vec4_range2: 2.970e-04 (1 inst); SNPS_CLOCK_GATE: 8.720e-06 (1 inst),1.6667,600.0,1059,0.372,0.0366,2048,1,5freq
baseline_act-E3M2_w-E2M1_UE8M0,baseline,E3M2,E2M1,UE8M0,600,true,0.0000,1767.023998,CustomOperator_E3M2_to_E2M1_0: 17.8920 (1 inst); CustomOperator_E3M2_to_E2M1_1: 20.0340 (1 inst); CustomOperator_E3M2_to_E2M1_2: 37.2960 (1 inst); CustomOperator_E3M2_to_E2M1_3: 30.4920 (1 inst); DirectToFP14b_E3M2_x_E2M1_UE8M0: 75.8520 (1 inst); FPNAdder: 591.6960 (1 inst); FixedFPTree_exp6_mant5_out5_vec4_range8: 917.7840 (1 inst); SNPS_CLOCK_GATE: 1.8900 (1 inst),8.110000e-04,CustomOperator_E3M2_to_E2M1_0: 7.390e-06 (1 inst); CustomOperator_E3M2_to_E2M1_1: 7.010e-06 (1 inst); CustomOperator_E3M2_to_E2M1_2: 1.040e-05 (1 inst); CustomOperator_E3M2_to_E2M1_3: 8.910e-06 (1 inst); DirectToFP14b_E3M2_x_E2M1_UE8M0: 4.590e-05 (1 inst); FPNAdder: 2.270e-04 (1 inst); FixedFPTree_exp6_mant5_out5_vec4_range8: 4.950e-04 (1 inst); SNPS_CLOCK_GATE: 5.850e-07 (1 inst),6.048000e-04,CustomOperator_E3M2_to_E2M1_0: 1.160e-05 (1 inst); CustomOperator_E3M2_to_E2M1_1: 1.150e-05 (1 inst); CustomOperator_E3M2_to_E2M1_2: 1.740e-05 (1 inst); CustomOperator_E3M2_to_E2M1_3: 1.470e-05 (1 inst); DirectToFP14b_E3M2_x_E2M1_UE8M0: 1.580e-05 (1 inst); FPNAdder: 1.330e-04 (1 inst); FixedFPTree_exp6_mant5_out5_vec4_range8: 3.300e-04 (1 inst); SNPS_CLOCK_GATE: 7.760e-06 (1 inst),1.6667,600.0,1059,0.372,0.0366,2048,1,5freq
baseline_act-E3M2_w-E2M3_UE8M0,baseline,E3M2,E2M3,UE8M0,600,true,0.0000,1796.382001,CustomOperator_E3M2_to_E2M3_0: 30.4920 (1 inst); CustomOperator_E3M2_to_E2M3_1: 33.0120 (1 inst); CustomOperator_E3M2_to_E2M3_2: 38.4300 (1 inst); CustomOperator_E3M2_to_E2M3_3: 45.6120 (1 inst); DirectToFP14b_E3M2_x_E2M3_UE8M0: 73.5840 (1 inst); FPNAdder: 562.7160 (1 inst); FixedFPTree_exp6_mant7_out7_vec4_range8: 938.0700 (1 inst); SNPS_CLOCK_GATE: 1.8900 (1 inst),8.835000e-04,CustomOperator_E3M2_to_E2M3_0: 1.150e-05 (1 inst); CustomOperator_E3M2_to_E2M3_1: 1.200e-05 (1 inst); CustomOperator_E3M2_to_E2M3_2: 1.210e-05 (1 inst); CustomOperator_E3M2_to_E2M3_3: 1.390e-05 (1 inst); DirectToFP14b_E3M2_x_E2M3_UE8M0: 4.420e-05 (1 inst); FPNAdder: 2.320e-04 (1 inst); FixedFPTree_exp6_mant7_out7_vec4_range8: 5.470e-04 (1 inst); SNPS_CLOCK_GATE: 5.830e-07 (1 inst),6.532000e-04,CustomOperator_E3M2_to_E2M3_0: 1.730e-05 (1 inst); CustomOperator_E3M2_to_E2M3_1: 1.830e-05 (1 inst); CustomOperator_E3M2_to_E2M3_2: 1.890e-05 (1 inst); CustomOperator_E3M2_to_E2M3_3: 2.160e-05 (1 inst); DirectToFP14b_E3M2_x_E2M3_UE8M0: 1.480e-05 (1 inst); FPNAdder: 1.360e-04 (1 inst); FixedFPTree_exp6_mant7_out7_vec4_range8: 3.530e-04 (1 inst); SNPS_CLOCK_GATE: 7.760e-06 (1 inst),1.6667,600.0,1059,0.372,0.0366,2048,1,5freq
baseline_act-INT8_w-INT8_UE8M0,baseline,INT8,INT8,UE8M0,600,true,0.0000,1875.258002,CustomOperator_INT8_to_INT8_0: 163.8000 (1 inst); CustomOperator_INT8_to_INT8_1: 163.0440 (1 inst); CustomOperator_INT8_to_INT8_2: 160.1460 (1 inst); CustomOperator_INT8_to_INT8_3: 151.9560 (1 inst); DirectToFP19b_INT8_x_INT8_UE8M0: 87.1920 (1 inst); FPNAdder: 611.1000 (1 inst); FixedFPTree_exp7_mant14_out14_vec4_range0: 447.0480 (1 inst); SNPS_CLOCK_GATE: 1.8900 (1 inst),1.101000e-03,CustomOperator_INT8_to_INT8_0: 9.170e-05 (1 inst); CustomOperator_INT8_to_INT8_1: 9.160e-05 (1 inst); CustomOperator_INT8_to_INT8_2: 9.110e-05 (1 inst); CustomOperator_INT8_to_INT8_3: 8.810e-05 (1 inst); DirectToFP19b_INT8_x_INT8_UE8M0: 5.480e-05 (1 inst); FPNAdder: 2.890e-04 (1 inst); FixedFPTree_exp7_mant14_out14_vec4_range0: 3.800e-04 (1 inst); SNPS_CLOCK_GATE: 6.600e-07 (1 inst),8.589000e-04,CustomOperator_INT8_to_INT8_0: 8.840e-05 (1 inst); CustomOperator_INT8_to_INT8_1: 8.970e-05 (1 inst); CustomOperator_INT8_to_INT8_2: 8.890e-05 (1 inst); CustomOperator_INT8_to_INT8_3: 8.230e-05 (1 inst); DirectToFP19b_INT8_x_INT8_UE8M0: 1.810e-05 (1 inst); FPNAdder: 1.650e-04 (1 inst); FixedFPTree_exp7_mant14_out14_vec4_range0: 2.350e-04 (1 inst); SNPS_CLOCK_GATE: 8.720e-06 (1 inst),1.6667,600.0,1059,0.372,0.0366,2048,1,5freq
baseline_act-E2M1_w-E2M1_UE7M1,baseline,E2M1,E2M1,UE7M1,600,true,0.0000,1933.721999,CustomOperator_E2M1_to_E2M1_0: 9.7020 (1 inst); CustomOperator_E2M1_to_E2M1_1: 11.9700 (1 inst); CustomOperator_E2M1_to_E2M1_2: 27.2160 (1 inst); CustomOperator_E2M1_to_E2M1_3: 24.4440 (1 inst); FPNAdder: 628.8660 (1 inst); FixedFPTree_exp7_mant4_out13_vec4_range4: 655.8300 (1 inst); SNPS_CLOCK_GATE: 1.8900 (1 inst); ScaleAddition_E2M1_to_E2M1_scale_UE7M1_wide13: 244.6920 (1 inst); ScaleToFP14b_E2M1_x_E2M1_UE7M1_wide17: 254.8980 (1 inst),8.648000e-04,CustomOperator_E2M1_to_E2M1_0: 3.590e-06 (1 inst); CustomOperator_E2M1_to_E2M1_1: 4.460e-06 (1 inst); CustomOperator_E2M1_to_E2M1_2: 8.200e-06 (1 inst); CustomOperator_E2M1_to_E2M1_3: 6.640e-06 (1 inst); FPNAdder: 2.680e-04 (1 inst); FixedFPTree_exp7_mant4_out13_vec4_range4: 3.370e-04 (1 inst); SNPS_CLOCK_GATE: 6.050e-07 (1 inst); ScaleAddition_E2M1_to_E2M1_scale_UE7M1_wide13: 1.080e-04 (1 inst); ScaleToFP14b_E2M1_x_E2M1_UE7M1_wide17: 1.170e-04 (1 inst),6.008000e-04,CustomOperator_E2M1_to_E2M1_0: 6.350e-06 (1 inst); CustomOperator_E2M1_to_E2M1_1: 7.450e-06 (1 inst); CustomOperator_E2M1_to_E2M1_2: 1.470e-05 (1 inst); CustomOperator_E2M1_to_E2M1_3: 1.100e-05 (1 inst); FPNAdder: 1.390e-04 (1 inst); FixedFPTree_exp7_mant4_out13_vec4_range4: 2.590e-04 (1 inst); SNPS_CLOCK_GATE: 7.760e-06 (1 inst); ScaleAddition_E2M1_to_E2M1_scale_UE7M1_wide13: 4.360e-05 (1 inst); ScaleToFP14b_E2M1_x_E2M1_UE7M1_wide17: 4.850e-05 (1 inst),1.6667,600.0,1059,0.372,0.0366,2048,1,e2m1_fsweep
baseline_act-INT8_w-E2M3_UE8M0,baseline,INT8,E2M3,UE8M0,600,true,0.0000,1971.396000,CustomOperator_INT8_to_E2M3_0: 81.7740 (1 inst); CustomOperator_INT8_to_E2M3_1: 83.6640 (1 inst); CustomOperator_INT8_to_E2M3_2: 89.2080 (1 inst); CustomOperator_INT8_to_E2M3_3: 89.9640 (1 inst); DirectToFP19b_INT8_x_E2M3_UE8M0: 86.3100 (1 inst); FPNAdder: 657.2160 (1 inst); FixedFPTree_exp7_mant11_out11_vec4_range2: 793.9260 (1 inst); SNPS_CLOCK_GATE: 1.8900 (1 inst),1.021000e-03,CustomOperator_INT8_to_E2M3_0: 3.450e-05 (1 inst); CustomOperator_INT8_to_E2M3_1: 3.550e-05 (1 inst); CustomOperator_INT8_to_E2M3_2: 3.640e-05 (1 inst); CustomOperator_INT8_to_E2M3_3: 4.210e-05 (1 inst); DirectToFP19b_INT8_x_E2M3_UE8M0: 5.190e-05 (1 inst); FPNAdder: 2.940e-04 (1 inst); FixedFPTree_exp7_mant11_out11_vec4_range2: 5.130e-04 (1 inst); SNPS_CLOCK_GATE: 6.570e-07 (1 inst),8.020000e-04,CustomOperator_INT8_to_E2M3_0: 3.930e-05 (1 inst); CustomOperator_INT8_to_E2M3_1: 4.010e-05 (1 inst); CustomOperator_INT8_to_E2M3_2: 4.380e-05 (1 inst); CustomOperator_INT8_to_E2M3_3: 5.110e-05 (1 inst); DirectToFP19b_INT8_x_E2M3_UE8M0: 1.580e-05 (1 inst); FPNAdder: 1.670e-04 (1 inst); FixedFPTree_exp7_mant11_out11_vec4_range2: 3.560e-04 (1 inst); SNPS_CLOCK_GATE: 8.720e-06 (1 inst),1.6667,600.0,1059,0.372,0.0366,2048,1,5freq
baseline_act-INT8_w-E3M2_UE8M0,baseline,INT8,E3M2,UE8M0,600,true,0.0000,1987.902002,CustomOperator_INT8_to_E3M2_0: 63.0000 (1 inst); CustomOperator_INT8_to_E3M2_1: 59.4720 (1 inst); CustomOperator_INT8_to_E3M2_2: 64.6380 (1 inst); CustomOperator_INT8_to_E3M2_3: 61.2360 (1 inst); DirectToFP19b_INT8_x_E3M2_UE8M0: 91.0980 (1 inst); FPNAdder: 681.7860 (1 inst); FixedFPTree_exp7_mant10_out10_vec4_range6: 876.3300 (1 inst); SNPS_CLOCK_GATE: 1.8900 (1 inst),1.053000e-03,CustomOperator_INT8_to_E3M2_0: 2.560e-05 (1 inst); CustomOperator_INT8_to_E3M2_1: 2.480e-05 (1 inst); CustomOperator_INT8_to_E3M2_2: 2.640e-05 (1 inst); CustomOperator_INT8_to_E3M2_3: 2.550e-05 (1 inst); DirectToFP19b_INT8_x_E3M2_UE8M0: 5.770e-05 (1 inst); FPNAdder: 2.980e-04 (1 inst); FixedFPTree_exp7_mant10_out10_vec4_range6: 5.820e-04 (1 inst); SNPS_CLOCK_GATE: 6.580e-07 (1 inst),8.023000e-04,CustomOperator_INT8_to_E3M2_0: 3.140e-05 (1 inst); CustomOperator_INT8_to_E3M2_1: 3.260e-05 (1 inst); CustomOperator_INT8_to_E3M2_2: 3.550e-05 (1 inst); CustomOperator_INT8_to_E3M2_3: 3.330e-05 (1 inst); DirectToFP19b_INT8_x_E3M2_UE8M0: 1.720e-05 (1 inst); FPNAdder: 1.630e-04 (1 inst); FixedFPTree_exp7_mant10_out10_vec4_range6: 4.010e-04 (1 inst); SNPS_CLOCK_GATE: 8.720e-06 (1 inst),1.6667,600.0,1059,0.372,0.0366,2048,1,5freq
baseline_act-E3M2_w-E3M2_UE8M0,baseline,E3M2,E3M2,UE8M0,600,true,0.0000,2129.400002,CustomOperator_E3M2_to_E3M2_0: 35.4060 (1 inst); CustomOperator_E3M2_to_E3M2_1: 47.2500 (1 inst); CustomOperator_E3M2_to_E3M2_2: 60.6060 (1 inst); CustomOperator_E3M2_to_E3M2_3: 61.8660 (1 inst); DirectToFP14b_E3M2_x_E3M2_UE8M0: 84.2940 (1 inst); FPNAdder: 576.1980 (1 inst); FixedFPTree_exp6_mant6_out6_vec4_range12: 1189.5660 (1 inst); SNPS_CLOCK_GATE: 1.8900 (1 inst),1.042000e-03,CustomOperator_E3M2_to_E3M2_0: 1.520e-05 (1 inst); CustomOperator_E3M2_to_E3M2_1: 1.700e-05 (1 inst); CustomOperator_E3M2_to_E3M2_2: 2.180e-05 (1 inst); CustomOperator_E3M2_to_E3M2_3: 2.120e-05 (1 inst); DirectToFP14b_E3M2_x_E3M2_UE8M0: 5.150e-05 (1 inst); FPNAdder: 2.440e-04 (1 inst); FixedFPTree_exp6_mant6_out6_vec4_range12: 6.610e-04 (1 inst); SNPS_CLOCK_GATE: 5.980e-07 (1 inst),7.318000e-04,CustomOperator_E3M2_to_E3M2_0: 1.880e-05 (1 inst); CustomOperator_E3M2_to_E3M2_1: 2.350e-05 (1 inst); CustomOperator_E3M2_to_E3M2_2: 3.010e-05 (1 inst); CustomOperator_E3M2_to_E3M2_3: 2.670e-05 (1 inst); DirectToFP14b_E3M2_x_E3M2_UE8M0: 1.320e-05 (1 inst); FPNAdder: 1.300e-04 (1 inst); FixedFPTree_exp6_mant6_out6_vec4_range12: 4.170e-04 (1 inst); SNPS_CLOCK_GATE: 7.760e-06 (1 inst),1.6667,600.0,1059,0.372,0.0366,2048,1,5freq
baseline_act-E2M3_w-E2M1_UE7M1,baseline,E2M3,E2M1,UE7M1,600,true,0.0000,2292.696003,CustomOperator_E2M3_to_E2M1_0: 17.0100 (1 inst); CustomOperator_E2M3_to_E2M1_1: 21.0420 (1 inst); CustomOperator_E2M3_to_E2M1_2: 35.0280 (1 inst); CustomOperator_E2M3_to_E2M1_3: 26.7120 (1 inst); FPNAdder: 719.3340 (1 inst); FixedFPTree_exp7_mant6_out13_vec4_range4: 866.7540 (1 inst); SNPS_CLOCK_GATE: 1.8900 (1 inst); ScaleAddition_E2M3_to_E2M1_scale_UE7M1_wide13: 246.7080 (1 inst); ScaleToFP14b_E2M3_x_E2M1_UE7M1_wide17: 283.8780 (1 inst),1.216000e-03,CustomOperator_E2M3_to_E2M1_0: 5.550e-06 (1 inst); CustomOperator_E2M3_to_E2M1_1: 7.610e-06 (1 inst); CustomOperator_E2M3_to_E2M1_2: 1.050e-05 (1 inst); CustomOperator_E2M3_to_E2M1_3: 8.550e-06 (1 inst); FPNAdder: 3.390e-04 (1 inst); FixedFPTree_exp7_mant6_out13_vec4_range4: 5.340e-04 (1 inst); SNPS_CLOCK_GATE: 5.920e-07 (1 inst); ScaleAddition_E2M3_to_E2M1_scale_UE7M1_wide13: 1.470e-04 (1 inst); ScaleToFP14b_E2M3_x_E2M1_UE7M1_wide17: 1.500e-04 (1 inst),8.446000e-04,CustomOperator_E2M3_to_E2M1_0: 9.640e-06 (1 inst); CustomOperator_E2M3_to_E2M1_1: 1.260e-05 (1 inst); CustomOperator_E2M3_to_E2M1_2: 1.890e-05 (1 inst); CustomOperator_E2M3_to_E2M1_3: 1.420e-05 (1 inst); FPNAdder: 1.850e-04 (1 inst); FixedFPTree_exp7_mant6_out13_vec4_range4: 3.840e-04 (1 inst); SNPS_CLOCK_GATE: 7.760e-06 (1 inst); ScaleAddition_E2M3_to_E2M1_scale_UE7M1_wide13: 6.910e-05 (1 inst); ScaleToFP14b_E2M3_x_E2M1_UE7M1_wide17: 7.640e-05 (1 inst),1.6667,600.0,1059,0.372,0.0366,2048,1,5freq
baseline_act-E2M1_w-E2M1_UE6M2,baseline,E2M1,E2M1,UE6M2,600,true,0.0000,2358.594001,CustomOperator_E2M1_to_E2M1_0: 11.3400 (1 inst); CustomOperator_E2M1_to_E2M1_1: 14.6160 (1 inst); CustomOperator_E2M1_to_E2M1_2: 22.6800 (1 inst); CustomOperator_E2M1_to_E2M1_3: 24.9480 (1 inst); FPNAdder: 727.9020 (1 inst); FixedFPTree_exp6_mant4_out11_vec4_range4: 838.1520 (1 inst); SNPS_CLOCK_GATE: 1.8900 (1 inst); ScaleAddition_E2M1_to_E2M1_scale_UE6M2_wide11: 355.4460 (1 inst); ScaleToFP14b_E2M1_x_E2M1_UE6M2_wide17: 282.1140 (1 inst),1.218000e-03,CustomOperator_E2M1_to_E2M1_0: 4.210e-06 (1 inst); CustomOperator_E2M1_to_E2M1_1: 5.750e-06 (1 inst); CustomOperator_E2M1_to_E2M1_2: 6.990e-06 (1 inst); CustomOperator_E2M1_to_E2M1_3: 7.040e-06 (1 inst); FPNAdder: 3.480e-04 (1 inst); FixedFPTree_exp6_mant4_out11_vec4_range4: 4.490e-04 (1 inst); SNPS_CLOCK_GATE: 5.890e-07 (1 inst); ScaleAddition_E2M1_to_E2M1_scale_UE6M2_wide11: 2.130e-04 (1 inst); ScaleToFP14b_E2M1_x_E2M1_UE6M2_wide17: 1.680e-04 (1 inst),7.941000e-04,CustomOperator_E2M1_to_E2M1_0: 6.960e-06 (1 inst); CustomOperator_E2M1_to_E2M1_1: 9.800e-06 (1 inst); CustomOperator_E2M1_to_E2M1_2: 1.180e-05 (1 inst); CustomOperator_E2M1_to_E2M1_3: 1.180e-05 (1 inst); FPNAdder: 1.810e-04 (1 inst); FixedFPTree_exp6_mant4_out11_vec4_range4: 3.330e-04 (1 inst); SNPS_CLOCK_GATE: 7.760e-06 (1 inst); ScaleAddition_E2M1_to_E2M1_scale_UE6M2_wide11: 9.870e-05 (1 inst); ScaleToFP14b_E2M1_x_E2M1_UE6M2_wide17: 6.470e-05 (1 inst),1.6667,600.0,1059,0.372,0.0366,2048,1,e2m1_fsweep
baseline_act-E4M3_w-E2M1_UE8M0,baseline,E4M3,E2M1,UE8M0,600,true,0.0000,2637.684003,CustomOperator_E4M3_to_E2M1_0: 25.3260 (1 inst); CustomOperator_E4M3_to_E2M1_1: 29.3580 (1 inst); CustomOperator_E4M3_to_E2M1_2: 48.2580 (1 inst); CustomOperator_E4M3_to_E2M1_3: 50.2740 (1 inst); DirectToFP14b_E4M3_x_E2M1_UE8M0: 100.1700 (1 inst); FPNAdder: 686.0700 (1 inst); FixedFPTree_exp7_mant6_out6_vec4_range16: 1613.5560 (1 inst); SNPS_CLOCK_GATE: 1.8900 (1 inst),1.336000e-03,CustomOperator_E4M3_to_E2M1_0: 9.320e-06 (1 inst); CustomOperator_E4M3_to_E2M1_1: 1.120e-05 (1 inst); CustomOperator_E4M3_to_E2M1_2: 1.700e-05 (1 inst); CustomOperator_E4M3_to_E2M1_3: 1.520e-05 (1 inst); DirectToFP14b_E4M3_x_E2M1_UE8M0: 6.040e-05 (1 inst); FPNAdder: 2.620e-04 (1 inst); FixedFPTree_exp7_mant6_out6_vec4_range16: 9.490e-04 (1 inst); SNPS_CLOCK_GATE: 5.900e-07 (1 inst),8.333000e-04,CustomOperator_E4M3_to_E2M1_0: 1.460e-05 (1 inst); CustomOperator_E4M3_to_E2M1_1: 1.660e-05 (1 inst); CustomOperator_E4M3_to_E2M1_2: 2.610e-05 (1 inst); CustomOperator_E4M3_to_E2M1_3: 2.250e-05 (1 inst); DirectToFP14b_E4M3_x_E2M1_UE8M0: 1.900e-05 (1 inst); FPNAdder: 1.460e-04 (1 inst); FixedFPTree_exp7_mant6_out6_vec4_range16: 5.150e-04 (1 inst); SNPS_CLOCK_GATE: 7.760e-06 (1 inst),1.6667,600.0,1059,0.372,0.0366,2048,1,5freq
baseline_act-E2M1_w-E2M1_UE4M3,baseline,E2M1,E2M1,UE4M3,600,true,0.0000,2657.465997,CustomOperator_E2M1_to_E2M1_0: 11.5920 (1 inst); CustomOperator_E2M1_to_E2M1_1: 13.2300 (1 inst); CustomOperator_E2M1_to_E2M1_2: 23.3100 (1 inst); CustomOperator_E2M1_to_E2M1_3: 25.2000 (1 inst); FPNAdder: 803.6280 (1 inst); FixedFPTree_exp6_mant4_out9_vec4_range4: 977.1300 (1 inst); SNPS_CLOCK_GATE: 1.8900 (1 inst); ScaleAddition_E2M1_to_E2M1_scale_UE4M3_wide9: 446.7960 (1 inst); ScaleToFP14b_E2M1_x_E2M1_UE4M3_wide17: 282.4920 (1 inst),1.434000e-03,CustomOperator_E2M1_to_E2M1_0: 4.610e-06 (1 inst); CustomOperator_E2M1_to_E2M1_1: 4.730e-06 (1 inst); CustomOperator_E2M1_to_E2M1_2: 6.240e-06 (1 inst); CustomOperator_E2M1_to_E2M1_3: 7.120e-06 (1 inst); FPNAdder: 4.140e-04 (1 inst); FixedFPTree_exp6_mant4_out9_vec4_range4: 5.310e-04 (1 inst); SNPS_CLOCK_GATE: 5.910e-07 (1 inst); ScaleAddition_E2M1_to_E2M1_scale_UE4M3_wide9: 2.780e-04 (1 inst); ScaleToFP14b_E2M1_x_E2M1_UE4M3_wide17: 1.750e-04 (1 inst),8.692000e-04,CustomOperator_E2M1_to_E2M1_0: 7.600e-06 (1 inst); CustomOperator_E2M1_to_E2M1_1: 7.860e-06 (1 inst); CustomOperator_E2M1_to_E2M1_2: 1.150e-05 (1 inst); CustomOperator_E2M1_to_E2M1_3: 1.200e-05 (1 inst); FPNAdder: 2.040e-04 (1 inst); FixedFPTree_exp6_mant4_out9_vec4_range4: 3.930e-04 (1 inst); SNPS_CLOCK_GATE: 7.760e-06 (1 inst); ScaleAddition_E2M1_to_E2M1_scale_UE4M3_wide9: 8.750e-05 (1 inst); ScaleToFP14b_E2M1_x_E2M1_UE4M3_wide17: 7.110e-05 (1 inst),1.6667,600.0,1059,0.372,0.0366,2048,1,e2m1_fsweep
baseline_act-E2M3_w-E2M3_UE7M1,baseline,E2M3,E2M3,UE7M1,600,true,0.0000,2688.462003,CustomOperator_E2M3_to_E2M3_0: 45.3600 (1 inst); CustomOperator_E2M3_to_E2M3_1: 45.3600 (1 inst); CustomOperator_E2M3_to_E2M3_2: 56.8260 (1 inst); CustomOperator_E2M3_to_E2M3_3: 51.4080 (1 inst); FPNAdder: 781.3260 (1 inst); FixedFPTree_exp7_mant8_out13_vec4_range4: 1038.7440 (1 inst); SNPS_CLOCK_GATE: 1.8900 (1 inst); ScaleAddition_E2M3_to_E2M3_scale_UE7M1_wide13: 283.5000 (1 inst); ScaleToFP14b_E2M3_x_E2M3_UE7M1_wide17: 310.9680 (1 inst),1.579000e-03,CustomOperator_E2M3_to_E2M3_0: 1.730e-05 (1 inst); CustomOperator_E2M3_to_E2M3_1: 1.740e-05 (1 inst); CustomOperator_E2M3_to_E2M3_2: 1.880e-05 (1 inst); CustomOperator_E2M3_to_E2M3_3: 1.670e-05 (1 inst); FPNAdder: 4.090e-04 (1 inst); FixedFPTree_exp7_mant8_out13_vec4_range4: 6.770e-04 (1 inst); SNPS_CLOCK_GATE: 5.970e-07 (1 inst); ScaleAddition_E2M3_to_E2M3_scale_UE7M1_wide13: 2.150e-04 (1 inst); ScaleToFP14b_E2M3_x_E2M3_UE7M1_wide17: 1.930e-04 (1 inst),1.072000e-03,CustomOperator_E2M3_to_E2M3_0: 2.580e-05 (1 inst); CustomOperator_E2M3_to_E2M3_1: 2.620e-05 (1 inst); CustomOperator_E2M3_to_E2M3_2: 2.990e-05 (1 inst); CustomOperator_E2M3_to_E2M3_3: 2.580e-05 (1 inst); FPNAdder: 2.230e-04 (1 inst); FixedFPTree_exp7_mant8_out13_vec4_range4: 4.760e-04 (1 inst); SNPS_CLOCK_GATE: 7.760e-06 (1 inst); ScaleAddition_E2M3_to_E2M3_scale_UE7M1_wide13: 1.010e-04 (1 inst); ScaleToFP14b_E2M3_x_E2M3_UE7M1_wide17: 8.610e-05 (1 inst),1.6667,600.0,1059,0.372,0.0366,2048,1,5freq
baseline_act-E2M1_w-E2M1_UE5M3,baseline,E2M1,E2M1,UE5M3,600,true,0.0000,2713.662002,CustomOperator_E2M1_to_E2M1_0: 10.8360 (1 inst); CustomOperator_E2M1_to_E2M1_1: 13.3560 (1 inst); CustomOperator_E2M1_to_E2M1_2: 26.9640 (1 inst); CustomOperator_E2M1_to_E2M1_3: 26.8380 (1 inst); FPNAdder: 812.3220 (1 inst); FixedFPTree_exp6_mant4_out9_vec4_range4: 927.2340 (1 inst); SNPS_CLOCK_GATE: 1.8900 (1 inst); ScaleAddition_E2M1_to_E2M1_scale_UE5M3_wide9: 484.8480 (1 inst); ScaleToFP14b_E2M1_x_E2M1_UE5M3_wide17: 332.7660 (1 inst),1.468000e-03,CustomOperator_E2M1_to_E2M1_0: 3.970e-06 (1 inst); CustomOperator_E2M1_to_E2M1_1: 4.850e-06 (1 inst); CustomOperator_E2M1_to_E2M1_2: 6.760e-06 (1 inst); CustomOperator_E2M1_to_E2M1_3: 7.520e-06 (1 inst); FPNAdder: 4.140e-04 (1 inst); FixedFPTree_exp6_mant4_out9_vec4_range4: 5.020e-04 (1 inst); SNPS_CLOCK_GATE: 5.930e-07 (1 inst); ScaleAddition_E2M1_to_E2M1_scale_UE5M3_wide9: 3.050e-04 (1 inst); ScaleToFP14b_E2M1_x_E2M1_UE5M3_wide17: 2.070e-04 (1 inst),9.560000e-04,CustomOperator_E2M1_to_E2M1_0: 6.730e-06 (1 inst); CustomOperator_E2M1_to_E2M1_1: 8.330e-06 (1 inst); CustomOperator_E2M1_to_E2M1_2: 1.270e-05 (1 inst); CustomOperator_E2M1_to_E2M1_3: 1.260e-05 (1 inst); FPNAdder: 2.230e-04 (1 inst); FixedFPTree_exp6_mant4_out9_vec4_range4: 3.750e-04 (1 inst); SNPS_CLOCK_GATE: 7.760e-06 (1 inst); ScaleAddition_E2M1_to_E2M1_scale_UE5M3_wide9: 1.550e-04 (1 inst); ScaleToFP14b_E2M1_x_E2M1_UE5M3_wide17: 8.490e-05 (1 inst),1.6667,600.0,1059,0.372,0.0366,2048,1,e2m1_fsweep
baseline_act-E2M3_w-E2M1_UE6M2,baseline,E2M3,E2M1,UE6M2,600,true,0.0000,2722.734001,CustomOperator_E2M3_to_E2M1_0: 17.5140 (1 inst); CustomOperator_E2M3_to_E2M1_1: 20.9160 (1 inst); CustomOperator_E2M3_to_E2M1_2: 41.5800 (1 inst); CustomOperator_E2M3_to_E2M1_3: 32.5080 (1 inst); FPNAdder: 792.6660 (1 inst); FixedFPTree_exp6_mant6_out11_vec4_range4: 1038.8700 (1 inst); SNPS_CLOCK_GATE: 1.8900 (1 inst); ScaleAddition_E2M3_to_E2M1_scale_UE6M2_wide11: 436.8420 (1 inst); ScaleToFP14b_E2M3_x_E2M1_UE6M2_wide17: 258.9300 (1 inst),1.635000e-03,CustomOperator_E2M3_to_E2M1_0: 6.160e-06 (1 inst); CustomOperator_E2M3_to_E2M1_1: 7.570e-06 (1 inst); CustomOperator_E2M3_to_E2M1_2: 1.230e-05 (1 inst); CustomOperator_E2M3_to_E2M1_3: 9.610e-06 (1 inst); FPNAdder: 4.580e-04 (1 inst); FixedFPTree_exp6_mant6_out11_vec4_range4: 6.290e-04 (1 inst); SNPS_CLOCK_GATE: 5.930e-07 (1 inst); ScaleAddition_E2M3_to_E2M1_scale_UE6M2_wide11: 3.150e-04 (1 inst); ScaleToFP14b_E2M3_x_E2M1_UE6M2_wide17: 1.790e-04 (1 inst),1.062000e-03,CustomOperator_E2M3_to_E2M1_0: 1.030e-05 (1 inst); CustomOperator_E2M3_to_E2M1_1: 1.250e-05 (1 inst); CustomOperator_E2M3_to_E2M1_2: 2.320e-05 (1 inst); CustomOperator_E2M3_to_E2M1_3: 1.640e-05 (1 inst); FPNAdder: 2.330e-04 (1 inst); FixedFPTree_exp6_mant6_out11_vec4_range4: 4.510e-04 (1 inst); SNPS_CLOCK_GATE: 7.760e-06 (1 inst); ScaleAddition_E2M3_to_E2M1_scale_UE6M2_wide11: 1.610e-04 (1 inst); ScaleToFP14b_E2M3_x_E2M1_UE6M2_wide17: 7.550e-05 (1 inst),1.6667,600.0,1059,0.372,0.0366,2048,1,5freq
baseline_act-E4M3_w-E2M3_UE8M0,baseline,E4M3,E2M3,UE8M0,600,true,0.0000,2844.828004,CustomOperator_E4M3_to_E2M3_0: 48.3840 (1 inst); CustomOperator_E4M3_to_E2M3_1: 49.7700 (1 inst); CustomOperator_E4M3_to_E2M3_2: 74.4660 (1 inst); CustomOperator_E4M3_to_E2M3_3: 66.9060 (1 inst); DirectToFP14b_E4M3_x_E2M3_UE8M0: 106.5960 (1 inst); FPNAdder: 713.9160 (1 inst); FixedFPTree_exp7_mant8_out8_vec4_range16: 1708.4340 (1 inst); SNPS_CLOCK_GATE: 1.8900 (1 inst),1.559000e-03,CustomOperator_E4M3_to_E2M3_0: 1.700e-05 (1 inst); CustomOperator_E4M3_to_E2M3_1: 1.960e-05 (1 inst); CustomOperator_E4M3_to_E2M3_2: 2.370e-05 (1 inst); CustomOperator_E4M3_to_E2M3_3: 2.320e-05 (1 inst); DirectToFP14b_E4M3_x_E2M3_UE8M0: 6.590e-05 (1 inst); FPNAdder: 3.060e-04 (1 inst); FixedFPTree_exp7_mant8_out8_vec4_range16: 1.090e-03 (1 inst); SNPS_CLOCK_GATE: 5.850e-07 (1 inst),9.745000e-04,CustomOperator_E4M3_to_E2M3_0: 2.510e-05 (1 inst); CustomOperator_E4M3_to_E2M3_1: 2.860e-05 (1 inst); CustomOperator_E4M3_to_E2M3_2: 3.410e-05 (1 inst); CustomOperator_E4M3_to_E2M3_3: 3.320e-05 (1 inst); DirectToFP14b_E4M3_x_E2M3_UE8M0: 2.020e-05 (1 inst); FPNAdder: 1.780e-04 (1 inst); FixedFPTree_exp7_mant8_out8_vec4_range16: 5.790e-04 (1 inst); SNPS_CLOCK_GATE: 7.760e-06 (1 inst),1.6667,600.0,1059,0.372,0.0366,2048,1,5freq
baseline_act-INT8_w-INT8_UE7M1,baseline,INT8,INT8,UE7M1,600,true,0.0000,2890.188004,CustomOperator_INT8_to_INT8_0: 229.4460 (1 inst); CustomOperator_INT8_to_INT8_1: 194.2920 (1 inst); CustomOperator_INT8_to_INT8_2: 217.9800 (1 inst); CustomOperator_INT8_to_INT8_3: 212.5620 (1 inst); FPNAdder: 832.1040 (1 inst); FixedFPTree_exp8_mant14_out18_vec4_range0: 541.5480 (1 inst); SNPS_CLOCK_GATE: 1.8900 (1 inst); ScaleAddition_INT8_to_INT8_scale_UE7M1_wide18: 311.9760 (1 inst); ScaleToFP19b_INT8_x_INT8_UE7M1_wide22: 255.4020 (1 inst),1.832000e-03,CustomOperator_INT8_to_INT8_0: 1.280e-04 (1 inst); CustomOperator_INT8_to_INT8_1: 1.150e-04 (1 inst); CustomOperator_INT8_to_INT8_2: 1.260e-04 (1 inst); CustomOperator_INT8_to_INT8_3: 1.230e-04 (1 inst); FPNAdder: 4.300e-04 (1 inst); FixedFPTree_exp8_mant14_out18_vec4_range0: 4.740e-04 (1 inst); SNPS_CLOCK_GATE: 6.590e-07 (1 inst); ScaleAddition_INT8_to_INT8_scale_UE7M1_wide18: 2.500e-04 (1 inst); ScaleToFP19b_INT8_x_INT8_UE7M1_wide22: 1.690e-04 (1 inst),1.282000e-03,CustomOperator_INT8_to_INT8_0: 1.290e-04 (1 inst); CustomOperator_INT8_to_INT8_1: 1.130e-04 (1 inst); CustomOperator_INT8_to_INT8_2: 1.260e-04 (1 inst); CustomOperator_INT8_to_INT8_3: 1.210e-04 (1 inst); FPNAdder: 2.250e-04 (1 inst); FixedFPTree_exp8_mant14_out18_vec4_range0: 2.920e-04 (1 inst); SNPS_CLOCK_GATE: 8.720e-06 (1 inst); ScaleAddition_INT8_to_INT8_scale_UE7M1_wide18: 1.060e-04 (1 inst); ScaleToFP19b_INT8_x_INT8_UE7M1_wide22: 7.800e-05 (1 inst),1.6667,600.0,1059,0.372,0.0366,2048,1,5freq
baseline_act-E2M1_w-E2M1_UE4M4,baseline,E2M1,E2M1,UE4M4,600,true,0.0000,2903.921999,CustomOperator_E2M1_to_E2M1_0: 10.2060 (1 inst); CustomOperator_E2M1_to_E2M1_1: 11.7180 (1 inst); CustomOperator_E2M1_to_E2M1_2: 27.0900 (1 inst); CustomOperator_E2M1_to_E2M1_3: 23.5620 (1 inst); FPNAdder: 840.6720 (1 inst); FixedFPTree_exp6_mant4_out7_vec4_range4: 1057.6440 (1 inst); SNPS_CLOCK_GATE: 1.8900 (1 inst); ScaleAddition_E2M1_to_E2M1_scale_UE4M4_wide7: 529.3260 (1 inst); ScaleToFP14b_E2M1_x_E2M1_UE4M4_wide17: 316.6380 (1 inst),1.720000e-03,CustomOperator_E2M1_to_E2M1_0: 4.620e-06 (1 inst); CustomOperator_E2M1_to_E2M1_1: 4.290e-06 (1 inst); CustomOperator_E2M1_to_E2M1_2: 7.840e-06 (1 inst); CustomOperator_E2M1_to_E2M1_3: 6.630e-06 (1 inst); FPNAdder: 4.570e-04 (1 inst); FixedFPTree_exp6_mant4_out7_vec4_range4: 5.810e-04 (1 inst); SNPS_CLOCK_GATE: 5.930e-07 (1 inst); ScaleAddition_E2M1_to_E2M1_scale_UE4M4_wide7: 4.050e-04 (1 inst); ScaleToFP14b_E2M1_x_E2M1_UE4M4_wide17: 2.340e-04 (1 inst),1.108000e-03,CustomOperator_E2M1_to_E2M1_0: 8.040e-06 (1 inst); CustomOperator_E2M1_to_E2M1_1: 7.240e-06 (1 inst); CustomOperator_E2M1_to_E2M1_2: 1.450e-05 (1 inst); CustomOperator_E2M1_to_E2M1_3: 1.140e-05 (1 inst); FPNAdder: 2.440e-04 (1 inst); FixedFPTree_exp6_mant4_out7_vec4_range4: 4.280e-04 (1 inst); SNPS_CLOCK_GATE: 7.760e-06 (1 inst); ScaleAddition_E2M1_to_E2M1_scale_UE4M4_wide7: 1.940e-04 (1 inst); ScaleToFP14b_E2M1_x_E2M1_UE4M4_wide17: 1.200e-04 (1 inst),1.6667,600.0,1059,0.372,0.0366,2048,1,e2m1_fsweep
baseline_act-E2M3_w-E2M1_UE4M4,baseline,E2M3,E2M1,UE4M4,600,true,0.0000,3038.490000,CustomOperator_E2M3_to_E2M1_0: 20.0340 (1 inst); CustomOperator_E2M3_to_E2M1_1: 21.9240 (1 inst); CustomOperator_E2M3_to_E2M1_2: 35.0280 (1 inst); CustomOperator_E2M3_to_E2M1_3: 35.2800 (1 inst); FPNAdder: 812.3220 (1 inst); FixedFPTree_exp6_mant6_out7_vec4_range4: 1106.9100 (1 inst); SNPS_CLOCK_GATE: 1.8900 (1 inst); ScaleAddition_E2M3_to_E2M1_scale_UE4M4_wide7: 620.5500 (1 inst); ScaleToFP14b_E2M3_x_E2M1_UE4M4_wide17: 304.6680 (1 inst),1.988000e-03,CustomOperator_E2M3_to_E2M1_0: 6.940e-06 (1 inst); CustomOperator_E2M3_to_E2M1_1: 7.850e-06 (1 inst); CustomOperator_E2M3_to_E2M1_2: 1.060e-05 (1 inst); CustomOperator_E2M3_to_E2M1_3: 1.060e-05 (1 inst); FPNAdder: 4.510e-04 (1 inst); FixedFPTree_exp6_mant6_out7_vec4_range4: 6.990e-04 (1 inst); SNPS_CLOCK_GATE: 5.960e-07 (1 inst); ScaleAddition_E2M3_to_E2M1_scale_UE4M4_wide7: 5.480e-04 (1 inst); ScaleToFP14b_E2M3_x_E2M1_UE4M4_wide17: 2.350e-04 (1 inst),1.275000e-03,CustomOperator_E2M3_to_E2M1_0: 1.140e-05 (1 inst); CustomOperator_E2M3_to_E2M1_1: 1.290e-05 (1 inst); CustomOperator_E2M3_to_E2M1_2: 1.930e-05 (1 inst); CustomOperator_E2M3_to_E2M1_3: 1.810e-05 (1 inst); FPNAdder: 2.390e-04 (1 inst); FixedFPTree_exp6_mant6_out7_vec4_range4: 5.030e-04 (1 inst); SNPS_CLOCK_GATE: 7.760e-06 (1 inst); ScaleAddition_E2M3_to_E2M1_scale_UE4M4_wide7: 2.720e-04 (1 inst); ScaleToFP14b_E2M3_x_E2M1_UE4M4_wide17: 1.150e-04 (1 inst),1.6667,600.0,1059,0.372,0.0366,2048,1,5freq
baseline_act-E2M3_w-E2M1_UE4M3,baseline,E2M3,E2M1,UE4M3,600,true,0.0000,3058.523997,CustomOperator_E2M3_to_E2M1_0: 20.2860 (1 inst); CustomOperator_E2M3_to_E2M1_1: 20.0340 (1 inst); CustomOperator_E2M3_to_E2M1_2: 36.5400 (1 inst); CustomOperator_E2M3_to_E2M1_3: 30.1140 (1 inst); FPNAdder: 902.1600 (1 inst); FixedFPTree_exp6_mant6_out9_vec4_range4: 1121.7780 (1 inst); SNPS_CLOCK_GATE: 1.8900 (1 inst); ScaleAddition_E2M3_to_E2M1_scale_UE4M3_wide9: 525.5460 (1 inst); ScaleToFP14b_E2M3_x_E2M1_UE4M3_wide17: 326.9700 (1 inst),1.868000e-03,CustomOperator_E2M3_to_E2M1_0: 7.770e-06 (1 inst); CustomOperator_E2M3_to_E2M1_1: 7.150e-06 (1 inst); CustomOperator_E2M3_to_E2M1_2: 1.090e-05 (1 inst); CustomOperator_E2M3_to_E2M1_3: 8.700e-06 (1 inst); FPNAdder: 4.810e-04 (1 inst); FixedFPTree_exp6_mant6_out9_vec4_range4: 6.900e-04 (1 inst); SNPS_CLOCK_GATE: 5.890e-07 (1 inst); ScaleAddition_E2M3_to_E2M1_scale_UE4M3_wide9: 4.270e-04 (1 inst); ScaleToFP14b_E2M3_x_E2M1_UE4M3_wide17: 2.200e-04 (1 inst),1.122000e-03,CustomOperator_E2M3_to_E2M1_0: 1.270e-05 (1 inst); CustomOperator_E2M3_to_E2M1_1: 1.190e-05 (1 inst); CustomOperator_E2M3_to_E2M1_2: 1.930e-05 (1 inst); CustomOperator_E2M3_to_E2M1_3: 1.360e-05 (1 inst); FPNAdder: 2.390e-04 (1 inst); FixedFPTree_exp6_mant6_out9_vec4_range4: 4.940e-04 (1 inst); SNPS_CLOCK_GATE: 7.760e-06 (1 inst); ScaleAddition_E2M3_to_E2M1_scale_UE4M3_wide9: 1.490e-04 (1 inst); ScaleToFP14b_E2M3_x_E2M1_UE4M3_wide17: 1.030e-04 (1 inst),1.6667,600.0,1059,0.372,0.0366,2048,1,5freq
baseline_act-INT8_w-E2M1_UE7M1,baseline,INT8,E2M1,UE7M1,600,true,0.0000,3087.882000,CustomOperator_INT8_to_E2M1_0: 50.4000 (1 inst); CustomOperator_INT8_to_E2M1_1: 49.6440 (1 inst); CustomOperator_INT8_to_E2M1_2: 47.2500 (1 inst); CustomOperator_INT8_to_E2M1_3: 43.0920 (1 inst); FPNAdder: 968.6880 (1 inst); FixedFPTree_exp7_mant9_out18_vec4_range2: 1044.7920 (1 inst); SNPS_CLOCK_GATE: 1.8900 (1 inst); ScaleAddition_INT8_to_E2M1_scale_UE7M1_wide18: 404.8380 (1 inst); ScaleToFP19b_INT8_x_E2M1_UE7M1_wide22: 384.8040 (1 inst),1.514000e-03,CustomOperator_INT8_to_E2M1_0: 1.850e-05 (1 inst); CustomOperator_INT8_to_E2M1_1: 1.850e-05 (1 inst); CustomOperator_INT8_to_E2M1_2: 1.790e-05 (1 inst); CustomOperator_INT8_to_E2M1_3: 1.490e-05 (1 inst); FPNAdder: 4.250e-04 (1 inst); FixedFPTree_exp7_mant9_out18_vec4_range2: 5.740e-04 (1 inst); SNPS_CLOCK_GATE: 6.660e-07 (1 inst); ScaleAddition_INT8_to_E2M1_scale_UE7M1_wide18: 2.130e-04 (1 inst); ScaleToFP19b_INT8_x_E2M1_UE7M1_wide22: 2.160e-04 (1 inst),1.073000e-03,CustomOperator_INT8_to_E2M1_0: 2.690e-05 (1 inst); CustomOperator_INT8_to_E2M1_1: 2.560e-05 (1 inst); CustomOperator_INT8_to_E2M1_2: 2.480e-05 (1 inst); CustomOperator_INT8_to_E2M1_3: 2.010e-05 (1 inst); FPNAdder: 2.380e-04 (1 inst); FixedFPTree_exp7_mant9_out18_vec4_range2: 4.530e-04 (1 inst); SNPS_CLOCK_GATE: 8.720e-06 (1 inst); ScaleAddition_INT8_to_E2M1_scale_UE7M1_wide18: 9.140e-05 (1 inst); ScaleToFP19b_INT8_x_E2M1_UE7M1_wide22: 1.060e-04 (1 inst),1.6667,600.0,1059,0.372,0.0366,2048,1,5freq
baseline_act-E2M3_w-E2M3_UE6M2,baseline,E2M3,E2M3,UE6M2,600,true,0.0000,3115.728000,CustomOperator_E2M3_to_E2M3_0: 46.8720 (1 inst); CustomOperator_E2M3_to_E2M3_1: 45.9900 (1 inst); CustomOperator_E2M3_to_E2M3_2: 60.1020 (1 inst); CustomOperator_E2M3_to_E2M3_3: 56.7000 (1 inst); FPNAdder: 791.2800 (1 inst); FixedFPTree_exp6_mant8_out11_vec4_range4: 1268.6940 (1 inst); SNPS_CLOCK_GATE: 1.8900 (1 inst); ScaleAddition_E2M3_to_E2M3_scale_UE6M2_wide11: 414.2880 (1 inst); ScaleToFP14b_E2M3_x_E2M3_UE6M2_wide17: 348.8940 (1 inst),2.002000e-03,CustomOperator_E2M3_to_E2M3_0: 1.730e-05 (1 inst); CustomOperator_E2M3_to_E2M3_1: 1.640e-05 (1 inst); CustomOperator_E2M3_to_E2M3_2: 1.950e-05 (1 inst); CustomOperator_E2M3_to_E2M3_3: 1.980e-05 (1 inst); FPNAdder: 4.540e-04 (1 inst); FixedFPTree_exp6_mant8_out11_vec4_range4: 8.430e-04 (1 inst); SNPS_CLOCK_GATE: 5.970e-07 (1 inst); ScaleAddition_E2M3_to_E2M3_scale_UE6M2_wide11: 3.440e-04 (1 inst); ScaleToFP14b_E2M3_x_E2M3_UE6M2_wide17: 2.690e-04 (1 inst),1.310000e-03,CustomOperator_E2M3_to_E2M3_0: 2.660e-05 (1 inst); CustomOperator_E2M3_to_E2M3_1: 2.490e-05 (1 inst); CustomOperator_E2M3_to_E2M3_2: 3.120e-05 (1 inst); CustomOperator_E2M3_to_E2M3_3: 3.080e-05 (1 inst); FPNAdder: 2.360e-04 (1 inst); FixedFPTree_exp6_mant8_out11_vec4_range4: 5.870e-04 (1 inst); SNPS_CLOCK_GATE: 7.760e-06 (1 inst); ScaleAddition_E2M3_to_E2M3_scale_UE6M2_wide11: 1.780e-04 (1 inst); ScaleToFP14b_E2M3_x_E2M3_UE6M2_wide17: 1.120e-04 (1 inst),1.6667,600.0,1059,0.372,0.0366,2048,1,5freq
baseline_act-E4M3_w-E3M2_UE8M0,baseline,E4M3,E3M2,UE8M0,600,true,0.0000,3187.044006,CustomOperator_E4M3_to_E3M2_0: 43.2180 (1 inst); CustomOperator_E4M3_to_E3M2_1: 48.0060 (1 inst); CustomOperator_E4M3_to_E3M2_2: 88.4520 (1 inst); CustomOperator_E4M3_to_E3M2_3: 89.2080 (1 inst); DirectToFP14b_E4M3_x_E3M2_UE8M0: 89.9640 (1 inst); FPNAdder: 786.3660 (1 inst); FixedFPTree_exp7_mant7_out7_vec4_range20: 1955.2680 (1 inst); SNPS_CLOCK_GATE: 1.8900 (1 inst),1.654000e-03,CustomOperator_E4M3_to_E3M2_0: 1.690e-05 (1 inst); CustomOperator_E4M3_to_E3M2_1: 2.010e-05 (1 inst); CustomOperator_E4M3_to_E3M2_2: 3.050e-05 (1 inst); CustomOperator_E4M3_to_E3M2_3: 3.550e-05 (1 inst); DirectToFP14b_E4M3_x_E3M2_UE8M0: 5.730e-05 (1 inst); FPNAdder: 3.360e-04 (1 inst); FixedFPTree_exp7_mant7_out7_vec4_range20: 1.150e-03 (1 inst); SNPS_CLOCK_GATE: 5.900e-07 (1 inst),1.015000e-03,CustomOperator_E4M3_to_E3M2_0: 2.150e-05 (1 inst); CustomOperator_E4M3_to_E3M2_1: 2.460e-05 (1 inst); CustomOperator_E4M3_to_E3M2_2: 3.970e-05 (1 inst); CustomOperator_E4M3_to_E3M2_3: 4.350e-05 (1 inst); DirectToFP14b_E4M3_x_E3M2_UE8M0: 1.450e-05 (1 inst); FPNAdder: 1.760e-04 (1 inst); FixedFPTree_exp7_mant7_out7_vec4_range20: 6.180e-04 (1 inst); SNPS_CLOCK_GATE: 7.760e-06 (1 inst),1.6667,600.0,1059,0.372,0.0366,2048,1,5freq
baseline_act-E2M3_w-E2M1_UE5M3,baseline,E2M3,E2M1,UE5M3,600,true,0.0000,3190.823998,CustomOperator_E2M3_to_E2M1_0: 17.7660 (1 inst); CustomOperator_E2M3_to_E2M1_1: 19.4040 (1 inst); CustomOperator_E2M3_to_E2M1_2: 37.1700 (1 inst); CustomOperator_E2M3_to_E2M1_3: 33.2640 (1 inst); FPNAdder: 862.9740 (1 inst); FixedFPTree_exp6_mant6_out9_vec4_range4: 1246.7700 (1 inst); SNPS_CLOCK_GATE: 1.8900 (1 inst); ScaleAddition_E2M3_to_E2M1_scale_UE5M3_wide9: 564.8580 (1 inst); ScaleToFP14b_E2M3_x_E2M1_UE5M3_wide17: 328.2300 (1 inst),1.951000e-03,CustomOperator_E2M3_to_E2M1_0: 6.190e-06 (1 inst); CustomOperator_E2M3_to_E2M1_1: 5.870e-06 (1 inst); CustomOperator_E2M3_to_E2M1_2: 1.140e-05 (1 inst); CustomOperator_E2M3_to_E2M1_3: 9.800e-06 (1 inst); FPNAdder: 4.800e-04 (1 inst); FixedFPTree_exp6_mant6_out9_vec4_range4: 7.480e-04 (1 inst); SNPS_CLOCK_GATE: 6.020e-07 (1 inst); ScaleAddition_E2M3_to_E2M1_scale_UE5M3_wide9: 4.520e-04 (1 inst); ScaleToFP14b_E2M3_x_E2M1_UE5M3_wide17: 2.200e-04 (1 inst),1.299000e-03,CustomOperator_E2M3_to_E2M1_0: 1.050e-05 (1 inst); CustomOperator_E2M3_to_E2M1_1: 9.880e-06 (1 inst); CustomOperator_E2M3_to_E2M1_2: 2.100e-05 (1 inst); CustomOperator_E2M3_to_E2M1_3: 1.560e-05 (1 inst); FPNAdder: 2.580e-04 (1 inst); FixedFPTree_exp6_mant6_out9_vec4_range4: 5.390e-04 (1 inst); SNPS_CLOCK_GATE: 7.760e-06 (1 inst); ScaleAddition_E2M3_to_E2M1_scale_UE5M3_wide9: 2.500e-04 (1 inst); ScaleToFP14b_E2M3_x_E2M1_UE5M3_wide17: 1.140e-04 (1 inst),1.6667,600.0,1059,0.372,0.0366,2048,1,5freq
baseline_act-E3M2_w-E2M1_UE7M1,baseline,E3M2,E2M1,UE7M1,600,true,0.0000,3294.018003,CustomOperator_E3M2_to_E2M1_0: 26.4600 (1 inst); CustomOperator_E3M2_to_E2M1_1: 27.0900 (1 inst); CustomOperator_E3M2_to_E2M1_2: 51.9120 (1 inst); CustomOperator_E3M2_to_E2M1_3: 40.0680 (1 inst); FPNAdder: 818.3700 (1 inst); FixedFPTree_exp7_mant5_out13_vec4_range8: 1552.3200 (1 inst); SNPS_CLOCK_GATE: 1.8900 (1 inst); ScaleAddition_E3M2_to_E2M1_scale_UE7M1_wide13: 346.3740 (1 inst); ScaleToFP14b_E3M2_x_E2M1_UE7M1_wide17: 343.9800 (1 inst),1.764000e-03,CustomOperator_E3M2_to_E2M1_0: 1.010e-05 (1 inst); CustomOperator_E3M2_to_E2M1_1: 9.510e-06 (1 inst); CustomOperator_E3M2_to_E2M1_2: 1.650e-05 (1 inst); CustomOperator_E3M2_to_E2M1_3: 1.290e-05 (1 inst); FPNAdder: 4.160e-04 (1 inst); FixedFPTree_exp7_mant5_out13_vec4_range8: 8.420e-04 (1 inst); SNPS_CLOCK_GATE: 5.970e-07 (1 inst); ScaleAddition_E3M2_to_E2M1_scale_UE7M1_wide13: 2.280e-04 (1 inst); ScaleToFP14b_E3M2_x_E2M1_UE7M1_wide17: 2.110e-04 (1 inst),1.118000e-03,CustomOperator_E3M2_to_E2M1_0: 1.670e-05 (1 inst); CustomOperator_E3M2_to_E2M1_1: 1.480e-05 (1 inst); CustomOperator_E3M2_to_E2M1_2: 2.800e-05 (1 inst); CustomOperator_E3M2_to_E2M1_3: 2.020e-05 (1 inst); FPNAdder: 2.170e-04 (1 inst); FixedFPTree_exp7_mant5_out13_vec4_range8: 5.530e-04 (1 inst); SNPS_CLOCK_GATE: 7.760e-06 (1 inst); ScaleAddition_E3M2_to_E2M1_scale_UE7M1_wide13: 9.730e-05 (1 inst); ScaleToFP14b_E3M2_x_E2M1_UE7M1_wide17: 9.360e-05 (1 inst),1.6667,600.0,1059,0.372,0.0366,2048,1,5freq
baseline_act-INT8_w-E4M3_UE8M0,baseline,INT8,E4M3,UE8M0,600,true,0.0000,3380.328005,CustomOperator_INT8_to_E4M3_0: 81.6480 (1 inst); CustomOperator_INT8_to_E4M3_1: 86.3100 (1 inst); CustomOperator_INT8_to_E4M3_2: 97.2720 (1 inst); CustomOperator_INT8_to_E4M3_3: 98.0280 (1 inst); DirectToFP19b_INT8_x_E4M3_UE8M0: 117.3060 (1 inst); FPNAdder: 857.1780 (1 inst); FixedFPTree_exp7_mant11_out11_vec4_range14: 1938.5100 (1 inst); SNPS_CLOCK_GATE: 1.8900 (1 inst),1.894000e-03,CustomOperator_INT8_to_E4M3_0: 3.670e-05 (1 inst); CustomOperator_INT8_to_E4M3_1: 3.970e-05 (1 inst); CustomOperator_INT8_to_E4M3_2: 4.200e-05 (1 inst); CustomOperator_INT8_to_E4M3_3: 4.050e-05 (1 inst); DirectToFP19b_INT8_x_E4M3_UE8M0: 7.780e-05 (1 inst); FPNAdder: 4.100e-04 (1 inst); FixedFPTree_exp7_mant11_out11_vec4_range14: 1.230e-03 (1 inst); SNPS_CLOCK_GATE: 6.500e-07 (1 inst),1.197000e-03,CustomOperator_INT8_to_E4M3_0: 4.260e-05 (1 inst); CustomOperator_INT8_to_E4M3_1: 4.510e-05 (1 inst); CustomOperator_INT8_to_E4M3_2: 4.970e-05 (1 inst); CustomOperator_INT8_to_E4M3_3: 4.720e-05 (1 inst); DirectToFP19b_INT8_x_E4M3_UE8M0: 3.050e-05 (1 inst); FPNAdder: 2.210e-04 (1 inst); FixedFPTree_exp7_mant11_out11_vec4_range14: 6.680e-04 (1 inst); SNPS_CLOCK_GATE: 8.710e-06 (1 inst),1.6667,600.0,1059,0.372,0.0366,2048,1,5freq
baseline_act-E2M3_w-E2M3_UE4M3,baseline,E2M3,E2M3,UE4M3,600,true,0.0000,3558.366000,CustomOperator_E2M3_to_E2M3_0: 48.3840 (1 inst); CustomOperator_E2M3_to_E2M3_1: 52.0380 (1 inst); CustomOperator_E2M3_to_E2M3_2: 64.6380 (1 inst); CustomOperator_E2M3_to_E2M3_3: 62.3700 (1 inst); FPNAdder: 931.5180 (1 inst); FixedFPTree_exp6_mant8_out9_vec4_range4: 1428.4620 (1 inst); SNPS_CLOCK_GATE: 1.8900 (1 inst); ScaleAddition_E2M3_to_E2M3_scale_UE4M3_wide9: 577.8360 (1 inst); ScaleToFP14b_E2M3_x_E2M3_UE4M3_wide17: 316.0080 (1 inst),2.443000e-03,CustomOperator_E2M3_to_E2M3_0: 2.000e-05 (1 inst); CustomOperator_E2M3_to_E2M3_1: 2.100e-05 (1 inst); CustomOperator_E2M3_to_E2M3_2: 2.120e-05 (1 inst); CustomOperator_E2M3_to_E2M3_3: 1.960e-05 (1 inst); FPNAdder: 5.440e-04 (1 inst); FixedFPTree_exp6_mant8_out9_vec4_range4: 9.930e-04 (1 inst); SNPS_CLOCK_GATE: 5.960e-07 (1 inst); ScaleAddition_E2M3_to_E2M3_scale_UE4M3_wide9: 5.560e-04 (1 inst); ScaleToFP14b_E2M3_x_E2M3_UE4M3_wide17: 2.530e-04 (1 inst),1.470000e-03,CustomOperator_E2M3_to_E2M3_0: 2.900e-05 (1 inst); CustomOperator_E2M3_to_E2M3_1: 3.010e-05 (1 inst); CustomOperator_E2M3_to_E2M3_2: 3.390e-05 (1 inst); CustomOperator_E2M3_to_E2M3_3: 3.110e-05 (1 inst); FPNAdder: 2.650e-04 (1 inst); FixedFPTree_exp6_mant8_out9_vec4_range4: 6.900e-04 (1 inst); SNPS_CLOCK_GATE: 7.760e-06 (1 inst); ScaleAddition_E2M3_to_E2M3_scale_UE4M3_wide9: 2.020e-04 (1 inst); ScaleToFP14b_E2M3_x_E2M3_UE4M3_wide17: 1.060e-04 (1 inst),1.6667,600.0,1059,0.372,0.0366,2048,1,5freq
baseline_act-E2M3_w-E2M3_UE5M3,baseline,E2M3,E2M3,UE5M3,600,true,0.0000,3634.973996,CustomOperator_E2M3_to_E2M3_0: 50.7780 (1 inst); CustomOperator_E2M3_to_E2M3_1: 49.0140 (1 inst); CustomOperator_E2M3_to_E2M3_2: 66.5280 (1 inst); CustomOperator_E2M3_to_E2M3_3: 58.4640 (1 inst); FPNAdder: 900.6480 (1 inst); FixedFPTree_exp6_mant8_out9_vec4_range4: 1435.1400 (1 inst); SNPS_CLOCK_GATE: 1.8900 (1 inst); ScaleAddition_E2M3_to_E2M3_scale_UE5M3_wide9: 623.7000 (1 inst); ScaleToFP14b_E2M3_x_E2M3_UE5M3_wide17: 370.9440 (1 inst),2.494000e-03,CustomOperator_E2M3_to_E2M3_0: 1.870e-05 (1 inst); CustomOperator_E2M3_to_E2M3_1: 1.950e-05 (1 inst); CustomOperator_E2M3_to_E2M3_2: 2.300e-05 (1 inst); CustomOperator_E2M3_to_E2M3_3: 1.970e-05 (1 inst); FPNAdder: 5.280e-04 (1 inst); FixedFPTree_exp6_mant8_out9_vec4_range4: 9.830e-04 (1 inst); SNPS_CLOCK_GATE: 5.940e-07 (1 inst); ScaleAddition_E2M3_to_E2M3_scale_UE5M3_wide9: 5.900e-04 (1 inst); ScaleToFP14b_E2M3_x_E2M3_UE5M3_wide17: 2.960e-04 (1 inst),1.606000e-03,CustomOperator_E2M3_to_E2M3_0: 2.830e-05 (1 inst); CustomOperator_E2M3_to_E2M3_1: 2.810e-05 (1 inst); CustomOperator_E2M3_to_E2M3_2: 3.630e-05 (1 inst); CustomOperator_E2M3_to_E2M3_3: 3.080e-05 (1 inst); FPNAdder: 2.830e-04 (1 inst); FixedFPTree_exp6_mant8_out9_vec4_range4: 6.790e-04 (1 inst); SNPS_CLOCK_GATE: 7.760e-06 (1 inst); ScaleAddition_E2M3_to_E2M3_scale_UE5M3_wide9: 3.050e-04 (1 inst); ScaleToFP14b_E2M3_x_E2M3_UE5M3_wide17: 1.320e-04 (1 inst),1.6667,600.0,1059,0.372,0.0366,2048,1,5freq
baseline_act-E5M2_w-E2M1_UE8M0,baseline,E5M2,E2M1,UE8M0,600,true,0.0000,3656.394007,CustomOperator_E5M2_to_E2M1_0: 24.4440 (1 inst); CustomOperator_E5M2_to_E2M1_1: 28.6020 (1 inst); CustomOperator_E5M2_to_E2M1_2: 54.8100 (1 inst); CustomOperator_E5M2_to_E2M1_3: 54.0540 (1 inst); DirectToFP15b_E5M2_x_E2M1_UE8M0: 111.0060 (1 inst); FPNAdder: 839.4120 (1 inst); FixedFPTree_exp7_mant5_out5_vec4_range31: 2457.1260 (1 inst); SNPS_CLOCK_GATE: 1.8900 (1 inst),1.606000e-03,CustomOperator_E5M2_to_E2M1_0: 9.620e-06 (1 inst); CustomOperator_E5M2_to_E2M1_1: 9.400e-06 (1 inst); CustomOperator_E5M2_to_E2M1_2: 1.450e-05 (1 inst); CustomOperator_E5M2_to_E2M1_3: 1.380e-05 (1 inst); DirectToFP15b_E5M2_x_E2M1_UE8M0: 6.930e-05 (1 inst); FPNAdder: 3.130e-04 (1 inst); FixedFPTree_exp7_mant5_out5_vec4_range31: 1.170e-03 (1 inst); SNPS_CLOCK_GATE: 5.870e-07 (1 inst),9.700000e-04,CustomOperator_E5M2_to_E2M1_0: 1.480e-05 (1 inst); CustomOperator_E5M2_to_E2M1_1: 1.430e-05 (1 inst); CustomOperator_E5M2_to_E2M1_2: 2.380e-05 (1 inst); CustomOperator_E5M2_to_E2M1_3: 2.230e-05 (1 inst); DirectToFP15b_E5M2_x_E2M1_UE8M0: 2.360e-05 (1 inst); FPNAdder: 2.020e-04 (1 inst); FixedFPTree_exp7_mant5_out5_vec4_range31: 5.950e-04 (1 inst); SNPS_CLOCK_GATE: 7.960e-06 (1 inst),1.6667,600.0,1059,0.372,0.0366,2048,1,5freq
baseline_act-E2M3_w-E2M3_UE4M4,baseline,E2M3,E2M3,UE4M4,600,true,0.0000,3710.321995,CustomOperator_E2M3_to_E2M3_0: 46.8720 (1 inst); CustomOperator_E2M3_to_E2M3_1: 49.8960 (1 inst); CustomOperator_E2M3_to_E2M3_2: 62.2440 (1 inst); CustomOperator_E2M3_to_E2M3_3: 59.7240 (1 inst); FPNAdder: 882.8820 (1 inst); FixedFPTree_exp6_mant8_out8_vec4_range4: 1504.6920 (1 inst); SNPS_CLOCK_GATE: 1.8900 (1 inst); ScaleAddition_E2M3_to_E2M3_scale_UE4M4_wide8: 689.4720 (1 inst); ScaleToFP14b_E2M3_x_E2M3_UE4M4_wide18: 330.7500 (1 inst),2.550000e-03,CustomOperator_E2M3_to_E2M3_0: 1.800e-05 (1 inst); CustomOperator_E2M3_to_E2M3_1: 1.990e-05 (1 inst); CustomOperator_E2M3_to_E2M3_2: 2.170e-05 (1 inst); CustomOperator_E2M3_to_E2M3_3: 1.950e-05 (1 inst); FPNAdder: 5.260e-04 (1 inst); FixedFPTree_exp6_mant8_out8_vec4_range4: 1.050e-03 (1 inst); SNPS_CLOCK_GATE: 5.930e-07 (1 inst); ScaleAddition_E2M3_to_E2M3_scale_UE4M4_wide8: 6.280e-04 (1 inst); ScaleToFP14b_E2M3_x_E2M3_UE4M4_wide18: 2.440e-04 (1 inst),1.637000e-03,CustomOperator_E2M3_to_E2M3_0: 2.650e-05 (1 inst); CustomOperator_E2M3_to_E2M3_1: 2.960e-05 (1 inst); CustomOperator_E2M3_to_E2M3_2: 3.340e-05 (1 inst); CustomOperator_E2M3_to_E2M3_3: 2.970e-05 (1 inst); FPNAdder: 2.790e-04 (1 inst); FixedFPTree_exp6_mant8_out8_vec4_range4: 7.260e-04 (1 inst); SNPS_CLOCK_GATE: 7.760e-06 (1 inst); ScaleAddition_E2M3_to_E2M3_scale_UE4M4_wide8: 3.140e-04 (1 inst); ScaleToFP14b_E2M3_x_E2M3_UE4M4_wide18: 1.130e-04 (1 inst),1.6667,600.0,1059,0.372,0.0366,2048,1,5freq
baseline_act-E3M2_w-E2M1_UE6M2,baseline,E3M2,E2M1,UE6M2,600,true,0.0000,3834.053994,CustomOperator_E3M2_to_E2M1_0: 29.3580 (1 inst); CustomOperator_E3M2_to_E2M1_1: 30.9960 (1 inst); CustomOperator_E3M2_to_E2M1_2: 46.9980 (1 inst); CustomOperator_E3M2_to_E2M1_3: 39.9420 (1 inst); FPNAdder: 828.1980 (1 inst); FixedFPTree_exp7_mant5_out11_vec4_range8: 1851.5700 (1 inst); SNPS_CLOCK_GATE: 1.8900 (1 inst); ScaleAddition_E3M2_to_E2M1_scale_UE6M2_wide11: 572.0400 (1 inst); ScaleToFP14b_E3M2_x_E2M1_UE6M2_wide17: 348.5160 (1 inst),2.366000e-03,CustomOperator_E3M2_to_E2M1_0: 1.070e-05 (1 inst); CustomOperator_E3M2_to_E2M1_1: 1.130e-05 (1 inst); CustomOperator_E3M2_to_E2M1_2: 1.610e-05 (1 inst); CustomOperator_E3M2_to_E2M1_3: 1.320e-05 (1 inst); FPNAdder: 4.840e-04 (1 inst); FixedFPTree_exp7_mant5_out11_vec4_range8: 1.080e-03 (1 inst); SNPS_CLOCK_GATE: 5.870e-07 (1 inst); ScaleAddition_E3M2_to_E2M1_scale_UE6M2_wide11: 4.560e-04 (1 inst); ScaleToFP14b_E3M2_x_E2M1_UE6M2_wide17: 2.700e-04 (1 inst),1.360000e-03,CustomOperator_E3M2_to_E2M1_0: 1.700e-05 (1 inst); CustomOperator_E3M2_to_E2M1_1: 1.810e-05 (1 inst); CustomOperator_E3M2_to_E2M1_2: 2.620e-05 (1 inst); CustomOperator_E3M2_to_E2M1_3: 1.990e-05 (1 inst); FPNAdder: 2.460e-04 (1 inst); FixedFPTree_exp7_mant5_out11_vec4_range8: 6.640e-04 (1 inst); SNPS_CLOCK_GATE: 7.760e-06 (1 inst); ScaleAddition_E3M2_to_E2M1_scale_UE6M2_wide11: 1.800e-04 (1 inst); ScaleToFP14b_E3M2_x_E2M1_UE6M2_wide17: 1.090e-04 (1 inst),1.6667,600.0,1059,0.372,0.0366,2048,1,5freq
baseline_act-E3M2_w-E2M3_UE7M1,baseline,E3M2,E2M3,UE7M1,600,true,0.0000,3854.844001,CustomOperator_E3M2_to_E2M3_0: 37.1700 (1 inst); CustomOperator_E3M2_to_E2M3_1: 43.2180 (1 inst); CustomOperator_E3M2_to_E2M3_2: 65.2680 (1 inst); CustomOperator_E3M2_to_E2M3_3: 60.9840 (1 inst); FPNAdder: 822.2760 (1 inst); FixedFPTree_exp7_mant7_out13_vec4_range8: 1936.7460 (1 inst); SNPS_CLOCK_GATE: 1.8900 (1 inst); ScaleAddition_E3M2_to_E2M3_scale_UE7M1_wide13: 398.2860 (1 inst); ScaleToFP14b_E3M2_x_E2M3_UE7M1_wide17: 402.1920 (1 inst),2.359000e-03,CustomOperator_E3M2_to_E2M3_0: 1.420e-05 (1 inst); CustomOperator_E3M2_to_E2M3_1: 1.570e-05 (1 inst); CustomOperator_E3M2_to_E2M3_2: 2.190e-05 (1 inst); CustomOperator_E3M2_to_E2M3_3: 2.060e-05 (1 inst); FPNAdder: 4.540e-04 (1 inst); FixedFPTree_exp7_mant7_out13_vec4_range8: 1.220e-03 (1 inst); SNPS_CLOCK_GATE: 6.010e-07 (1 inst); ScaleAddition_E3M2_to_E2M3_scale_UE7M1_wide13: 3.200e-04 (1 inst); ScaleToFP14b_E3M2_x_E2M3_UE7M1_wide17: 2.750e-04 (1 inst),1.440000e-03,CustomOperator_E3M2_to_E2M3_0: 2.190e-05 (1 inst); CustomOperator_E3M2_to_E2M3_1: 2.300e-05 (1 inst); CustomOperator_E3M2_to_E2M3_2: 3.320e-05 (1 inst); CustomOperator_E3M2_to_E2M3_3: 3.140e-05 (1 inst); FPNAdder: 2.320e-04 (1 inst); FixedFPTree_exp7_mant7_out13_vec4_range8: 7.680e-04 (1 inst); SNPS_CLOCK_GATE: 7.760e-06 (1 inst); ScaleAddition_E3M2_to_E2M3_scale_UE7M1_wide13: 1.350e-04 (1 inst); ScaleToFP14b_E3M2_x_E2M3_UE7M1_wide17: 1.150e-04 (1 inst),1.6667,600.0,1059,0.372,0.0366,2048,1,5freq
baseline_act-INT8_w-E2M1_UE6M2,baseline,INT8,E2M1,UE6M2,600,true,0.0000,3864.924003,CustomOperator_INT8_to_E2M1_0: 58.0860 (1 inst); CustomOperator_INT8_to_E2M1_1: 59.8500 (1 inst); CustomOperator_INT8_to_E2M1_2: 50.0220 (1 inst); CustomOperator_INT8_to_E2M1_3: 54.8100 (1 inst); FPNAdder: 1063.5660 (1 inst); FixedFPTree_exp7_mant9_out16_vec4_range2: 1459.0800 (1 inst); SNPS_CLOCK_GATE: 1.8900 (1 inst); ScaleAddition_INT8_to_E2M1_scale_UE6M2_wide16: 605.8080 (1 inst); ScaleToFP19b_INT8_x_E2M1_UE6M2_wide22: 412.1460 (1 inst),2.237000e-03,CustomOperator_INT8_to_E2M1_0: 2.190e-05 (1 inst); CustomOperator_INT8_to_E2M1_1: 2.400e-05 (1 inst); CustomOperator_INT8_to_E2M1_2: 1.770e-05 (1 inst); CustomOperator_INT8_to_E2M1_3: 2.060e-05 (1 inst); FPNAdder: 5.930e-04 (1 inst); FixedFPTree_exp7_mant9_out16_vec4_range2: 8.570e-04 (1 inst); SNPS_CLOCK_GATE: 6.530e-07 (1 inst); ScaleAddition_INT8_to_E2M1_scale_UE6M2_wide16: 4.240e-04 (1 inst); ScaleToFP19b_INT8_x_E2M1_UE6M2_wide22: 2.590e-04 (1 inst),1.437000e-03,CustomOperator_INT8_to_E2M1_0: 3.170e-05 (1 inst); CustomOperator_INT8_to_E2M1_1: 3.230e-05 (1 inst); CustomOperator_INT8_to_E2M1_2: 2.580e-05 (1 inst); CustomOperator_INT8_to_E2M1_3: 2.710e-05 (1 inst); FPNAdder: 2.910e-04 (1 inst); FixedFPTree_exp7_mant9_out16_vec4_range2: 6.370e-04 (1 inst); SNPS_CLOCK_GATE: 8.710e-06 (1 inst); ScaleAddition_INT8_to_E2M1_scale_UE6M2_wide16: 2.000e-04 (1 inst); ScaleToFP19b_INT8_x_E2M1_UE6M2_wide22: 1.000e-04 (1 inst),1.6667,600.0,1059,0.372,0.0366,2048,1,5freq
baseline_act-INT8_w-INT8_UE6M2,baseline,INT8,INT8,UE6M2,600,true,0.0000,3876.012000,CustomOperator_INT8_to_INT8_0: 249.4800 (1 inst); CustomOperator_INT8_to_INT8_1: 257.1660 (1 inst); CustomOperator_INT8_to_INT8_2: 240.6600 (1 inst); CustomOperator_INT8_to_INT8_3: 206.3880 (1 inst); FPNAdder: 1003.9680 (1 inst); FixedFPTree_exp8_mant14_out16_vec4_range0: 755.3700 (1 inst); SNPS_CLOCK_GATE: 1.8900 (1 inst); ScaleAddition_INT8_to_INT8_scale_UE6M2_wide16: 632.1420 (1 inst); ScaleToFP19b_INT8_x_INT8_UE6M2_wide22: 432.4320 (1 inst),2.806000e-03,CustomOperator_INT8_to_INT8_0: 1.520e-04 (1 inst); CustomOperator_INT8_to_INT8_1: 1.580e-04 (1 inst); CustomOperator_INT8_to_INT8_2: 1.490e-04 (1 inst); CustomOperator_INT8_to_INT8_3: 1.230e-04 (1 inst); FPNAdder: 6.230e-04 (1 inst); FixedFPTree_exp8_mant14_out16_vec4_range0: 7.080e-04 (1 inst); SNPS_CLOCK_GATE: 6.610e-07 (1 inst); ScaleAddition_INT8_to_INT8_scale_UE6M2_wide16: 5.570e-04 (1 inst); ScaleToFP19b_INT8_x_INT8_UE6M2_wide22: 3.100e-04 (1 inst),1.792000e-03,CustomOperator_INT8_to_INT8_0: 1.420e-04 (1 inst); CustomOperator_INT8_to_INT8_1: 1.540e-04 (1 inst); CustomOperator_INT8_to_INT8_2: 1.450e-04 (1 inst); CustomOperator_INT8_to_INT8_3: 1.200e-04 (1 inst); FPNAdder: 3.140e-04 (1 inst); FixedFPTree_exp8_mant14_out16_vec4_range0: 4.260e-04 (1 inst); SNPS_CLOCK_GATE: 8.720e-06 (1 inst); ScaleAddition_INT8_to_INT8_scale_UE6M2_wide16: 2.680e-04 (1 inst); ScaleToFP19b_INT8_x_INT8_UE6M2_wide22: 1.240e-04 (1 inst),1.6667,600.0,1059,0.372,0.0366,2048,1,5freq
baseline_act-E4M3_w-E4M3_UE8M0,baseline,E4M3,E4M3,UE8M0,600,true,0.0000,3906.504007,CustomOperator_E4M3_to_E4M3_0: 59.2200 (1 inst); CustomOperator_E4M3_to_E4M3_1: 61.6140 (1 inst); CustomOperator_E4M3_to_E4M3_2: 101.9340 (1 inst); CustomOperator_E4M3_to_E4M3_3: 106.8480 (1 inst); DirectToFP14b_E4M3_x_E4M3_UE8M0: 109.7460 (1 inst); FPNAdder: 770.9940 (1 inst); FixedFPTree_exp7_mant8_out8_vec4_range28: 2615.2560 (1 inst); SNPS_CLOCK_GATE: 1.8900 (1 inst),2.121000e-03,CustomOperator_E4M3_to_E4M3_0: 2.400e-05 (1 inst); CustomOperator_E4M3_to_E4M3_1: 2.410e-05 (1 inst); CustomOperator_E4M3_to_E4M3_2: 3.990e-05 (1 inst); CustomOperator_E4M3_to_E4M3_3: 4.110e-05 (1 inst); DirectToFP14b_E4M3_x_E4M3_UE8M0: 7.390e-05 (1 inst); FPNAdder: 3.400e-04 (1 inst); FixedFPTree_exp7_mant8_out8_vec4_range28: 1.570e-03 (1 inst); SNPS_CLOCK_GATE: 6.000e-07 (1 inst),1.171000e-03,CustomOperator_E4M3_to_E4M3_0: 3.110e-05 (1 inst); CustomOperator_E4M3_to_E4M3_1: 2.990e-05 (1 inst); CustomOperator_E4M3_to_E4M3_2: 4.610e-05 (1 inst); CustomOperator_E4M3_to_E4M3_3: 4.680e-05 (1 inst); DirectToFP14b_E4M3_x_E4M3_UE8M0: 2.060e-05 (1 inst); FPNAdder: 1.970e-04 (1 inst); FixedFPTree_exp7_mant8_out8_vec4_range28: 7.230e-04 (1 inst); SNPS_CLOCK_GATE: 7.760e-06 (1 inst),1.6667,600.0,1059,0.372,0.0366,2048,1,5freq
baseline_act-E5M2_w-E2M3_UE8M0,baseline,E5M2,E2M3,UE8M0,600,true,0.0000,4041.072009,CustomOperator_E5M2_to_E2M3_0: 36.5400 (1 inst); CustomOperator_E5M2_to_E2M3_1: 49.5180 (1 inst); CustomOperator_E5M2_to_E2M3_2: 69.4260 (1 inst); CustomOperator_E5M2_to_E2M3_3: 68.1660 (1 inst); DirectToFP15b_E5M2_x_E2M3_UE8M0: 99.5400 (1 inst); FPNAdder: 836.6400 (1 inst); FixedFPTree_exp7_mant7_out7_vec4_range31: 2792.6640 (1 inst); SNPS_CLOCK_GATE: 1.8900 (1 inst),2.072000e-03,CustomOperator_E5M2_to_E2M3_0: 1.390e-05 (1 inst); CustomOperator_E5M2_to_E2M3_1: 1.650e-05 (1 inst); CustomOperator_E5M2_to_E2M3_2: 2.160e-05 (1 inst); CustomOperator_E5M2_to_E2M3_3: 1.960e-05 (1 inst); DirectToFP15b_E5M2_x_E2M3_UE8M0: 6.250e-05 (1 inst); FPNAdder: 3.470e-04 (1 inst); FixedFPTree_exp7_mant7_out7_vec4_range31: 1.580e-03 (1 inst); SNPS_CLOCK_GATE: 6.070e-07 (1 inst),1.164000e-03,CustomOperator_E5M2_to_E2M3_0: 2.070e-05 (1 inst); CustomOperator_E5M2_to_E2M3_1: 2.290e-05 (1 inst); CustomOperator_E5M2_to_E2M3_2: 3.440e-05 (1 inst); CustomOperator_E5M2_to_E2M3_3: 3.070e-05 (1 inst); DirectToFP15b_E5M2_x_E2M3_UE8M0: 2.000e-05 (1 inst); FPNAdder: 2.140e-04 (1 inst); FixedFPTree_exp7_mant7_out7_vec4_range31: 7.440e-04 (1 inst); SNPS_CLOCK_GATE: 7.960e-06 (1 inst),1.6667,600.0,1059,0.372,0.0366,2048,1,5freq
baseline_act-INT8_w-E3M2_UE7M1,baseline,INT8,E3M2,UE7M1,600,true,0.0000,4063.878000,CustomOperator_INT8_to_E3M2_0: 116.6760 (1 inst); CustomOperator_INT8_to_E3M2_1: 85.3020 (1 inst); CustomOperator_INT8_to_E3M2_2: 114.0300 (1 inst); CustomOperator_INT8_to_E3M2_3: 128.3940 (1 inst); FPNAdder: 1044.2880 (1 inst); FixedFPTree_exp7_mant10_out18_vec4_range6: 1535.3100 (1 inst); SNPS_CLOCK_GATE: 1.8900 (1 inst); ScaleAddition_INT8_to_E3M2_scale_UE7M1_wide18: 481.1940 (1 inst); ScaleToFP19b_INT8_x_E3M2_UE7M1_wide22: 459.5220 (1 inst),2.565000e-03,CustomOperator_INT8_to_E3M2_0: 5.260e-05 (1 inst); CustomOperator_INT8_to_E3M2_1: 3.800e-05 (1 inst); CustomOperator_INT8_to_E3M2_2: 4.830e-05 (1 inst); CustomOperator_INT8_to_E3M2_3: 5.560e-05 (1 inst); FPNAdder: 5.640e-04 (1 inst); FixedFPTree_exp7_mant10_out18_vec4_range6: 1.130e-03 (1 inst); SNPS_CLOCK_GATE: 6.510e-07 (1 inst); ScaleAddition_INT8_to_E3M2_scale_UE7M1_wide18: 3.640e-04 (1 inst); ScaleToFP19b_INT8_x_E3M2_UE7M1_wide22: 2.900e-04 (1 inst),1.686000e-03,CustomOperator_INT8_to_E3M2_0: 7.120e-05 (1 inst); CustomOperator_INT8_to_E3M2_1: 5.080e-05 (1 inst); CustomOperator_INT8_to_E3M2_2: 6.800e-05 (1 inst); CustomOperator_INT8_to_E3M2_3: 7.310e-05 (1 inst); FPNAdder: 2.940e-04 (1 inst); FixedFPTree_exp7_mant10_out18_vec4_range6: 7.490e-04 (1 inst); SNPS_CLOCK_GATE: 8.720e-06 (1 inst); ScaleAddition_INT8_to_E3M2_scale_UE7M1_wide18: 1.570e-04 (1 inst); ScaleToFP19b_INT8_x_E3M2_UE7M1_wide22: 1.290e-04 (1 inst),1.6667,600.0,1059,0.372,0.0366,2048,1,5freq
baseline_act-INT8_w-E5M2_UE8M0,baseline,INT8,E5M2,UE8M0,600,true,0.0000,4369.428009,CustomOperator_INT8_to_E5M2_0: 73.7100 (1 inst); CustomOperator_INT8_to_E5M2_1: 85.4280 (1 inst); CustomOperator_INT8_to_E5M2_2: 95.8860 (1 inst); CustomOperator_INT8_to_E5M2_3: 86.9400 (1 inst); DirectToFP19b_INT8_x_E5M2_UE8M0: 149.1840 (1 inst); FPNAdder: 947.3940 (1 inst); FixedFPTree_exp8_mant10_out10_vec4_range29: 2829.3300 (1 inst); SNPS_CLOCK_GATE: 1.8900 (1 inst),2.479000e-03,CustomOperator_INT8_to_E5M2_0: 3.000e-05 (1 inst); CustomOperator_INT8_to_E5M2_1: 3.440e-05 (1 inst); CustomOperator_INT8_to_E5M2_2: 3.660e-05 (1 inst); CustomOperator_INT8_to_E5M2_3: 3.400e-05 (1 inst); DirectToFP19b_INT8_x_E5M2_UE8M0: 1.020e-04 (1 inst); FPNAdder: 4.190e-04 (1 inst); FixedFPTree_exp8_mant10_out10_vec4_range29: 1.810e-03 (1 inst); SNPS_CLOCK_GATE: 6.580e-07 (1 inst),1.287000e-03,CustomOperator_INT8_to_E5M2_0: 3.670e-05 (1 inst); CustomOperator_INT8_to_E5M2_1: 4.140e-05 (1 inst); CustomOperator_INT8_to_E5M2_2: 4.260e-05 (1 inst); CustomOperator_INT8_to_E5M2_3: 3.700e-05 (1 inst); DirectToFP19b_INT8_x_E5M2_UE8M0: 2.850e-05 (1 inst); FPNAdder: 2.440e-04 (1 inst); FixedFPTree_exp8_mant10_out10_vec4_range29: 7.660e-04 (1 inst); SNPS_CLOCK_GATE: 8.720e-06 (1 inst),1.6667,600.0,1059,0.372,0.0366,2048,1,5freq
baseline_act-E5M2_w-E3M2_UE8M0,baseline,E5M2,E3M2,UE8M0,600,true,0.0000,4553.766009,CustomOperator_E5M2_to_E3M2_0: 44.7300 (1 inst); CustomOperator_E5M2_to_E3M2_1: 49.8960 (1 inst); CustomOperator_E5M2_to_E3M2_2: 112.1400 (1 inst); CustomOperator_E5M2_to_E3M2_3: 110.6280 (1 inst); DirectToFP15b_E5M2_x_E3M2_UE8M0: 136.3320 (1 inst); FPNAdder: 921.4380 (1 inst); FixedFPTree_exp7_mant6_out6_vec4_range35: 3087.8820 (1 inst); SNPS_CLOCK_GATE: 1.8900 (1 inst),2.317000e-03,CustomOperator_E5M2_to_E3M2_0: 1.900e-05 (1 inst); CustomOperator_E5M2_to_E3M2_1: 1.870e-05 (1 inst); CustomOperator_E5M2_to_E3M2_2: 3.620e-05 (1 inst); CustomOperator_E5M2_to_E3M2_3: 3.650e-05 (1 inst); DirectToFP15b_E5M2_x_E3M2_UE8M0: 9.140e-05 (1 inst); FPNAdder: 3.640e-04 (1 inst); FixedFPTree_exp7_mant6_out6_vec4_range35: 1.740e-03 (1 inst); SNPS_CLOCK_GATE: 5.920e-07 (1 inst),1.202000e-03,CustomOperator_E5M2_to_E3M2_0: 2.470e-05 (1 inst); CustomOperator_E5M2_to_E3M2_1: 2.430e-05 (1 inst); CustomOperator_E5M2_to_E3M2_2: 4.660e-05 (1 inst); CustomOperator_E5M2_to_E3M2_3: 4.270e-05 (1 inst); DirectToFP15b_E5M2_x_E3M2_UE8M0: 2.600e-05 (1 inst); FPNAdder: 2.070e-04 (1 inst); FixedFPTree_exp7_mant6_out6_vec4_range35: 7.530e-04 (1 inst); SNPS_CLOCK_GATE: 7.960e-06 (1 inst),1.6667,600.0,1059,0.372,0.0366,2048,1,5freq
baseline_act-INT8_w-E2M1_UE4M4,baseline,INT8,E2M1,UE4M4,600,true,0.0000,4617.899996,CustomOperator_INT8_to_E2M1_0: 74.4660 (1 inst); CustomOperator_INT8_to_E2M1_1: 66.1500 (1 inst); CustomOperator_INT8_to_E2M1_2: 70.9380 (1 inst); CustomOperator_INT8_to_E2M1_3: 49.3920 (1 inst); FPNAdder: 1129.7160 (1 inst); FixedFPTree_exp7_mant9_out12_vec4_range2: 1607.3820 (1 inst); SNPS_CLOCK_GATE: 1.8900 (1 inst); ScaleAddition_INT8_to_E2M1_scale_UE4M4_wide12: 1058.4000 (1 inst); ScaleToFP19b_INT8_x_E2M1_UE4M4_wide22: 454.8600 (1 inst),3.074000e-03,CustomOperator_INT8_to_E2M1_0: 2.890e-05 (1 inst); CustomOperator_INT8_to_E2M1_1: 2.630e-05 (1 inst); CustomOperator_INT8_to_E2M1_2: 2.640e-05 (1 inst); CustomOperator_INT8_to_E2M1_3: 1.880e-05 (1 inst); FPNAdder: 6.770e-04 (1 inst); FixedFPTree_exp7_mant9_out12_vec4_range2: 1.040e-03 (1 inst); SNPS_CLOCK_GATE: 6.580e-07 (1 inst); ScaleAddition_INT8_to_E2M1_scale_UE4M4_wide12: 9.020e-04 (1 inst); ScaleToFP19b_INT8_x_E2M1_UE4M4_wide22: 3.250e-04 (1 inst),1.914000e-03,CustomOperator_INT8_to_E2M1_0: 4.070e-05 (1 inst); CustomOperator_INT8_to_E2M1_1: 3.570e-05 (1 inst); CustomOperator_INT8_to_E2M1_2: 3.730e-05 (1 inst); CustomOperator_INT8_to_E2M1_3: 2.460e-05 (1 inst); FPNAdder: 3.520e-04 (1 inst); FixedFPTree_exp7_mant9_out12_vec4_range2: 7.860e-04 (1 inst); SNPS_CLOCK_GATE: 8.720e-06 (1 inst); ScaleAddition_INT8_to_E2M1_scale_UE4M4_wide12: 4.170e-04 (1 inst); ScaleToFP19b_INT8_x_E2M1_UE4M4_wide22: 1.220e-04 (1 inst),1.6667,600.0,1059,0.372,0.0366,2048,1,5freq
baseline_act-INT8_w-E2M1_UE5M3,baseline,INT8,E2M1,UE5M3,600,true,0.0000,4637.555995,CustomOperator_INT8_to_E2M1_0: 54.1800 (1 inst); CustomOperator_INT8_to_E2M1_1: 61.1100 (1 inst); CustomOperator_INT8_to_E2M1_2: 55.8180 (1 inst); CustomOperator_INT8_to_E2M1_3: 52.7940 (1 inst); FPNAdder: 1131.7320 (1 inst); FixedFPTree_exp7_mant9_out14_vec4_range2: 1686.3840 (1 inst); SNPS_CLOCK_GATE: 1.8900 (1 inst); ScaleAddition_INT8_to_E2M1_scale_UE5M3_wide14: 1033.5780 (1 inst); ScaleToFP19b_INT8_x_E2M1_UE5M3_wide22: 466.7040 (1 inst),2.964000e-03,CustomOperator_INT8_to_E2M1_0: 2.140e-05 (1 inst); CustomOperator_INT8_to_E2M1_1: 2.600e-05 (1 inst); CustomOperator_INT8_to_E2M1_2: 1.960e-05 (1 inst); CustomOperator_INT8_to_E2M1_3: 2.040e-05 (1 inst); FPNAdder: 6.610e-04 (1 inst); FixedFPTree_exp7_mant9_out14_vec4_range2: 1.010e-03 (1 inst); SNPS_CLOCK_GATE: 6.600e-07 (1 inst); ScaleAddition_INT8_to_E2M1_scale_UE5M3_wide14: 8.440e-04 (1 inst); ScaleToFP19b_INT8_x_E2M1_UE5M3_wide22: 3.360e-04 (1 inst),1.833000e-03,CustomOperator_INT8_to_E2M1_0: 3.000e-05 (1 inst); CustomOperator_INT8_to_E2M1_1: 3.590e-05 (1 inst); CustomOperator_INT8_to_E2M1_2: 2.770e-05 (1 inst); CustomOperator_INT8_to_E2M1_3: 2.750e-05 (1 inst); FPNAdder: 3.310e-04 (1 inst); FixedFPTree_exp7_mant9_out14_vec4_range2: 7.640e-04 (1 inst); SNPS_CLOCK_GATE: 8.720e-06 (1 inst); ScaleAddition_INT8_to_E2M1_scale_UE5M3_wide14: 3.830e-04 (1 inst); ScaleToFP19b_INT8_x_E2M1_UE5M3_wide22: 1.390e-04 (1 inst),1.6667,600.0,1059,0.372,0.0366,2048,1,5freq
baseline_act-INT8_w-E2M3_UE7M1,baseline,INT8,E2M3,UE7M1,600,true,0.0000,4679.513999,CustomOperator_INT8_to_E2M3_0: 154.0980 (1 inst); CustomOperator_INT8_to_E2M3_1: 156.3660 (1 inst); CustomOperator_INT8_to_E2M3_2: 200.9700 (1 inst); CustomOperator_INT8_to_E2M3_3: 133.5600 (1 inst); FPNAdder: 1091.1600 (1 inst); FixedFPTree_exp7_mant11_out18_vec4_range2: 1836.3240 (1 inst); SNPS_CLOCK_GATE: 1.8900 (1 inst); ScaleAddition_INT8_to_E2M3_scale_UE7M1_wide18: 575.8200 (1 inst); ScaleToFP19b_INT8_x_E2M3_UE7M1_wide22: 431.2980 (1 inst),2.788000e-03,CustomOperator_INT8_to_E2M3_0: 7.660e-05 (1 inst); CustomOperator_INT8_to_E2M3_1: 7.340e-05 (1 inst); CustomOperator_INT8_to_E2M3_2: 1.070e-04 (1 inst); CustomOperator_INT8_to_E2M3_3: 6.460e-05 (1 inst); FPNAdder: 5.600e-04 (1 inst); FixedFPTree_exp7_mant11_out18_vec4_range2: 1.240e-03 (1 inst); SNPS_CLOCK_GATE: 6.450e-07 (1 inst); ScaleAddition_INT8_to_E2M3_scale_UE7M1_wide18: 3.930e-04 (1 inst); ScaleToFP19b_INT8_x_E2M3_UE7M1_wide22: 2.520e-04 (1 inst),1.879000e-03,CustomOperator_INT8_to_E2M3_0: 8.060e-05 (1 inst); CustomOperator_INT8_to_E2M3_1: 7.990e-05 (1 inst); CustomOperator_INT8_to_E2M3_2: 1.240e-04 (1 inst); CustomOperator_INT8_to_E2M3_3: 6.970e-05 (1 inst); FPNAdder: 3.080e-04 (1 inst); FixedFPTree_exp7_mant11_out18_vec4_range2: 8.360e-04 (1 inst); SNPS_CLOCK_GATE: 8.710e-06 (1 inst); ScaleAddition_INT8_to_E2M3_scale_UE7M1_wide18: 1.720e-04 (1 inst); ScaleToFP19b_INT8_x_E2M3_UE7M1_wide22: 1.170e-04 (1 inst),1.6667,600.0,1059,0.372,0.0366,2048,1,5freq
baseline_act-INT8_w-E2M1_UE4M3,baseline,INT8,E2M1,UE4M3,600,true,0.0000,4797.954000,CustomOperator_INT8_to_E2M1_0: 57.9600 (1 inst); CustomOperator_INT8_to_E2M1_1: 65.2680 (1 inst); CustomOperator_INT8_to_E2M1_2: 52.6680 (1 inst); CustomOperator_INT8_to_E2M1_3: 60.4800 (1 inst); FPNAdder: 1196.6220 (1 inst); FixedFPTree_exp7_mant9_out14_vec4_range2: 1702.1340 (1 inst); SNPS_CLOCK_GATE: 1.8900 (1 inst); ScaleAddition_INT8_to_E2M1_scale_UE4M3_wide14: 1073.8980 (1 inst); ScaleToFP19b_INT8_x_E2M1_UE4M3_wide22: 485.1000 (1 inst),3.050000e-03,CustomOperator_INT8_to_E2M1_0: 2.170e-05 (1 inst); CustomOperator_INT8_to_E2M1_1: 2.640e-05 (1 inst); CustomOperator_INT8_to_E2M1_2: 1.840e-05 (1 inst); CustomOperator_INT8_to_E2M1_3: 2.200e-05 (1 inst); FPNAdder: 7.000e-04 (1 inst); FixedFPTree_exp7_mant9_out14_vec4_range2: 1.020e-03 (1 inst); SNPS_CLOCK_GATE: 6.520e-07 (1 inst); ScaleAddition_INT8_to_E2M1_scale_UE4M3_wide14: 8.650e-04 (1 inst); ScaleToFP19b_INT8_x_E2M1_UE4M3_wide22: 3.490e-04 (1 inst),1.781000e-03,CustomOperator_INT8_to_E2M1_0: 3.140e-05 (1 inst); CustomOperator_INT8_to_E2M1_1: 3.560e-05 (1 inst); CustomOperator_INT8_to_E2M1_2: 2.700e-05 (1 inst); CustomOperator_INT8_to_E2M1_3: 3.080e-05 (1 inst); FPNAdder: 3.270e-04 (1 inst); FixedFPTree_exp7_mant9_out14_vec4_range2: 7.750e-04 (1 inst); SNPS_CLOCK_GATE: 8.720e-06 (1 inst); ScaleAddition_INT8_to_E2M1_scale_UE4M3_wide14: 3.310e-04 (1 inst); ScaleToFP19b_INT8_x_E2M1_UE4M3_wide22: 1.270e-04 (1 inst),1.6667,600.0,1059,0.372,0.0366,2048,1,5freq
baseline_act-E3M2_w-E2M3_UE4M3,baseline,E3M2,E2M3,UE4M3,600,true,0.0000,4867.757999,CustomOperator_E3M2_to_E2M3_0: 43.8480 (1 inst); CustomOperator_E3M2_to_E2M3_1: 42.3360 (1 inst); CustomOperator_E3M2_to_E2M3_2: 63.2520 (1 inst); CustomOperator_E3M2_to_E2M3_3: 61.7400 (1 inst); FPNAdder: 993.5100 (1 inst); FixedFPTree_exp6_mant7_out9_vec4_range8: 2429.4060 (1 inst); SNPS_CLOCK_GATE: 1.8900 (1 inst); ScaleAddition_E3M2_to_E2M3_scale_UE4M3_wide9: 791.9100 (1 inst); ScaleToFP14b_E3M2_x_E2M3_UE4M3_wide17: 353.6820 (1 inst),3.105000e-03,CustomOperator_E3M2_to_E2M3_0: 1.750e-05 (1 inst); CustomOperator_E3M2_to_E2M3_1: 1.710e-05 (1 inst); CustomOperator_E3M2_to_E2M3_2: 2.230e-05 (1 inst); CustomOperator_E3M2_to_E2M3_3: 2.010e-05 (1 inst); FPNAdder: 5.610e-04 (1 inst); FixedFPTree_exp6_mant7_out9_vec4_range8: 1.490e-03 (1 inst); SNPS_CLOCK_GATE: 5.930e-07 (1 inst); ScaleAddition_E3M2_to_E2M3_scale_UE4M3_wide9: 7.030e-04 (1 inst); ScaleToFP14b_E3M2_x_E2M3_UE4M3_wide17: 2.510e-04 (1 inst),1.821000e-03,CustomOperator_E3M2_to_E2M3_0: 2.630e-05 (1 inst); CustomOperator_E3M2_to_E2M3_1: 2.620e-05 (1 inst); CustomOperator_E3M2_to_E2M3_2: 3.450e-05 (1 inst); CustomOperator_E3M2_to_E2M3_3: 3.160e-05 (1 inst); FPNAdder: 2.840e-04 (1 inst); FixedFPTree_exp6_mant7_out9_vec4_range8: 9.570e-04 (1 inst); SNPS_CLOCK_GATE: 7.760e-06 (1 inst); ScaleAddition_E3M2_to_E2M3_scale_UE4M3_wide9: 2.620e-04 (1 inst); ScaleToFP14b_E3M2_x_E2M3_UE4M3_wide17: 1.140e-04 (1 inst),1.6667,600.0,1059,0.372,0.0366,2048,1,5freq
baseline_act-E3M2_w-E3M2_UE7M1,baseline,E3M2,E3M2,UE7M1,600,true,0.0000,4900.013999,CustomOperator_E3M2_to_E3M2_0: 41.7060 (1 inst); CustomOperator_E3M2_to_E3M2_1: 78.6240 (1 inst); CustomOperator_E3M2_to_E3M2_2: 100.9260 (1 inst); CustomOperator_E3M2_to_E3M2_3: 92.8620 (1 inst); FPNAdder: 965.4120 (1 inst); FixedFPTree_exp7_mant6_out13_vec4_range12: 2689.5960 (1 inst); SNPS_CLOCK_GATE: 1.8900 (1 inst); ScaleAddition_E3M2_to_E3M2_scale_UE7M1_wide13: 418.4460 (1 inst); ScaleToFP14b_E3M2_x_E3M2_UE7M1_wide17: 426.5100 (1 inst),2.885000e-03,CustomOperator_E3M2_to_E3M2_0: 1.680e-05 (1 inst); CustomOperator_E3M2_to_E3M2_1: 2.810e-05 (1 inst); CustomOperator_E3M2_to_E3M2_2: 3.400e-05 (1 inst); CustomOperator_E3M2_to_E3M2_3: 3.000e-05 (1 inst); FPNAdder: 5.390e-04 (1 inst); FixedFPTree_exp7_mant6_out13_vec4_range12: 1.600e-03 (1 inst); SNPS_CLOCK_GATE: 5.910e-07 (1 inst); ScaleAddition_E3M2_to_E3M2_scale_UE7M1_wide13: 3.280e-04 (1 inst); ScaleToFP14b_E3M2_x_E3M2_UE7M1_wide17: 2.940e-04 (1 inst),1.722000e-03,CustomOperator_E3M2_to_E3M2_0: 2.170e-05 (1 inst); CustomOperator_E3M2_to_E3M2_1: 3.710e-05 (1 inst); CustomOperator_E3M2_to_E3M2_2: 4.360e-05 (1 inst); CustomOperator_E3M2_to_E3M2_3: 3.670e-05 (1 inst); FPNAdder: 2.790e-04 (1 inst); FixedFPTree_exp7_mant6_out13_vec4_range12: 9.550e-04 (1 inst); SNPS_CLOCK_GATE: 7.760e-06 (1 inst); ScaleAddition_E3M2_to_E3M2_scale_UE7M1_wide13: 1.410e-04 (1 inst); ScaleToFP14b_E3M2_x_E3M2_UE7M1_wide17: 1.260e-04 (1 inst),1.6667,600.0,1059,0.372,0.0366,2048,1,5freq
baseline_act-E3M2_w-E2M3_UE6M2,baseline,E3M2,E2M3,UE6M2,600,true,0.0000,4914.000000,CustomOperator_E3M2_to_E2M3_0: 42.7140 (1 inst); CustomOperator_E3M2_to_E2M3_1: 41.0760 (1 inst); CustomOperator_E3M2_to_E2M3_2: 69.1740 (1 inst); CustomOperator_E3M2_to_E2M3_3: 64.3860 (1 inst); FPNAdder: 898.3800 (1 inst); FixedFPTree_exp7_mant7_out11_vec4_range8: 2618.9100 (1 inst); SNPS_CLOCK_GATE: 1.8900 (1 inst); ScaleAddition_E3M2_to_E2M3_scale_UE6M2_wide11: 713.1600 (1 inst); ScaleToFP14b_E3M2_x_E2M3_UE6M2_wide17: 383.0400 (1 inst),3.159000e-03,CustomOperator_E3M2_to_E2M3_0: 1.490e-05 (1 inst); CustomOperator_E3M2_to_E2M3_1: 1.710e-05 (1 inst); CustomOperator_E3M2_to_E2M3_2: 2.340e-05 (1 inst); CustomOperator_E3M2_to_E2M3_3: 2.110e-05 (1 inst); FPNAdder: 5.400e-04 (1 inst); FixedFPTree_exp7_mant7_out11_vec4_range8: 1.600e-03 (1 inst); SNPS_CLOCK_GATE: 5.870e-07 (1 inst); ScaleAddition_E3M2_to_E2M3_scale_UE6M2_wide11: 6.110e-04 (1 inst); ScaleToFP14b_E3M2_x_E2M3_UE6M2_wide17: 3.080e-04 (1 inst),1.910000e-03,CustomOperator_E3M2_to_E2M3_0: 2.330e-05 (1 inst); CustomOperator_E3M2_to_E2M3_1: 2.550e-05 (1 inst); CustomOperator_E3M2_to_E2M3_2: 3.770e-05 (1 inst); CustomOperator_E3M2_to_E2M3_3: 3.330e-05 (1 inst); FPNAdder: 2.850e-04 (1 inst); FixedFPTree_exp7_mant7_out11_vec4_range8: 1.020e-03 (1 inst); SNPS_CLOCK_GATE: 7.760e-06 (1 inst); ScaleAddition_E3M2_to_E2M3_scale_UE6M2_wide11: 2.740e-04 (1 inst); ScaleToFP14b_E3M2_x_E2M3_UE6M2_wide17: 1.240e-04 (1 inst),1.6667,600.0,1059,0.372,0.0366,2048,1,5freq
baseline_act-INT8_w-E2M3_UE6M2,baseline,INT8,E2M3,UE6M2,600,true,0.0000,4990.481996,CustomOperator_INT8_to_E2M3_0: 181.1880 (1 inst); CustomOperator_INT8_to_E2M3_1: 154.9800 (1 inst); CustomOperator_INT8_to_E2M3_2: 214.4520 (1 inst); CustomOperator_INT8_to_E2M3_3: 141.3720 (1 inst); FPNAdder: 1156.0500 (1 inst); FixedFPTree_exp7_mant11_out16_vec4_range2: 1805.0760 (1 inst); SNPS_CLOCK_GATE: 1.8900 (1 inst); ScaleAddition_INT8_to_E2M3_scale_UE6M2_wide16: 781.5780 (1 inst); ScaleToFP19b_INT8_x_E2M3_UE6M2_wide22: 454.8600 (1 inst),3.169000e-03,CustomOperator_INT8_to_E2M3_0: 8.320e-05 (1 inst); CustomOperator_INT8_to_E2M3_1: 7.600e-05 (1 inst); CustomOperator_INT8_to_E2M3_2: 1.010e-04 (1 inst); CustomOperator_INT8_to_E2M3_3: 6.910e-05 (1 inst); FPNAdder: 6.490e-04 (1 inst); FixedFPTree_exp7_mant11_out16_vec4_range2: 1.200e-03 (1 inst); SNPS_CLOCK_GATE: 6.500e-07 (1 inst); ScaleAddition_INT8_to_E2M3_scale_UE6M2_wide16: 6.350e-04 (1 inst); ScaleToFP19b_INT8_x_E2M3_UE6M2_wide22: 3.320e-04 (1 inst),2.054000e-03,CustomOperator_INT8_to_E2M3_0: 9.530e-05 (1 inst); CustomOperator_INT8_to_E2M3_1: 7.940e-05 (1 inst); CustomOperator_INT8_to_E2M3_2: 1.120e-04 (1 inst); CustomOperator_INT8_to_E2M3_3: 7.330e-05 (1 inst); FPNAdder: 3.230e-04 (1 inst); FixedFPTree_exp7_mant11_out16_vec4_range2: 8.420e-04 (1 inst); SNPS_CLOCK_GATE: 8.720e-06 (1 inst); ScaleAddition_INT8_to_E2M3_scale_UE6M2_wide16: 3.030e-04 (1 inst); ScaleToFP19b_INT8_x_E2M3_UE6M2_wide22: 1.290e-04 (1 inst),1.6667,600.0,1059,0.372,0.0366,2048,1,5freq
baseline_act-INT8_w-INT8_UE5M3,baseline,INT8,INT8,UE5M3,600,true,0.0000,5276.879996,CustomOperator_INT8_to_INT8_0: 401.6880 (1 inst); CustomOperator_INT8_to_INT8_1: 377.6220 (1 inst); CustomOperator_INT8_to_INT8_2: 369.4320 (1 inst); CustomOperator_INT8_to_INT8_3: 369.0540 (1 inst); FPNAdder: 1133.3700 (1 inst); FixedFPTree_exp7_mant14_out14_vec4_range0: 955.7100 (1 inst); SNPS_CLOCK_GATE: 1.8900 (1 inst); ScaleAddition_INT8_to_INT8_scale_UE5M3_wide14: 1084.7340 (1 inst); ScaleToFP19b_INT8_x_INT8_UE5M3_wide22: 487.2420 (1 inst),3.995000e-03,CustomOperator_INT8_to_INT8_0: 2.560e-04 (1 inst); CustomOperator_INT8_to_INT8_1: 2.300e-04 (1 inst); CustomOperator_INT8_to_INT8_2: 2.380e-04 (1 inst); CustomOperator_INT8_to_INT8_3: 2.320e-04 (1 inst); FPNAdder: 6.970e-04 (1 inst); FixedFPTree_exp7_mant14_out14_vec4_range0: 9.050e-04 (1 inst); SNPS_CLOCK_GATE: 6.600e-07 (1 inst); ScaleAddition_INT8_to_INT8_scale_UE5M3_wide14: 1.060e-03 (1 inst); ScaleToFP19b_INT8_x_INT8_UE5M3_wide22: 3.540e-04 (1 inst),2.507000e-03,CustomOperator_INT8_to_INT8_0: 2.360e-04 (1 inst); CustomOperator_INT8_to_INT8_1: 2.240e-04 (1 inst); CustomOperator_INT8_to_INT8_2: 2.250e-04 (1 inst); CustomOperator_INT8_to_INT8_3: 2.180e-04 (1 inst); FPNAdder: 3.630e-04 (1 inst); FixedFPTree_exp7_mant14_out14_vec4_range0: 5.400e-04 (1 inst); SNPS_CLOCK_GATE: 8.720e-06 (1 inst); ScaleAddition_INT8_to_INT8_scale_UE5M3_wide14: 4.520e-04 (1 inst); ScaleToFP19b_INT8_x_INT8_UE5M3_wide22: 1.450e-04 (1 inst),1.6667,600.0,1059,0.372,0.0366,2048,1,5freq
baseline_act-INT8_w-E3M2_UE6M2,baseline,INT8,E3M2,UE6M2,600,true,0.0000,5410.691996,CustomOperator_INT8_to_E3M2_0: 100.8000 (1 inst); CustomOperator_INT8_to_E3M2_1: 116.9280 (1 inst); CustomOperator_INT8_to_E3M2_2: 120.7080 (1 inst); CustomOperator_INT8_to_E3M2_3: 106.2180 (1 inst); FPNAdder: 1176.3360 (1 inst); FixedFPTree_exp7_mant10_out16_vec4_range6: 2333.8980 (1 inst); SNPS_CLOCK_GATE: 1.8900 (1 inst); ScaleAddition_INT8_to_E3M2_scale_UE6M2_wide16: 845.4600 (1 inst); ScaleToFP19b_INT8_x_E3M2_UE6M2_wide22: 509.1660 (1 inst),3.686000e-03,CustomOperator_INT8_to_E3M2_0: 4.610e-05 (1 inst); CustomOperator_INT8_to_E3M2_1: 5.190e-05 (1 inst); CustomOperator_INT8_to_E3M2_2: 5.030e-05 (1 inst); CustomOperator_INT8_to_E3M2_3: 4.450e-05 (1 inst); FPNAdder: 7.010e-04 (1 inst); FixedFPTree_exp7_mant10_out16_vec4_range6: 1.680e-03 (1 inst); SNPS_CLOCK_GATE: 6.520e-07 (1 inst); ScaleAddition_INT8_to_E3M2_scale_UE6M2_wide16: 7.100e-04 (1 inst); ScaleToFP19b_INT8_x_E3M2_UE6M2_wide22: 3.730e-04 (1 inst),2.277000e-03,CustomOperator_INT8_to_E3M2_0: 6.110e-05 (1 inst); CustomOperator_INT8_to_E3M2_1: 6.930e-05 (1 inst); CustomOperator_INT8_to_E3M2_2: 6.880e-05 (1 inst); CustomOperator_INT8_to_E3M2_3: 6.000e-05 (1 inst); FPNAdder: 3.460e-04 (1 inst); FixedFPTree_exp7_mant10_out16_vec4_range6: 1.150e-03 (1 inst); SNPS_CLOCK_GATE: 8.720e-06 (1 inst); ScaleAddition_INT8_to_E3M2_scale_UE6M2_wide16: 2.780e-04 (1 inst); ScaleToFP19b_INT8_x_E3M2_UE6M2_wide22: 1.500e-04 (1 inst),1.6667,600.0,1059,0.372,0.0366,2048,1,5freq
baseline_act-E3M2_w-E2M3_UE5M3,baseline,E3M2,E2M3,UE5M3,600,true,0.0000,5463.359996,CustomOperator_E3M2_to_E2M3_0: 42.0840 (1 inst); CustomOperator_E3M2_to_E2M3_1: 45.1080 (1 inst); CustomOperator_E3M2_to_E2M3_2: 60.7320 (1 inst); CustomOperator_E3M2_to_E2M3_3: 62.3700 (1 inst); FPNAdder: 1089.1440 (1 inst); FixedFPTree_exp6_mant7_out9_vec4_range8: 2803.3740 (1 inst); SNPS_CLOCK_GATE: 1.8900 (1 inst); ScaleAddition_E3M2_to_E2M3_scale_UE5M3_wide9: 836.8920 (1 inst); ScaleToFP14b_E3M2_x_E2M3_UE5M3_wide17: 437.9760 (1 inst),3.479000e-03,CustomOperator_E3M2_to_E2M3_0: 1.530e-05 (1 inst); CustomOperator_E3M2_to_E2M3_1: 1.940e-05 (1 inst); CustomOperator_E3M2_to_E2M3_2: 2.090e-05 (1 inst); CustomOperator_E3M2_to_E2M3_3: 2.040e-05 (1 inst); FPNAdder: 6.290e-04 (1 inst); FixedFPTree_exp6_mant7_out9_vec4_range8: 1.720e-03 (1 inst); SNPS_CLOCK_GATE: 5.910e-07 (1 inst); ScaleAddition_E3M2_to_E2M3_scale_UE5M3_wide9: 7.200e-04 (1 inst); ScaleToFP14b_E3M2_x_E2M3_UE5M3_wide17: 3.090e-04 (1 inst),2.188000e-03,CustomOperator_E3M2_to_E2M3_0: 2.300e-05 (1 inst); CustomOperator_E3M2_to_E2M3_1: 3.020e-05 (1 inst); CustomOperator_E3M2_to_E2M3_2: 3.150e-05 (1 inst); CustomOperator_E3M2_to_E2M3_3: 3.110e-05 (1 inst); FPNAdder: 3.460e-04 (1 inst); FixedFPTree_exp6_mant7_out9_vec4_range8: 1.120e-03 (1 inst); SNPS_CLOCK_GATE: 7.760e-06 (1 inst); ScaleAddition_E3M2_to_E2M3_scale_UE5M3_wide9: 3.710e-04 (1 inst); ScaleToFP14b_E3M2_x_E2M3_UE5M3_wide17: 1.510e-04 (1 inst),1.6667,600.0,1059,0.372,0.0366,2048,1,5freq
baseline_act-INT8_w-INT8_UE4M3,baseline,INT8,INT8,UE4M3,600,true,0.0000,5511.617998,CustomOperator_INT8_to_INT8_0: 400.3020 (1 inst); CustomOperator_INT8_to_INT8_1: 406.4760 (1 inst); CustomOperator_INT8_to_INT8_2: 448.6860 (1 inst); CustomOperator_INT8_to_INT8_3: 382.0320 (1 inst); FPNAdder: 1141.9380 (1 inst); FixedFPTree_exp7_mant14_out14_vec4_range0: 1082.9700 (1 inst); SNPS_CLOCK_GATE: 1.8900 (1 inst); ScaleAddition_INT8_to_INT8_scale_UE4M3_wide14: 1075.6620 (1 inst); ScaleToFP19b_INT8_x_INT8_UE4M3_wide22: 469.8540 (1 inst),4.114000e-03,CustomOperator_INT8_to_INT8_0: 2.430e-04 (1 inst); CustomOperator_INT8_to_INT8_1: 2.500e-04 (1 inst); CustomOperator_INT8_to_INT8_2: 2.750e-04 (1 inst); CustomOperator_INT8_to_INT8_3: 2.400e-04 (1 inst); FPNAdder: 6.760e-04 (1 inst); FixedFPTree_exp7_mant14_out14_vec4_range0: 1.030e-03 (1 inst); SNPS_CLOCK_GATE: 6.530e-07 (1 inst); ScaleAddition_INT8_to_INT8_scale_UE4M3_wide14: 1.030e-03 (1 inst); ScaleToFP19b_INT8_x_INT8_UE4M3_wide22: 3.490e-04 (1 inst),2.593000e-03,CustomOperator_INT8_to_INT8_0: 2.360e-04 (1 inst); CustomOperator_INT8_to_INT8_1: 2.470e-04 (1 inst); CustomOperator_INT8_to_INT8_2: 2.700e-04 (1 inst); CustomOperator_INT8_to_INT8_3: 2.270e-04 (1 inst); FPNAdder: 3.400e-04 (1 inst); FixedFPTree_exp7_mant14_out14_vec4_range0: 6.090e-04 (1 inst); SNPS_CLOCK_GATE: 8.720e-06 (1 inst); ScaleAddition_INT8_to_INT8_scale_UE4M3_wide14: 4.240e-04 (1 inst); ScaleToFP19b_INT8_x_INT8_UE4M3_wide22: 1.380e-04 (1 inst),1.6667,600.0,1059,0.372,0.0366,2048,1,5freq
baseline_act-E3M2_w-E2M1_UE5M3,baseline,E3M2,E2M1,UE5M3,600,true,-0.0200,5623.127995,CustomOperator_E3M2_to_E2M1_0: 29.2320 (1 inst); CustomOperator_E3M2_to_E2M1_1: 48.1320 (1 inst); CustomOperator_E3M2_to_E2M1_2: 75.0960 (1 inst); CustomOperator_E3M2_to_E2M1_3: 70.0560 (1 inst); FPNAdder: 1102.7520 (1 inst); FixedFPTree_exp6_mant5_out9_vec4_range8: 2726.5140 (1 inst); SNPS_CLOCK_GATE: 1.8900 (1 inst); ScaleAddition_E3M2_to_E2M1_scale_UE5M3_wide9: 984.6900 (1 inst); ScaleToFP14b_E3M2_x_E2M1_UE5M3_wide17: 496.9440 (1 inst),3.403000e-03,CustomOperator_E3M2_to_E2M1_0: 1.220e-05 (1 inst); CustomOperator_E3M2_to_E2M1_1: 1.580e-05 (1 inst); CustomOperator_E3M2_to_E2M1_2: 2.230e-05 (1 inst); CustomOperator_E3M2_to_E2M1_3: 2.140e-05 (1 inst); FPNAdder: 6.430e-04 (1 inst); FixedFPTree_exp6_mant5_out9_vec4_range8: 1.530e-03 (1 inst); SNPS_CLOCK_GATE: 5.840e-07 (1 inst); ScaleAddition_E3M2_to_E2M1_scale_UE5M3_wide9: 7.900e-04 (1 inst); ScaleToFP14b_E3M2_x_E2M1_UE5M3_wide17: 3.450e-04 (1 inst),2.149000e-03,CustomOperator_E3M2_to_E2M1_0: 1.980e-05 (1 inst); CustomOperator_E3M2_to_E2M1_1: 2.580e-05 (1 inst); CustomOperator_E3M2_to_E2M1_2: 3.880e-05 (1 inst); CustomOperator_E3M2_to_E2M1_3: 3.660e-05 (1 inst); FPNAdder: 3.670e-04 (1 inst); FixedFPTree_exp6_mant5_out9_vec4_range8: 9.900e-04 (1 inst); SNPS_CLOCK_GATE: 7.760e-06 (1 inst); ScaleAddition_E3M2_to_E2M1_scale_UE5M3_wide9: 4.090e-04 (1 inst); ScaleToFP14b_E3M2_x_E2M1_UE5M3_wide17: 1.780e-04 (1 inst),1.6867,592.9,1059,0.372,0.0366,2048,1,5freq
baseline_act-E3M2_w-E2M1_UE4M4,baseline,E3M2,E2M1,UE4M4,600,true,-0.0100,5739.174004,CustomOperator_E3M2_to_E2M1_0: 22.8060 (1 inst); CustomOperator_E3M2_to_E2M1_1: 36.7920 (1 inst); CustomOperator_E3M2_to_E2M1_2: 54.5580 (1 inst); CustomOperator_E3M2_to_E2M1_3: 47.5020 (1 inst); FPNAdder: 1040.7600 (1 inst); FixedFPTree_exp6_mant5_out7_vec4_range8: 2933.0280 (1 inst); SNPS_CLOCK_GATE: 1.8900 (1 inst); ScaleAddition_E3M2_to_E2M1_scale_UE4M4_wide7: 1114.5960 (1 inst); ScaleToFP14b_E3M2_x_E2M1_UE4M4_wide17: 406.6020 (1 inst),3.670000e-03,CustomOperator_E3M2_to_E2M1_0: 1.100e-05 (1 inst); CustomOperator_E3M2_to_E2M1_1: 1.430e-05 (1 inst); CustomOperator_E3M2_to_E2M1_2: 1.990e-05 (1 inst); CustomOperator_E3M2_to_E2M1_3: 1.580e-05 (1 inst); FPNAdder: 6.240e-04 (1 inst); FixedFPTree_exp6_mant5_out7_vec4_range8: 1.680e-03 (1 inst); SNPS_CLOCK_GATE: 5.810e-07 (1 inst); ScaleAddition_E3M2_to_E2M1_scale_UE4M4_wide7: 9.720e-04 (1 inst); ScaleToFP14b_E3M2_x_E2M1_UE4M4_wide17: 3.130e-04 (1 inst),2.176000e-03,CustomOperator_E3M2_to_E2M1_0: 1.740e-05 (1 inst); CustomOperator_E3M2_to_E2M1_1: 2.240e-05 (1 inst); CustomOperator_E3M2_to_E2M1_2: 3.190e-05 (1 inst); CustomOperator_E3M2_to_E2M1_3: 2.390e-05 (1 inst); FPNAdder: 3.250e-04 (1 inst); FixedFPTree_exp6_mant5_out7_vec4_range8: 1.090e-03 (1 inst); SNPS_CLOCK_GATE: 7.760e-06 (1 inst); ScaleAddition_E3M2_to_E2M1_scale_UE4M4_wide7: 4.460e-04 (1 inst); ScaleToFP14b_E3M2_x_E2M1_UE4M4_wide17: 1.380e-04 (1 inst),1.6767,596.4,1059,0.372,0.0366,2048,1,5freq
baseline_act-INT8_w-E3M2_UE5M3,baseline,INT8,E3M2,UE5M3,600,true,0.0000,5958.539992,CustomOperator_INT8_to_E3M2_0: 148.0500 (1 inst); CustomOperator_INT8_to_E3M2_1: 145.6560 (1 inst); CustomOperator_INT8_to_E3M2_2: 158.3820 (1 inst); CustomOperator_INT8_to_E3M2_3: 114.0300 (1 inst); FPNAdder: 1216.1520 (1 inst); FixedFPTree_exp7_mant10_out14_vec4_range6: 2385.9360 (1 inst); SNPS_CLOCK_GATE: 1.8900 (1 inst); ScaleAddition_INT8_to_E3M2_scale_UE5M3_wide14: 1142.1900 (1 inst); ScaleToFP19b_INT8_x_E3M2_UE5M3_wide22: 546.2100 (1 inst),4.288000e-03,CustomOperator_INT8_to_E3M2_0: 6.720e-05 (1 inst); CustomOperator_INT8_to_E3M2_1: 6.740e-05 (1 inst); CustomOperator_INT8_to_E3M2_2: 6.830e-05 (1 inst); CustomOperator_INT8_to_E3M2_3: 5.030e-05 (1 inst); FPNAdder: 7.490e-04 (1 inst); FixedFPTree_exp7_mant10_out14_vec4_range6: 1.770e-03 (1 inst); SNPS_CLOCK_GATE: 6.520e-07 (1 inst); ScaleAddition_INT8_to_E3M2_scale_UE5M3_wide14: 1.080e-03 (1 inst); ScaleToFP19b_INT8_x_E3M2_UE5M3_wide22: 4.140e-04 (1 inst),2.536000e-03,CustomOperator_INT8_to_E3M2_0: 8.920e-05 (1 inst); CustomOperator_INT8_to_E3M2_1: 8.650e-05 (1 inst); CustomOperator_INT8_to_E3M2_2: 9.620e-05 (1 inst); CustomOperator_INT8_to_E3M2_3: 6.640e-05 (1 inst); FPNAdder: 3.680e-04 (1 inst); FixedFPTree_exp7_mant10_out14_vec4_range6: 1.200e-03 (1 inst); SNPS_CLOCK_GATE: 8.720e-06 (1 inst); ScaleAddition_INT8_to_E3M2_scale_UE5M3_wide14: 3.830e-04 (1 inst); ScaleToFP19b_INT8_x_E3M2_UE5M3_wide22: 1.540e-04 (1 inst),1.6667,600.0,1059,0.372,0.0366,2048,1,5freq
baseline_act-INT8_w-E2M3_UE4M3,baseline,INT8,E2M3,UE4M3,600,true,0.0000,5963.075994,CustomOperator_INT8_to_E2M3_0: 262.9620 (1 inst); CustomOperator_INT8_to_E2M3_1: 261.4500 (1 inst); CustomOperator_INT8_to_E2M3_2: 241.2900 (1 inst); CustomOperator_INT8_to_E2M3_3: 225.6660 (1 inst); FPNAdder: 1125.1800 (1 inst); FixedFPTree_exp7_mant11_out14_vec4_range2: 2177.7840 (1 inst); SNPS_CLOCK_GATE: 1.8900 (1 inst); ScaleAddition_INT8_to_E2M3_scale_UE4M3_wide14: 1089.7740 (1 inst); ScaleToFP19b_INT8_x_E2M3_UE4M3_wide22: 481.8240 (1 inst),3.955000e-03,CustomOperator_INT8_to_E2M3_0: 1.160e-04 (1 inst); CustomOperator_INT8_to_E2M3_1: 1.250e-04 (1 inst); CustomOperator_INT8_to_E2M3_2: 1.090e-04 (1 inst); CustomOperator_INT8_to_E2M3_3: 1.080e-04 (1 inst); FPNAdder: 6.730e-04 (1 inst); FixedFPTree_exp7_mant11_out14_vec4_range2: 1.440e-03 (1 inst); SNPS_CLOCK_GATE: 6.590e-07 (1 inst); ScaleAddition_INT8_to_E2M3_scale_UE4M3_wide14: 9.930e-04 (1 inst); ScaleToFP19b_INT8_x_E2M3_UE4M3_wide22: 3.650e-04 (1 inst),2.490000e-03,CustomOperator_INT8_to_E2M3_0: 1.380e-04 (1 inst); CustomOperator_INT8_to_E2M3_1: 1.350e-04 (1 inst); CustomOperator_INT8_to_E2M3_2: 1.230e-04 (1 inst); CustomOperator_INT8_to_E2M3_3: 1.190e-04 (1 inst); FPNAdder: 3.300e-04 (1 inst); FixedFPTree_exp7_mant11_out14_vec4_range2: 1.020e-03 (1 inst); SNPS_CLOCK_GATE: 8.720e-06 (1 inst); ScaleAddition_INT8_to_E2M3_scale_UE4M3_wide14: 3.860e-04 (1 inst); ScaleToFP19b_INT8_x_E2M3_UE4M3_wide22: 1.350e-04 (1 inst),1.6667,600.0,1059,0.372,0.0366,2048,1,5freq
baseline_act-INT8_w-E2M3_UE5M3,baseline,INT8,E2M3,UE5M3,600,true,0.0000,6127.001995,CustomOperator_INT8_to_E2M3_0: 270.6480 (1 inst); CustomOperator_INT8_to_E2M3_1: 242.5500 (1 inst); CustomOperator_INT8_to_E2M3_2: 239.6520 (1 inst); CustomOperator_INT8_to_E2M3_3: 221.5080 (1 inst); FPNAdder: 1135.2600 (1 inst); FixedFPTree_exp7_mant11_out14_vec4_range2: 2324.5740 (1 inst); SNPS_CLOCK_GATE: 1.8900 (1 inst); ScaleAddition_INT8_to_E2M3_scale_UE5M3_wide14: 1121.6520 (1 inst); ScaleToFP19b_INT8_x_E2M3_UE5M3_wide22: 469.3500 (1 inst),4.111000e-03,CustomOperator_INT8_to_E2M3_0: 1.310e-04 (1 inst); CustomOperator_INT8_to_E2M3_1: 1.160e-04 (1 inst); CustomOperator_INT8_to_E2M3_2: 1.150e-04 (1 inst); CustomOperator_INT8_to_E2M3_3: 1.040e-04 (1 inst); FPNAdder: 6.840e-04 (1 inst); FixedFPTree_exp7_mant11_out14_vec4_range2: 1.540e-03 (1 inst); SNPS_CLOCK_GATE: 6.420e-07 (1 inst); ScaleAddition_INT8_to_E2M3_scale_UE5M3_wide14: 1.030e-03 (1 inst); ScaleToFP19b_INT8_x_E2M3_UE5M3_wide22: 3.660e-04 (1 inst),2.683000e-03,CustomOperator_INT8_to_E2M3_0: 1.470e-04 (1 inst); CustomOperator_INT8_to_E2M3_1: 1.260e-04 (1 inst); CustomOperator_INT8_to_E2M3_2: 1.260e-04 (1 inst); CustomOperator_INT8_to_E2M3_3: 1.140e-04 (1 inst); FPNAdder: 3.500e-04 (1 inst); FixedFPTree_exp7_mant11_out14_vec4_range2: 1.090e-03 (1 inst); SNPS_CLOCK_GATE: 8.720e-06 (1 inst); ScaleAddition_INT8_to_E2M3_scale_UE5M3_wide14: 4.790e-04 (1 inst); ScaleToFP19b_INT8_x_E2M3_UE5M3_wide22: 1.520e-04 (1 inst),1.6667,600.0,1059,0.372,0.0366,2048,1,5freq
baseline_act-E3M2_w-E3M2_UE6M2,baseline,E3M2,E3M2,UE6M2,600,true,-0.0400,6269.507999,CustomOperator_E3M2_to_E3M2_0: 49.0140 (1 inst); CustomOperator_E3M2_to_E3M2_1: 53.2980 (1 inst); CustomOperator_E3M2_to_E3M2_2: 96.2640 (1 inst); CustomOperator_E3M2_to_E3M2_3: 111.1320 (1 inst); FPNAdder: 1256.4720 (1 inst); FixedFPTree_exp7_mant6_out11_vec4_range12: 3371.7600 (1 inst); SNPS_CLOCK_GATE: 1.8900 (1 inst); ScaleAddition_E3M2_to_E3M2_scale_UE6M2_wide11: 756.8820 (1 inst); ScaleToFP14b_E3M2_x_E3M2_UE6M2_wide17: 482.3280 (1 inst),3.883000e-03,CustomOperator_E3M2_to_E3M2_0: 1.760e-05 (1 inst); CustomOperator_E3M2_to_E3M2_1: 2.030e-05 (1 inst); CustomOperator_E3M2_to_E3M2_2: 3.160e-05 (1 inst); CustomOperator_E3M2_to_E3M2_3: 3.170e-05 (1 inst); FPNAdder: 7.480e-04 (1 inst); FixedFPTree_exp7_mant6_out11_vec4_range12: 2.010e-03 (1 inst); SNPS_CLOCK_GATE: 6.030e-07 (1 inst); ScaleAddition_E3M2_to_E3M2_scale_UE6M2_wide11: 6.380e-04 (1 inst); ScaleToFP14b_E3M2_x_E3M2_UE6M2_wide17: 3.640e-04 (1 inst),2.166000e-03,CustomOperator_E3M2_to_E3M2_0: 2.430e-05 (1 inst); CustomOperator_E3M2_to_E3M2_1: 2.690e-05 (1 inst); CustomOperator_E3M2_to_E3M2_2: 4.320e-05 (1 inst); CustomOperator_E3M2_to_E3M2_3: 4.210e-05 (1 inst); FPNAdder: 3.740e-04 (1 inst); FixedFPTree_exp7_mant6_out11_vec4_range12: 1.200e-03 (1 inst); SNPS_CLOCK_GATE: 7.760e-06 (1 inst); ScaleAddition_E3M2_to_E3M2_scale_UE6M2_wide11: 2.320e-04 (1 inst); ScaleToFP14b_E3M2_x_E3M2_UE6M2_wide17: 1.400e-04 (1 inst),1.7067,585.9,1059,0.372,0.0366,2048,1,5freq
baseline_act-INT8_w-E2M3_UE4M4,baseline,INT8,E2M3,UE4M4,600,true,0.0000,6273.161993,CustomOperator_INT8_to_E2M3_0: 246.5820 (1 inst); CustomOperator_INT8_to_E2M3_1: 279.4680 (1 inst); CustomOperator_INT8_to_E2M3_2: 297.2340 (1 inst); CustomOperator_INT8_to_E2M3_3: 207.5220 (1 inst); FPNAdder: 1201.5360 (1 inst); FixedFPTree_exp7_mant11_out12_vec4_range2: 2193.5340 (1 inst); SNPS_CLOCK_GATE: 1.8900 (1 inst); ScaleAddition_INT8_to_E2M3_scale_UE4M4_wide12: 1234.0440 (1 inst); ScaleToFP19b_INT8_x_E2M3_UE4M4_wide22: 515.3400 (1 inst),4.283000e-03,CustomOperator_INT8_to_E2M3_0: 1.160e-04 (1 inst); CustomOperator_INT8_to_E2M3_1: 1.300e-04 (1 inst); CustomOperator_INT8_to_E2M3_2: 1.370e-04 (1 inst); CustomOperator_INT8_to_E2M3_3: 9.650e-05 (1 inst); FPNAdder: 7.200e-04 (1 inst); FixedFPTree_exp7_mant11_out12_vec4_range2: 1.470e-03 (1 inst); SNPS_CLOCK_GATE: 6.440e-07 (1 inst); ScaleAddition_INT8_to_E2M3_scale_UE4M4_wide12: 1.200e-03 (1 inst); ScaleToFP19b_INT8_x_E2M3_UE4M4_wide22: 3.840e-04 (1 inst),2.812000e-03,CustomOperator_INT8_to_E2M3_0: 1.280e-04 (1 inst); CustomOperator_INT8_to_E2M3_1: 1.440e-04 (1 inst); CustomOperator_INT8_to_E2M3_2: 1.570e-04 (1 inst); CustomOperator_INT8_to_E2M3_3: 1.070e-04 (1 inst); FPNAdder: 3.920e-04 (1 inst); FixedFPTree_exp7_mant11_out12_vec4_range2: 1.050e-03 (1 inst); SNPS_CLOCK_GATE: 8.720e-06 (1 inst); ScaleAddition_INT8_to_E2M3_scale_UE4M4_wide12: 5.830e-04 (1 inst); ScaleToFP19b_INT8_x_E2M3_UE4M4_wide22: 1.500e-04 (1 inst),1.6667,600.0,1059,0.372,0.0366,2048,1,5freq
baseline_act-INT8_w-E3M2_UE4M3,baseline,INT8,E3M2,UE4M3,600,true,0.0000,6377.993994,CustomOperator_INT8_to_E3M2_0: 182.7000 (1 inst); CustomOperator_INT8_to_E3M2_1: 186.8580 (1 inst); CustomOperator_INT8_to_E3M2_2: 170.3520 (1 inst); CustomOperator_INT8_to_E3M2_3: 137.7180 (1 inst); FPNAdder: 1214.2620 (1 inst); FixedFPTree_exp7_mant10_out14_vec4_range6: 2616.5160 (1 inst); SNPS_CLOCK_GATE: 1.8900 (1 inst); ScaleAddition_INT8_to_E3M2_scale_UE4M3_wide14: 1210.1040 (1 inst); ScaleToFP19b_INT8_x_E3M2_UE4M3_wide22: 561.4560 (1 inst),4.543000e-03,CustomOperator_INT8_to_E3M2_0: 7.600e-05 (1 inst); CustomOperator_INT8_to_E3M2_1: 7.890e-05 (1 inst); CustomOperator_INT8_to_E3M2_2: 7.270e-05 (1 inst); CustomOperator_INT8_to_E3M2_3: 6.140e-05 (1 inst); FPNAdder: 7.280e-04 (1 inst); FixedFPTree_exp7_mant10_out14_vec4_range6: 1.940e-03 (1 inst); SNPS_CLOCK_GATE: 6.320e-07 (1 inst); ScaleAddition_INT8_to_E3M2_scale_UE4M3_wide14: 1.130e-03 (1 inst); ScaleToFP19b_INT8_x_E3M2_UE4M3_wide22: 4.310e-04 (1 inst),2.653000e-03,CustomOperator_INT8_to_E3M2_0: 1.070e-04 (1 inst); CustomOperator_INT8_to_E3M2_1: 1.060e-04 (1 inst); CustomOperator_INT8_to_E3M2_2: 1.000e-04 (1 inst); CustomOperator_INT8_to_E3M2_3: 8.220e-05 (1 inst); FPNAdder: 3.370e-04 (1 inst); FixedFPTree_exp7_mant10_out14_vec4_range6: 1.300e-03 (1 inst); SNPS_CLOCK_GATE: 8.720e-06 (1 inst); ScaleAddition_INT8_to_E3M2_scale_UE4M3_wide14: 3.730e-04 (1 inst); ScaleToFP19b_INT8_x_E3M2_UE4M3_wide22: 1.490e-04 (1 inst),1.6667,600.0,1059,0.372,0.0366,2048,1,5freq
baseline_act-E4M3_w-E2M1_UE6M2,baseline,E4M3,E2M1,UE6M2,600,true,-0.0400,6445.908003,CustomOperator_E4M3_to_E2M1_0: 38.3040 (1 inst); CustomOperator_E4M3_to_E2M1_1: 50.6520 (1 inst); CustomOperator_E4M3_to_E2M1_2: 73.9620 (1 inst); CustomOperator_E4M3_to_E2M1_3: 89.2080 (1 inst); FPNAdder: 1069.9920 (1 inst); FixedFPTree_exp7_mant6_out11_vec4_range16: 3863.9160 (1 inst); SNPS_CLOCK_GATE: 1.8900 (1 inst); ScaleAddition_E4M3_to_E2M1_scale_UE6M2_wide11: 775.6560 (1 inst); ScaleToFP14b_E4M3_x_E2M1_UE6M2_wide17: 396.7740 (1 inst),3.970000e-03,CustomOperator_E4M3_to_E2M1_0: 1.370e-05 (1 inst); CustomOperator_E4M3_to_E2M1_1: 1.650e-05 (1 inst); CustomOperator_E4M3_to_E2M1_2: 2.370e-05 (1 inst); CustomOperator_E4M3_to_E2M1_3: 2.540e-05 (1 inst); FPNAdder: 6.350e-04 (1 inst); FixedFPTree_exp7_mant6_out11_vec4_range16: 2.300e-03 (1 inst); SNPS_CLOCK_GATE: 5.870e-07 (1 inst); ScaleAddition_E4M3_to_E2M1_scale_UE6M2_wide11: 6.420e-04 (1 inst); ScaleToFP14b_E4M3_x_E2M1_UE6M2_wide17: 2.980e-04 (1 inst),2.103000e-03,CustomOperator_E4M3_to_E2M1_0: 2.040e-05 (1 inst); CustomOperator_E4M3_to_E2M1_1: 2.610e-05 (1 inst); CustomOperator_E4M3_to_E2M1_2: 3.650e-05 (1 inst); CustomOperator_E4M3_to_E2M1_3: 3.870e-05 (1 inst); FPNAdder: 3.170e-04 (1 inst); FixedFPTree_exp7_mant6_out11_vec4_range16: 1.190e-03 (1 inst); SNPS_CLOCK_GATE: 7.760e-06 (1 inst); ScaleAddition_E4M3_to_E2M1_scale_UE6M2_wide11: 2.780e-04 (1 inst); ScaleToFP14b_E4M3_x_E2M1_UE6M2_wide17: 1.180e-04 (1 inst),1.7067,585.9,1059,0.372,0.0366,2048,1,5freq
baseline_act-E4M3_w-E2M1_UE7M1,baseline,E4M3,E2M1,UE7M1,600,true,0.0000,6531.084002,CustomOperator_E4M3_to_E2M1_0: 36.1620 (1 inst); CustomOperator_E4M3_to_E2M1_1: 41.9580 (1 inst); CustomOperator_E4M3_to_E2M1_2: 68.4180 (1 inst); CustomOperator_E4M3_to_E2M1_3: 66.7800 (1 inst); FPNAdder: 1158.6960 (1 inst); FixedFPTree_exp7_mant6_out13_vec4_range16: 4046.4900 (1 inst); SNPS_CLOCK_GATE: 1.8900 (1 inst); ScaleAddition_E4M3_to_E2M1_scale_UE7M1_wide13: 518.3640 (1 inst); ScaleToFP14b_E4M3_x_E2M1_UE7M1_wide17: 509.5440 (1 inst),4.052000e-03,CustomOperator_E4M3_to_E2M1_0: 1.490e-05 (1 inst); CustomOperator_E4M3_to_E2M1_1: 1.570e-05 (1 inst); CustomOperator_E4M3_to_E2M1_2: 2.170e-05 (1 inst); CustomOperator_E4M3_to_E2M1_3: 1.980e-05 (1 inst); FPNAdder: 6.660e-04 (1 inst); FixedFPTree_exp7_mant6_out13_vec4_range16: 2.550e-03 (1 inst); SNPS_CLOCK_GATE: 5.890e-07 (1 inst); ScaleAddition_E4M3_to_E2M1_scale_UE7M1_wide13: 3.970e-04 (1 inst); ScaleToFP14b_E4M3_x_E2M1_UE7M1_wide17: 3.510e-04 (1 inst),2.090000e-03,CustomOperator_E4M3_to_E2M1_0: 2.160e-05 (1 inst); CustomOperator_E4M3_to_E2M1_1: 2.430e-05 (1 inst); CustomOperator_E4M3_to_E2M1_2: 3.310e-05 (1 inst); CustomOperator_E4M3_to_E2M1_3: 2.930e-05 (1 inst); FPNAdder: 3.420e-04 (1 inst); FixedFPTree_exp7_mant6_out13_vec4_range16: 1.250e-03 (1 inst); SNPS_CLOCK_GATE: 7.760e-06 (1 inst); ScaleAddition_E4M3_to_E2M1_scale_UE7M1_wide13: 1.640e-04 (1 inst); ScaleToFP14b_E4M3_x_E2M1_UE7M1_wide17: 1.510e-04 (1 inst),1.6667,600.0,1059,0.372,0.0366,2048,1,5freq
baseline_act-E5M2_w-E4M3_UE8M0,baseline,E5M2,E4M3,UE8M0,600,true,0.0000,6540.786010,CustomOperator_E5M2_to_E4M3_0: 48.1320 (1 inst); CustomOperator_E5M2_to_E4M3_1: 48.6360 (1 inst); CustomOperator_E5M2_to_E4M3_2: 107.2260 (1 inst); CustomOperator_E5M2_to_E4M3_3: 106.7220 (1 inst); DirectToFP15b_E5M2_x_E4M3_UE8M0: 117.6840 (1 inst); FPNAdder: 939.2040 (1 inst); FixedFPTree_exp7_mant7_out7_vec4_range43: 5081.9580 (1 inst); SNPS_CLOCK_GATE: 1.8900 (1 inst),3.156000e-03,CustomOperator_E5M2_to_E4M3_0: 1.710e-05 (1 inst); CustomOperator_E5M2_to_E4M3_1: 1.810e-05 (1 inst); CustomOperator_E5M2_to_E4M3_2: 3.540e-05 (1 inst); CustomOperator_E5M2_to_E4M3_3: 3.870e-05 (1 inst); DirectToFP15b_E5M2_x_E4M3_UE8M0: 7.620e-05 (1 inst); FPNAdder: 4.050e-04 (1 inst); FixedFPTree_exp7_mant7_out7_vec4_range43: 2.550e-03 (1 inst); SNPS_CLOCK_GATE: 5.920e-07 (1 inst),1.609000e-03,CustomOperator_E5M2_to_E4M3_0: 1.980e-05 (1 inst); CustomOperator_E5M2_to_E4M3_1: 2.020e-05 (1 inst); CustomOperator_E5M2_to_E4M3_2: 4.020e-05 (1 inst); CustomOperator_E5M2_to_E4M3_3: 4.310e-05 (1 inst); DirectToFP15b_E5M2_x_E4M3_UE8M0: 1.840e-05 (1 inst); FPNAdder: 2.370e-04 (1 inst); FixedFPTree_exp7_mant7_out7_vec4_range43: 1.150e-03 (1 inst); SNPS_CLOCK_GATE: 7.960e-06 (1 inst),1.6667,600.0,1059,0.372,0.0366,2048,1,5freq
baseline_act-E4M3_w-E2M3_UE7M1,baseline,E4M3,E2M3,UE7M1,600,true,0.0000,6726.762001,CustomOperator_E4M3_to_E2M3_0: 60.2280 (1 inst); CustomOperator_E4M3_to_E2M3_1: 71.8200 (1 inst); CustomOperator_E4M3_to_E2M3_2: 103.1940 (1 inst); CustomOperator_E4M3_to_E2M3_3: 125.3700 (1 inst); FPNAdder: 1127.1960 (1 inst); FixedFPTree_exp7_mant8_out13_vec4_range16: 4233.3480 (1 inst); SNPS_CLOCK_GATE: 1.8900 (1 inst); ScaleAddition_E4M3_to_E2M3_scale_UE7M1_wide13: 472.2480 (1 inst); ScaleToFP14b_E4M3_x_E2M3_UE7M1_wide17: 442.5120 (1 inst),4.181000e-03,CustomOperator_E4M3_to_E2M3_0: 2.270e-05 (1 inst); CustomOperator_E4M3_to_E2M3_1: 2.550e-05 (1 inst); CustomOperator_E4M3_to_E2M3_2: 3.230e-05 (1 inst); CustomOperator_E4M3_to_E2M3_3: 3.420e-05 (1 inst); FPNAdder: 6.580e-04 (1 inst); FixedFPTree_exp7_mant8_out13_vec4_range16: 2.700e-03 (1 inst); SNPS_CLOCK_GATE: 5.890e-07 (1 inst); ScaleAddition_E4M3_to_E2M3_scale_UE7M1_wide13: 3.880e-04 (1 inst); ScaleToFP14b_E4M3_x_E2M3_UE7M1_wide17: 3.040e-04 (1 inst),2.287000e-03,CustomOperator_E4M3_to_E2M3_0: 3.280e-05 (1 inst); CustomOperator_E4M3_to_E2M3_1: 3.650e-05 (1 inst); CustomOperator_E4M3_to_E2M3_2: 4.810e-05 (1 inst); CustomOperator_E4M3_to_E2M3_3: 5.250e-05 (1 inst); FPNAdder: 3.450e-04 (1 inst); FixedFPTree_exp7_mant8_out13_vec4_range16: 1.380e-03 (1 inst); SNPS_CLOCK_GATE: 7.760e-06 (1 inst); ScaleAddition_E4M3_to_E2M3_scale_UE7M1_wide13: 1.700e-04 (1 inst); ScaleToFP14b_E4M3_x_E2M3_UE7M1_wide17: 1.330e-04 (1 inst),1.6667,600.0,1059,0.372,0.0366,2048,1,5freq
baseline_act-E4M3_w-E3M2_UE7M1,baseline,E4M3,E3M2,UE7M1,600,false,-0.1000,6964.019999,CustomOperator_E4M3_to_E3M2_0: 54.6840 (1 inst); CustomOperator_E4M3_to_E3M2_1: 55.6920 (1 inst); CustomOperator_E4M3_to_E3M2_2: 140.6160 (1 inst); CustomOperator_E4M3_to_E3M2_3: 114.0300 (1 inst); FPNAdder: 1118.7540 (1 inst); FixedFPTree_exp7_mant7_out13_vec4_range20: 4385.0520 (1 inst); SNPS_CLOCK_GATE: 1.8900 (1 inst); ScaleAddition_E4M3_to_E3M2_scale_UE7M1_wide13: 517.4820 (1 inst); ScaleToFP14b_E4M3_x_E3M2_UE7M1_wide17: 484.5960 (1 inst),4.184000e-03,CustomOperator_E4M3_to_E3M2_0: 1.970e-05 (1 inst); CustomOperator_E4M3_to_E3M2_1: 2.180e-05 (1 inst); CustomOperator_E4M3_to_E3M2_2: 4.830e-05 (1 inst); CustomOperator_E4M3_to_E3M2_3: 3.860e-05 (1 inst); FPNAdder: 6.430e-04 (1 inst); FixedFPTree_exp7_mant7_out13_vec4_range20: 2.620e-03 (1 inst); SNPS_CLOCK_GATE: 5.910e-07 (1 inst); ScaleAddition_E4M3_to_E3M2_scale_UE7M1_wide13: 4.320e-04 (1 inst); ScaleToFP14b_E4M3_x_E3M2_UE7M1_wide17: 3.420e-04 (1 inst),2.277000e-03,CustomOperator_E4M3_to_E3M2_0: 2.470e-05 (1 inst); CustomOperator_E4M3_to_E3M2_1: 2.680e-05 (1 inst); CustomOperator_E4M3_to_E3M2_2: 6.350e-05 (1 inst); CustomOperator_E4M3_to_E3M2_3: 4.930e-05 (1 inst); FPNAdder: 3.300e-04 (1 inst); FixedFPTree_exp7_mant7_out13_vec4_range20: 1.360e-03 (1 inst); SNPS_CLOCK_GATE: 7.760e-06 (1 inst); ScaleAddition_E4M3_to_E3M2_scale_UE7M1_wide13: 1.910e-04 (1 inst); ScaleToFP14b_E4M3_x_E3M2_UE7M1_wide17: 1.490e-04 (1 inst),1.7667,566.0,1059,0.372,0.0366,2048,1,5freq
baseline_act-INT8_w-E3M2_UE4M4,baseline,INT8,E3M2,UE4M4,600,true,-0.0200,7004.592005,CustomOperator_INT8_to_E3M2_0: 109.1160 (1 inst); CustomOperator_INT8_to_E3M2_1: 117.6840 (1 inst); CustomOperator_INT8_to_E3M2_2: 139.6080 (1 inst); CustomOperator_INT8_to_E3M2_3: 128.6460 (1 inst); FPNAdder: 1358.9100 (1 inst); FixedFPTree_exp7_mant10_out12_vec4_range6: 2992.1220 (1 inst); SNPS_CLOCK_GATE: 1.8900 (1 inst); ScaleAddition_INT8_to_E3M2_scale_UE4M4_wide12: 1444.3380 (1 inst); ScaleToFP19b_INT8_x_E3M2_UE4M4_wide22: 602.6580 (1 inst),5.128000e-03,CustomOperator_INT8_to_E3M2_0: 4.920e-05 (1 inst); CustomOperator_INT8_to_E3M2_1: 5.450e-05 (1 inst); CustomOperator_INT8_to_E3M2_2: 5.720e-05 (1 inst); CustomOperator_INT8_to_E3M2_3: 5.230e-05 (1 inst); FPNAdder: 8.580e-04 (1 inst); FixedFPTree_exp7_mant10_out12_vec4_range6: 2.220e-03 (1 inst); SNPS_CLOCK_GATE: 6.540e-07 (1 inst); ScaleAddition_INT8_to_E3M2_scale_UE4M4_wide12: 1.350e-03 (1 inst); ScaleToFP19b_INT8_x_E3M2_UE4M4_wide22: 4.640e-04 (1 inst),3.075000e-03,CustomOperator_INT8_to_E3M2_0: 6.750e-05 (1 inst); CustomOperator_INT8_to_E3M2_1: 7.230e-05 (1 inst); CustomOperator_INT8_to_E3M2_2: 8.010e-05 (1 inst); CustomOperator_INT8_to_E3M2_3: 7.040e-05 (1 inst); FPNAdder: 4.430e-04 (1 inst); FixedFPTree_exp7_mant10_out12_vec4_range6: 1.490e-03 (1 inst); SNPS_CLOCK_GATE: 8.710e-06 (1 inst); ScaleAddition_INT8_to_E3M2_scale_UE4M4_wide12: 5.810e-04 (1 inst); ScaleToFP19b_INT8_x_E3M2_UE4M4_wide22: 1.730e-04 (1 inst),1.6867,592.9,1059,0.372,0.0366,2048,1,5freq
baseline_act-INT8_w-INT8_UE4M4,baseline,INT8,INT8,UE4M4,600,true,0.0000,7128.701993,CustomOperator_INT8_to_INT8_0: 527.8140 (1 inst); CustomOperator_INT8_to_INT8_1: 547.4700 (1 inst); CustomOperator_INT8_to_INT8_2: 526.6800 (1 inst); CustomOperator_INT8_to_INT8_3: 407.9880 (1 inst); FPNAdder: 1324.5120 (1 inst); FixedFPTree_exp7_mant14_out14_vec4_range0: 1465.1280 (1 inst); SNPS_CLOCK_GATE: 1.8900 (1 inst); ScaleAddition_INT8_to_INT8_scale_UE4M4_wide14: 1602.0900 (1 inst); ScaleToFP19b_INT8_x_INT8_UE4M4_wide24: 621.9360 (1 inst),5.525000e-03,CustomOperator_INT8_to_INT8_0: 3.320e-04 (1 inst); CustomOperator_INT8_to_INT8_1: 3.570e-04 (1 inst); CustomOperator_INT8_to_INT8_2: 3.170e-04 (1 inst); CustomOperator_INT8_to_INT8_3: 2.630e-04 (1 inst); FPNAdder: 8.230e-04 (1 inst); FixedFPTree_exp7_mant14_out14_vec4_range0: 1.380e-03 (1 inst); SNPS_CLOCK_GATE: 6.420e-07 (1 inst); ScaleAddition_INT8_to_INT8_scale_UE4M4_wide14: 1.570e-03 (1 inst); ScaleToFP19b_INT8_x_INT8_UE4M4_wide24: 4.620e-04 (1 inst),3.520000e-03,CustomOperator_INT8_to_INT8_0: 3.110e-04 (1 inst); CustomOperator_INT8_to_INT8_1: 3.290e-04 (1 inst); CustomOperator_INT8_to_INT8_2: 3.200e-04 (1 inst); CustomOperator_INT8_to_INT8_3: 2.470e-04 (1 inst); FPNAdder: 4.520e-04 (1 inst); FixedFPTree_exp7_mant14_out14_vec4_range0: 8.180e-04 (1 inst); SNPS_CLOCK_GATE: 8.720e-06 (1 inst); ScaleAddition_INT8_to_INT8_scale_UE4M4_wide14: 7.380e-04 (1 inst); ScaleToFP19b_INT8_x_INT8_UE4M4_wide24: 2.000e-04 (1 inst),1.6667,600.0,1059,0.372,0.0366,2048,1,5freq
baseline_act-E5M2_w-E2M1_UE7M1,baseline,E5M2,E2M1,UE7M1,600,false,-0.1000,8016.623996,CustomOperator_E5M2_to_E2M1_0: 34.7760 (1 inst); CustomOperator_E5M2_to_E2M1_1: 46.3680 (1 inst); CustomOperator_E5M2_to_E2M1_2: 73.0800 (1 inst); CustomOperator_E5M2_to_E2M1_3: 64.8900 (1 inst); FPNAdder: 1243.3680 (1 inst); FixedFPTree_exp8_mant5_out14_vec4_range31: 5460.0840 (1 inst); SNPS_CLOCK_GATE: 1.8900 (1 inst); ScaleAddition_E5M2_to_E2M1_scale_UE7M1_wide14: 516.9780 (1 inst); ScaleToFP15b_E5M2_x_E2M1_UE7M1_wide18: 485.9820 (1 inst),4.350000e-03,CustomOperator_E5M2_to_E2M1_0: 1.330e-05 (1 inst); CustomOperator_E5M2_to_E2M1_1: 1.480e-05 (1 inst); CustomOperator_E5M2_to_E2M1_2: 1.920e-05 (1 inst); CustomOperator_E5M2_to_E2M1_3: 1.650e-05 (1 inst); FPNAdder: 6.210e-04 (1 inst); FixedFPTree_exp8_mant5_out14_vec4_range31: 3.060e-03 (1 inst); SNPS_CLOCK_GATE: 6.040e-07 (1 inst); ScaleAddition_E5M2_to_E2M1_scale_UE7M1_wide14: 3.000e-04 (1 inst); ScaleToFP15b_E5M2_x_E2M1_UE7M1_wide18: 2.900e-04 (1 inst),1.968000e-03,CustomOperator_E5M2_to_E2M1_0: 1.930e-05 (1 inst); CustomOperator_E5M2_to_E2M1_1: 2.210e-05 (1 inst); CustomOperator_E5M2_to_E2M1_2: 3.100e-05 (1 inst); CustomOperator_E5M2_to_E2M1_3: 2.520e-05 (1 inst); FPNAdder: 3.270e-04 (1 inst); FixedFPTree_exp8_mant5_out14_vec4_range31: 1.200e-03 (1 inst); SNPS_CLOCK_GATE: 7.960e-06 (1 inst); ScaleAddition_E5M2_to_E2M1_scale_UE7M1_wide14: 1.310e-04 (1 inst); ScaleToFP15b_E5M2_x_E2M1_UE7M1_wide18: 1.250e-04 (1 inst),1.7667,566.0,1059,0.372,0.0366,2048,1,5freq
baseline_act-E3M2_w-E3M2_UE6M2,baseline,E3M2,E3M2,UE6M2,604,false,-0.0600,5854.590001,CustomOperator_E3M2_to_E3M2_0: 46.6200 (1 inst); CustomOperator_E3M2_to_E3M2_1: 58.4640 (1 inst); CustomOperator_E3M2_to_E3M2_2: 95.2560 (1 inst); CustomOperator_E3M2_to_E3M2_3: 111.0060 (1 inst); FPNAdder: 1186.6680 (1 inst); FixedFPTree_exp7_mant6_out11_vec4_range12: 3048.9480 (1 inst); SNPS_CLOCK_GATE: 1.8900 (1 inst); ScaleAddition_E3M2_to_E3M2_scale_UE6M2_wide11: 757.5120 (1 inst); ScaleToFP14b_E3M2_x_E3M2_UE6M2_wide17: 461.2860 (1 inst),3.720000e-03,CustomOperator_E3M2_to_E3M2_0: 1.700e-05 (1 inst); CustomOperator_E3M2_to_E3M2_1: 2.370e-05 (1 inst); CustomOperator_E3M2_to_E3M2_2: 3.040e-05 (1 inst); CustomOperator_E3M2_to_E3M2_3: 3.250e-05 (1 inst); FPNAdder: 7.020e-04 (1 inst); FixedFPTree_exp7_mant6_out11_vec4_range12: 1.870e-03 (1 inst); SNPS_CLOCK_GATE: 5.800e-07 (1 inst); ScaleAddition_E3M2_to_E3M2_scale_UE6M2_wide11: 6.640e-04 (1 inst); ScaleToFP14b_E3M2_x_E3M2_UE6M2_wide17: 3.580e-04 (1 inst),2.083000e-03,CustomOperator_E3M2_to_E3M2_0: 2.380e-05 (1 inst); CustomOperator_E3M2_to_E3M2_1: 3.140e-05 (1 inst); CustomOperator_E3M2_to_E3M2_2: 4.300e-05 (1 inst); CustomOperator_E3M2_to_E3M2_3: 4.390e-05 (1 inst); FPNAdder: 3.500e-04 (1 inst); FixedFPTree_exp7_mant6_out11_vec4_range12: 1.120e-03 (1 inst); SNPS_CLOCK_GATE: 7.810e-06 (1 inst); ScaleAddition_E3M2_to_E3M2_scale_UE6M2_wide11: 2.490e-04 (1 inst); ScaleToFP14b_E3M2_x_E3M2_UE6M2_wide17: 1.410e-04 (1 inst),1.7156,582.9,1059,0.372,0.0366,2048,1,atfmax
baseline_act-INT8_w-E3M2_UE4M3,baseline,INT8,E3M2,UE4M3,604,true,0.0000,6346.619995,CustomOperator_INT8_to_E3M2_0: 146.4120 (1 inst); CustomOperator_INT8_to_E3M2_1: 149.1840 (1 inst); CustomOperator_INT8_to_E3M2_2: 179.6760 (1 inst); CustomOperator_INT8_to_E3M2_3: 107.7300 (1 inst); FPNAdder: 1388.2680 (1 inst); FixedFPTree_exp7_mant10_out14_vec4_range6: 2505.6360 (1 inst); SNPS_CLOCK_GATE: 1.8900 (1 inst); ScaleAddition_INT8_to_E3M2_scale_UE4M3_wide14: 1173.1860 (1 inst); ScaleToFP19b_INT8_x_E3M2_UE4M3_wide22: 602.1540 (1 inst),4.566000e-03,CustomOperator_INT8_to_E3M2_0: 6.800e-05 (1 inst); CustomOperator_INT8_to_E3M2_1: 6.540e-05 (1 inst); CustomOperator_INT8_to_E3M2_2: 8.020e-05 (1 inst); CustomOperator_INT8_to_E3M2_3: 4.610e-05 (1 inst); FPNAdder: 8.460e-04 (1 inst); FixedFPTree_exp7_mant10_out14_vec4_range6: 1.860e-03 (1 inst); SNPS_CLOCK_GATE: 6.590e-07 (1 inst); ScaleAddition_INT8_to_E3M2_scale_UE4M3_wide14: 1.130e-03 (1 inst); ScaleToFP19b_INT8_x_E3M2_UE4M3_wide22: 4.480e-04 (1 inst),2.654000e-03,CustomOperator_INT8_to_E3M2_0: 9.090e-05 (1 inst); CustomOperator_INT8_to_E3M2_1: 8.670e-05 (1 inst); CustomOperator_INT8_to_E3M2_2: 1.110e-04 (1 inst); CustomOperator_INT8_to_E3M2_3: 6.210e-05 (1 inst); FPNAdder: 4.010e-04 (1 inst); FixedFPTree_exp7_mant10_out14_vec4_range6: 1.260e-03 (1 inst); SNPS_CLOCK_GATE: 8.770e-06 (1 inst); ScaleAddition_INT8_to_E3M2_scale_UE4M3_wide14: 3.810e-04 (1 inst); ScaleToFP19b_INT8_x_E3M2_UE4M3_wide22: 1.590e-04 (1 inst),1.6556,604.0,1059,0.372,0.0366,2048,1,atfmax
baseline_act-INT8_w-E2M3_UE4M3,baseline,INT8,E2M3,UE4M3,604,true,0.0000,6415.541998,CustomOperator_INT8_to_E2M3_0: 250.9920 (1 inst); CustomOperator_INT8_to_E2M3_1: 249.1020 (1 inst); CustomOperator_INT8_to_E2M3_2: 268.0020 (1 inst); CustomOperator_INT8_to_E2M3_3: 227.1780 (1 inst); FPNAdder: 1235.5560 (1 inst); FixedFPTree_exp7_mant11_out14_vec4_range2: 2351.0340 (1 inst); SNPS_CLOCK_GATE: 1.8900 (1 inst); ScaleAddition_INT8_to_E2M3_scale_UE4M3_wide14: 1246.8960 (1 inst); ScaleToFP19b_INT8_x_E2M3_UE4M3_wide22: 491.4000 (1 inst),4.303000e-03,CustomOperator_INT8_to_E2M3_0: 1.180e-04 (1 inst); CustomOperator_INT8_to_E2M3_1: 1.170e-04 (1 inst); CustomOperator_INT8_to_E2M3_2: 1.250e-04 (1 inst); CustomOperator_INT8_to_E2M3_3: 1.080e-04 (1 inst); FPNAdder: 7.490e-04 (1 inst); FixedFPTree_exp7_mant11_out14_vec4_range2: 1.560e-03 (1 inst); SNPS_CLOCK_GATE: 6.500e-07 (1 inst); ScaleAddition_INT8_to_E2M3_scale_UE4M3_wide14: 1.130e-03 (1 inst); ScaleToFP19b_INT8_x_E2M3_UE4M3_wide22: 3.720e-04 (1 inst),2.666000e-03,CustomOperator_INT8_to_E2M3_0: 1.350e-04 (1 inst); CustomOperator_INT8_to_E2M3_1: 1.270e-04 (1 inst); CustomOperator_INT8_to_E2M3_2: 1.370e-04 (1 inst); CustomOperator_INT8_to_E2M3_3: 1.220e-04 (1 inst); FPNAdder: 3.750e-04 (1 inst); FixedFPTree_exp7_mant11_out14_vec4_range2: 1.100e-03 (1 inst); SNPS_CLOCK_GATE: 8.770e-06 (1 inst); ScaleAddition_INT8_to_E2M3_scale_UE4M3_wide14: 4.370e-04 (1 inst); ScaleToFP19b_INT8_x_E2M3_UE4M3_wide22: 1.330e-04 (1 inst),1.6556,604.0,1059,0.372,0.0366,2048,1,atfmax
baseline_act-E4M3_w-E3M2_UE7M1,baseline,E4M3,E3M2,UE7M1,604,false,-0.1100,6947.766000,CustomOperator_E4M3_to_E3M2_0: 52.6680 (1 inst); CustomOperator_E4M3_to_E3M2_1: 57.9600 (1 inst); CustomOperator_E4M3_to_E3M2_2: 125.6220 (1 inst); CustomOperator_E4M3_to_E3M2_3: 124.6140 (1 inst); FPNAdder: 1112.4540 (1 inst); FixedFPTree_exp7_mant7_out13_vec4_range20: 4381.9020 (1 inst); SNPS_CLOCK_GATE: 1.8900 (1 inst); ScaleAddition_E4M3_to_E3M2_scale_UE7M1_wide13: 522.6480 (1 inst); ScaleToFP14b_E4M3_x_E3M2_UE7M1_wide17: 478.4220 (1 inst),4.313000e-03,CustomOperator_E4M3_to_E3M2_0: 2.050e-05 (1 inst); CustomOperator_E4M3_to_E3M2_1: 2.260e-05 (1 inst); CustomOperator_E4M3_to_E3M2_2: 4.550e-05 (1 inst); CustomOperator_E4M3_to_E3M2_3: 4.310e-05 (1 inst); FPNAdder: 6.630e-04 (1 inst); FixedFPTree_exp7_mant7_out13_vec4_range20: 2.720e-03 (1 inst); SNPS_CLOCK_GATE: 5.880e-07 (1 inst); ScaleAddition_E4M3_to_E3M2_scale_UE7M1_wide13: 4.330e-04 (1 inst); ScaleToFP14b_E4M3_x_E3M2_UE7M1_wide17: 3.480e-04 (1 inst),2.303000e-03,CustomOperator_E4M3_to_E3M2_0: 2.630e-05 (1 inst); CustomOperator_E4M3_to_E3M2_1: 2.820e-05 (1 inst); CustomOperator_E4M3_to_E3M2_2: 5.650e-05 (1 inst); CustomOperator_E4M3_to_E3M2_3: 4.910e-05 (1 inst); FPNAdder: 3.440e-04 (1 inst); FixedFPTree_exp7_mant7_out13_vec4_range20: 1.370e-03 (1 inst); SNPS_CLOCK_GATE: 7.810e-06 (1 inst); ScaleAddition_E4M3_to_E3M2_scale_UE7M1_wide13: 1.880e-04 (1 inst); ScaleToFP14b_E4M3_x_E3M2_UE7M1_wide17: 1.540e-04 (1 inst),1.7656,566.4,1059,0.372,0.0366,2048,1,atfmax
baseline_act-INT8_w-INT8_UE4M3,baseline,INT8,INT8,UE4M3,607,true,0.0000,5685.119994,CustomOperator_INT8_to_INT8_0: 421.5960 (1 inst); CustomOperator_INT8_to_INT8_1: 414.6660 (1 inst); CustomOperator_INT8_to_INT8_2: 448.4340 (1 inst); CustomOperator_INT8_to_INT8_3: 404.9640 (1 inst); FPNAdder: 1171.1700 (1 inst); FixedFPTree_exp7_mant14_out14_vec4_range0: 1115.4780 (1 inst); SNPS_CLOCK_GATE: 1.8900 (1 inst); ScaleAddition_INT8_to_INT8_scale_UE4M3_wide14: 1047.6900 (1 inst); ScaleToFP19b_INT8_x_INT8_UE4M3_wide22: 563.0940 (1 inst),4.291000e-03,CustomOperator_INT8_to_INT8_0: 2.660e-04 (1 inst); CustomOperator_INT8_to_INT8_1: 2.630e-04 (1 inst); CustomOperator_INT8_to_INT8_2: 2.820e-04 (1 inst); CustomOperator_INT8_to_INT8_3: 2.540e-04 (1 inst); FPNAdder: 7.070e-04 (1 inst); FixedFPTree_exp7_mant14_out14_vec4_range0: 1.040e-03 (1 inst); SNPS_CLOCK_GATE: 6.550e-07 (1 inst); ScaleAddition_INT8_to_INT8_scale_UE4M3_wide14: 1.040e-03 (1 inst); ScaleToFP19b_INT8_x_INT8_UE4M3_wide22: 4.150e-04 (1 inst),2.713000e-03,CustomOperator_INT8_to_INT8_0: 2.510e-04 (1 inst); CustomOperator_INT8_to_INT8_1: 2.530e-04 (1 inst); CustomOperator_INT8_to_INT8_2: 2.730e-04 (1 inst); CustomOperator_INT8_to_INT8_3: 2.420e-04 (1 inst); FPNAdder: 3.610e-04 (1 inst); FixedFPTree_exp7_mant14_out14_vec4_range0: 6.280e-04 (1 inst); SNPS_CLOCK_GATE: 8.810e-06 (1 inst); ScaleAddition_INT8_to_INT8_scale_UE4M3_wide14: 4.330e-04 (1 inst); ScaleToFP19b_INT8_x_INT8_UE4M3_wide22: 1.680e-04 (1 inst),1.6474,607.0,1059,0.372,0.0366,2048,1,atfmax
baseline_act-E5M2_w-E4M3_UE8M0,baseline,E5M2,E4M3,UE8M0,607,true,0.0000,6604.794008,CustomOperator_E5M2_to_E4M3_0: 46.2420 (1 inst); CustomOperator_E5M2_to_E4M3_1: 49.8960 (1 inst); CustomOperator_E5M2_to_E4M3_2: 119.1960 (1 inst); CustomOperator_E5M2_to_E4M3_3: 108.2340 (1 inst); DirectToFP15b_E5M2_x_E4M3_UE8M0: 139.1040 (1 inst); FPNAdder: 990.8640 (1 inst); FixedFPTree_exp7_mant7_out7_vec4_range43: 5056.0020 (1 inst); SNPS_CLOCK_GATE: 1.8900 (1 inst),3.246000e-03,CustomOperator_E5M2_to_E4M3_0: 1.700e-05 (1 inst); CustomOperator_E5M2_to_E4M3_1: 2.020e-05 (1 inst); CustomOperator_E5M2_to_E4M3_2: 3.820e-05 (1 inst); CustomOperator_E5M2_to_E4M3_3: 3.820e-05 (1 inst); DirectToFP15b_E5M2_x_E4M3_UE8M0: 8.910e-05 (1 inst); FPNAdder: 4.310e-04 (1 inst); FixedFPTree_exp7_mant7_out7_vec4_range43: 2.600e-03 (1 inst); SNPS_CLOCK_GATE: 6.160e-07 (1 inst),1.650000e-03,CustomOperator_E5M2_to_E4M3_0: 2.020e-05 (1 inst); CustomOperator_E5M2_to_E4M3_1: 2.380e-05 (1 inst); CustomOperator_E5M2_to_E4M3_2: 4.220e-05 (1 inst); CustomOperator_E5M2_to_E4M3_3: 4.420e-05 (1 inst); DirectToFP15b_E5M2_x_E4M3_UE8M0: 1.980e-05 (1 inst); FPNAdder: 2.500e-04 (1 inst); FixedFPTree_exp7_mant7_out7_vec4_range43: 1.170e-03 (1 inst); SNPS_CLOCK_GATE: 8.040e-06 (1 inst),1.6474,607.0,1059,0.372,0.0366,2048,1,atfmax
baseline_act-E5M2_w-E2M1_UE7M1,baseline,E5M2,E2M1,UE7M1,607,false,-0.1200,7620.731994,CustomOperator_E5M2_to_E2M1_0: 30.3660 (1 inst); CustomOperator_E5M2_to_E2M1_1: 40.5720 (1 inst); CustomOperator_E5M2_to_E2M1_2: 62.1180 (1 inst); CustomOperator_E5M2_to_E2M1_3: 56.4480 (1 inst); FPNAdder: 1194.2280 (1 inst); FixedFPTree_exp8_mant5_out14_vec4_range31: 5193.3420 (1 inst); SNPS_CLOCK_GATE: 1.8900 (1 inst); ScaleAddition_E5M2_to_E2M1_scale_UE7M1_wide14: 511.0560 (1 inst); ScaleToFP15b_E5M2_x_E2M1_UE7M1_wide18: 441.6300 (1 inst),4.127000e-03,CustomOperator_E5M2_to_E2M1_0: 1.040e-05 (1 inst); CustomOperator_E5M2_to_E2M1_1: 1.510e-05 (1 inst); CustomOperator_E5M2_to_E2M1_2: 1.770e-05 (1 inst); CustomOperator_E5M2_to_E2M1_3: 1.520e-05 (1 inst); FPNAdder: 6.000e-04 (1 inst); FixedFPTree_exp8_mant5_out14_vec4_range31: 2.890e-03 (1 inst); SNPS_CLOCK_GATE: 6.020e-07 (1 inst); ScaleAddition_E5M2_to_E2M1_scale_UE7M1_wide14: 2.960e-04 (1 inst); ScaleToFP15b_E5M2_x_E2M1_UE7M1_wide18: 2.600e-04 (1 inst),1.912000e-03,CustomOperator_E5M2_to_E2M1_0: 1.550e-05 (1 inst); CustomOperator_E5M2_to_E2M1_1: 2.310e-05 (1 inst); CustomOperator_E5M2_to_E2M1_2: 2.880e-05 (1 inst); CustomOperator_E5M2_to_E2M1_3: 2.430e-05 (1 inst); FPNAdder: 3.120e-04 (1 inst); FixedFPTree_exp8_mant5_out14_vec4_range31: 1.180e-03 (1 inst); SNPS_CLOCK_GATE: 8.040e-06 (1 inst); ScaleAddition_E5M2_to_E2M1_scale_UE7M1_wide14: 1.250e-04 (1 inst); ScaleToFP15b_E5M2_x_E2M1_UE7M1_wide18: 1.180e-04 (1 inst),1.7674,565.8,1059,0.372,0.0366,2048,1,atfmax
baseline_act-E3M2_w-E2M3_UE4M3,baseline,E3M2,E2M3,UE4M3,611,true,0.0000,4879.853999,CustomOperator_E3M2_to_E2M3_0: 36.9180 (1 inst); CustomOperator_E3M2_to_E2M3_1: 44.8560 (1 inst); CustomOperator_E3M2_to_E2M3_2: 69.6780 (1 inst); CustomOperator_E3M2_to_E2M3_3: 64.0080 (1 inst); FPNAdder: 1010.3940 (1 inst); FixedFPTree_exp6_mant7_out9_vec4_range8: 2382.2820 (1 inst); SNPS_CLOCK_GATE: 1.8900 (1 inst); ScaleAddition_E3M2_to_E2M3_scale_UE4M3_wide9: 802.8720 (1 inst); ScaleToFP14b_E3M2_x_E2M3_UE4M3_wide17: 381.4020 (1 inst),3.116000e-03,CustomOperator_E3M2_to_E2M3_0: 1.320e-05 (1 inst); CustomOperator_E3M2_to_E2M3_1: 1.730e-05 (1 inst); CustomOperator_E3M2_to_E2M3_2: 2.280e-05 (1 inst); CustomOperator_E3M2_to_E2M3_3: 2.050e-05 (1 inst); FPNAdder: 5.640e-04 (1 inst); FixedFPTree_exp6_mant7_out9_vec4_range8: 1.470e-03 (1 inst); SNPS_CLOCK_GATE: 5.920e-07 (1 inst); ScaleAddition_E3M2_to_E2M3_scale_UE4M3_wide9: 7.160e-04 (1 inst); ScaleToFP14b_E3M2_x_E2M3_UE4M3_wide17: 2.700e-04 (1 inst),1.849000e-03,CustomOperator_E3M2_to_E2M3_0: 2.070e-05 (1 inst); CustomOperator_E3M2_to_E2M3_1: 2.630e-05 (1 inst); CustomOperator_E3M2_to_E2M3_2: 3.770e-05 (1 inst); CustomOperator_E3M2_to_E2M3_3: 3.300e-05 (1 inst); FPNAdder: 2.850e-04 (1 inst); FixedFPTree_exp6_mant7_out9_vec4_range8: 9.620e-04 (1 inst); SNPS_CLOCK_GATE: 7.910e-06 (1 inst); ScaleAddition_E3M2_to_E2M3_scale_UE4M3_wide9: 2.750e-04 (1 inst); ScaleToFP14b_E3M2_x_E2M3_UE4M3_wide17: 1.230e-04 (1 inst),1.6367,611.0,1059,0.372,0.0366,2048,1,atfmax
baseline_act-E3M2_w-E2M3_UE5M3,baseline,E3M2,E2M3,UE5M3,611,true,-0.0200,6007.049998,CustomOperator_E3M2_to_E2M3_0: 43.3440 (1 inst); CustomOperator_E3M2_to_E2M3_1: 53.8020 (1 inst); CustomOperator_E3M2_to_E2M3_2: 70.1820 (1 inst); CustomOperator_E3M2_to_E2M3_3: 69.5520 (1 inst); FPNAdder: 1165.1220 (1 inst); FixedFPTree_exp6_mant7_out9_vec4_range8: 3126.0600 (1 inst); SNPS_CLOCK_GATE: 1.8900 (1 inst); ScaleAddition_E3M2_to_E2M3_scale_UE5M3_wide9: 874.6920 (1 inst); ScaleToFP14b_E3M2_x_E2M3_UE5M3_wide17: 515.2140 (1 inst),3.864000e-03,CustomOperator_E3M2_to_E2M3_0: 1.790e-05 (1 inst); CustomOperator_E3M2_to_E2M3_1: 2.230e-05 (1 inst); CustomOperator_E3M2_to_E2M3_2: 2.350e-05 (1 inst); CustomOperator_E3M2_to_E2M3_3: 2.220e-05 (1 inst); FPNAdder: 6.710e-04 (1 inst); FixedFPTree_exp6_mant7_out9_vec4_range8: 1.930e-03 (1 inst); SNPS_CLOCK_GATE: 5.860e-07 (1 inst); ScaleAddition_E3M2_to_E2M3_scale_UE5M3_wide9: 8.000e-04 (1 inst); ScaleToFP14b_E3M2_x_E2M3_UE5M3_wide17: 3.510e-04 (1 inst),2.448000e-03,CustomOperator_E3M2_to_E2M3_0: 2.770e-05 (1 inst); CustomOperator_E3M2_to_E2M3_1: 3.330e-05 (1 inst); CustomOperator_E3M2_to_E2M3_2: 3.800e-05 (1 inst); CustomOperator_E3M2_to_E2M3_3: 3.530e-05 (1 inst); FPNAdder: 3.720e-04 (1 inst); FixedFPTree_exp6_mant7_out9_vec4_range8: 1.260e-03 (1 inst); SNPS_CLOCK_GATE: 7.910e-06 (1 inst); ScaleAddition_E3M2_to_E2M3_scale_UE5M3_wide9: 4.120e-04 (1 inst); ScaleToFP14b_E3M2_x_E2M3_UE5M3_wide17: 1.760e-04 (1 inst),1.6567,603.6,1059,0.372,0.0366,2048,1,atfmax
baseline_act-E4M3_w-E2M1_UE6M2,baseline,E4M3,E2M1,UE6M2,611,false,-0.0700,6433.560001,CustomOperator_E4M3_to_E2M1_0: 38.3040 (1 inst); CustomOperator_E4M3_to_E2M1_1: 48.0060 (1 inst); CustomOperator_E4M3_to_E2M1_2: 80.1360 (1 inst); CustomOperator_E4M3_to_E2M1_3: 109.6200 (1 inst); FPNAdder: 1077.8040 (1 inst); FixedFPTree_exp7_mant6_out11_vec4_range16: 3895.6680 (1 inst); SNPS_CLOCK_GATE: 1.8900 (1 inst); ScaleAddition_E4M3_to_E2M1_scale_UE6M2_wide11: 728.2800 (1 inst); ScaleToFP14b_E4M3_x_E2M1_UE6M2_wide17: 358.9740 (1 inst),4.039000e-03,CustomOperator_E4M3_to_E2M1_0: 1.510e-05 (1 inst); CustomOperator_E4M3_to_E2M1_1: 1.700e-05 (1 inst); CustomOperator_E4M3_to_E2M1_2: 2.410e-05 (1 inst); CustomOperator_E4M3_to_E2M1_3: 3.060e-05 (1 inst); FPNAdder: 6.300e-04 (1 inst); FixedFPTree_exp7_mant6_out11_vec4_range16: 2.420e-03 (1 inst); SNPS_CLOCK_GATE: 5.830e-07 (1 inst); ScaleAddition_E4M3_to_E2M1_scale_UE6M2_wide11: 6.040e-04 (1 inst); ScaleToFP14b_E4M3_x_E2M1_UE6M2_wide17: 2.800e-04 (1 inst),2.138000e-03,CustomOperator_E4M3_to_E2M1_0: 2.280e-05 (1 inst); CustomOperator_E4M3_to_E2M1_1: 2.650e-05 (1 inst); CustomOperator_E4M3_to_E2M1_2: 3.930e-05 (1 inst); CustomOperator_E4M3_to_E2M1_3: 4.600e-05 (1 inst); FPNAdder: 3.090e-04 (1 inst); FixedFPTree_exp7_mant6_out11_vec4_range16: 1.240e-03 (1 inst); SNPS_CLOCK_GATE: 7.910e-06 (1 inst); ScaleAddition_E4M3_to_E2M1_scale_UE6M2_wide11: 2.620e-04 (1 inst); ScaleToFP14b_E4M3_x_E2M1_UE6M2_wide17: 1.100e-04 (1 inst),1.7067,585.9,1059,0.372,0.0366,2048,1,atfmax
baseline_act-INT8_w-E3M2_UE4M4,baseline,INT8,E3M2,UE4M4,611,true,-0.0400,6899.885996,CustomOperator_INT8_to_E3M2_0: 107.1000 (1 inst); CustomOperator_INT8_to_E3M2_1: 115.4160 (1 inst); CustomOperator_INT8_to_E3M2_2: 107.4780 (1 inst); CustomOperator_INT8_to_E3M2_3: 125.7480 (1 inst); FPNAdder: 1370.5020 (1 inst); FixedFPTree_exp7_mant10_out12_vec4_range6: 2799.0900 (1 inst); SNPS_CLOCK_GATE: 1.8900 (1 inst); ScaleAddition_INT8_to_E3M2_scale_UE4M4_wide12: 1537.0740 (1 inst); ScaleToFP19b_INT8_x_E3M2_UE4M4_wide22: 630.2520 (1 inst),5.169000e-03,CustomOperator_INT8_to_E3M2_0: 4.940e-05 (1 inst); CustomOperator_INT8_to_E3M2_1: 4.990e-05 (1 inst); CustomOperator_INT8_to_E3M2_2: 4.570e-05 (1 inst); CustomOperator_INT8_to_E3M2_3: 5.190e-05 (1 inst); FPNAdder: 8.700e-04 (1 inst); FixedFPTree_exp7_mant10_out12_vec4_range6: 2.120e-03 (1 inst); SNPS_CLOCK_GATE: 6.490e-07 (1 inst); ScaleAddition_INT8_to_E3M2_scale_UE4M4_wide12: 1.480e-03 (1 inst); ScaleToFP19b_INT8_x_E3M2_UE4M4_wide22: 4.730e-04 (1 inst),3.079000e-03,CustomOperator_INT8_to_E3M2_0: 6.780e-05 (1 inst); CustomOperator_INT8_to_E3M2_1: 6.790e-05 (1 inst); CustomOperator_INT8_to_E3M2_2: 6.500e-05 (1 inst); CustomOperator_INT8_to_E3M2_3: 7.050e-05 (1 inst); FPNAdder: 4.520e-04 (1 inst); FixedFPTree_exp7_mant10_out12_vec4_range6: 1.420e-03 (1 inst); SNPS_CLOCK_GATE: 8.880e-06 (1 inst); ScaleAddition_INT8_to_E3M2_scale_UE4M4_wide12: 6.530e-04 (1 inst); ScaleToFP19b_INT8_x_E3M2_UE4M4_wide22: 1.760e-04 (1 inst),1.6767,596.4,1059,0.372,0.0366,2048,1,atfmax
baseline_act-E4M3_w-E2M3_UE7M1,baseline,E4M3,E2M3,UE7M1,615,false,-0.0600,6568.128001,CustomOperator_E4M3_to_E2M3_0: 56.4480 (1 inst); CustomOperator_E4M3_to_E2M3_1: 75.9780 (1 inst); CustomOperator_E4M3_to_E2M3_2: 111.7620 (1 inst); CustomOperator_E4M3_to_E2M3_3: 118.4400 (1 inst); FPNAdder: 1046.6820 (1 inst); FixedFPTree_exp7_mant8_out13_vec4_range16: 4139.4780 (1 inst); SNPS_CLOCK_GATE: 1.8900 (1 inst); ScaleAddition_E4M3_to_E2M3_scale_UE7M1_wide13: 474.7680 (1 inst); ScaleToFP14b_E4M3_x_E2M3_UE7M1_wide17: 453.8520 (1 inst),4.135000e-03,CustomOperator_E4M3_to_E2M3_0: 2.130e-05 (1 inst); CustomOperator_E4M3_to_E2M3_1: 2.660e-05 (1 inst); CustomOperator_E4M3_to_E2M3_2: 3.550e-05 (1 inst); CustomOperator_E4M3_to_E2M3_3: 3.350e-05 (1 inst); FPNAdder: 6.200e-04 (1 inst); FixedFPTree_exp7_mant8_out13_vec4_range16: 2.650e-03 (1 inst); SNPS_CLOCK_GATE: 5.870e-07 (1 inst); ScaleAddition_E4M3_to_E2M3_scale_UE7M1_wide13: 4.010e-04 (1 inst); ScaleToFP14b_E4M3_x_E2M3_UE7M1_wide17: 3.240e-04 (1 inst),2.329000e-03,CustomOperator_E4M3_to_E2M3_0: 3.120e-05 (1 inst); CustomOperator_E4M3_to_E2M3_1: 3.950e-05 (1 inst); CustomOperator_E4M3_to_E2M3_2: 5.460e-05 (1 inst); CustomOperator_E4M3_to_E2M3_3: 5.150e-05 (1 inst); FPNAdder: 3.280e-04 (1 inst); FixedFPTree_exp7_mant8_out13_vec4_range16: 1.420e-03 (1 inst); SNPS_CLOCK_GATE: 7.960e-06 (1 inst); ScaleAddition_E4M3_to_E2M3_scale_UE7M1_wide13: 1.750e-04 (1 inst); ScaleToFP14b_E4M3_x_E2M3_UE7M1_wide17: 1.450e-04 (1 inst),1.6860,593.1,1059,0.372,0.0366,2048,1,atfmax
baseline_act-INT8_w-E2M1_UE4M3,baseline,INT8,E2M1,UE4M3,619,true,0.0000,6270.515998,CustomOperator_INT8_to_E2M1_0: 74.9700 (1 inst); CustomOperator_INT8_to_E2M1_1: 68.0400 (1 inst); CustomOperator_INT8_to_E2M1_2: 64.1340 (1 inst); CustomOperator_INT8_to_E2M1_3: 67.7880 (1 inst); FPNAdder: 1452.7800 (1 inst); FixedFPTree_exp7_mant9_out14_vec4_range2: 2493.4140 (1 inst); SNPS_CLOCK_GATE: 1.8900 (1 inst); ScaleAddition_INT8_to_E2M1_scale_UE4M3_wide14: 1331.1900 (1 inst); ScaleToFP19b_INT8_x_E2M1_UE4M3_wide22: 611.1000 (1 inst),4.049000e-03,CustomOperator_INT8_to_E2M1_0: 2.870e-05 (1 inst); CustomOperator_INT8_to_E2M1_1: 2.760e-05 (1 inst); CustomOperator_INT8_to_E2M1_2: 2.450e-05 (1 inst); CustomOperator_INT8_to_E2M1_3: 2.850e-05 (1 inst); FPNAdder: 8.720e-04 (1 inst); FixedFPTree_exp7_mant9_out14_vec4_range2: 1.510e-03 (1 inst); SNPS_CLOCK_GATE: 6.510e-07 (1 inst); ScaleAddition_INT8_to_E2M1_scale_UE4M3_wide14: 1.080e-03 (1 inst); ScaleToFP19b_INT8_x_E2M1_UE4M3_wide22: 4.530e-04 (1 inst),2.408000e-03,CustomOperator_INT8_to_E2M1_0: 4.350e-05 (1 inst); CustomOperator_INT8_to_E2M1_1: 3.810e-05 (1 inst); CustomOperator_INT8_to_E2M1_2: 3.500e-05 (1 inst); CustomOperator_INT8_to_E2M1_3: 4.020e-05 (1 inst); FPNAdder: 4.050e-04 (1 inst); FixedFPTree_exp7_mant9_out14_vec4_range2: 1.160e-03 (1 inst); SNPS_CLOCK_GATE: 8.990e-06 (1 inst); ScaleAddition_INT8_to_E2M1_scale_UE4M3_wide14: 4.190e-04 (1 inst); ScaleToFP19b_INT8_x_E2M1_UE4M3_wide22: 1.700e-04 (1 inst),1.6155,619.0,1059,0.372,0.0366,2048,1,atfmax
baseline_act-INT8_w-E2M3_UE4M4,baseline,INT8,E2M3,UE4M4,619,true,-0.0200,7745.598004,CustomOperator_INT8_to_E2M3_0: 352.4220 (1 inst); CustomOperator_INT8_to_E2M3_1: 302.2740 (1 inst); CustomOperator_INT8_to_E2M3_2: 284.3820 (1 inst); CustomOperator_INT8_to_E2M3_3: 280.7280 (1 inst); FPNAdder: 1441.9440 (1 inst); FixedFPTree_exp7_mant11_out12_vec4_range2: 2764.8180 (1 inst); SNPS_CLOCK_GATE: 1.8900 (1 inst); ScaleAddition_INT8_to_E2M3_scale_UE4M4_wide12: 1540.6020 (1 inst); ScaleToFP19b_INT8_x_E2M3_UE4M4_wide22: 669.8160 (1 inst),5.402000e-03,CustomOperator_INT8_to_E2M3_0: 1.570e-04 (1 inst); CustomOperator_INT8_to_E2M3_1: 1.460e-04 (1 inst); CustomOperator_INT8_to_E2M3_2: 1.320e-04 (1 inst); CustomOperator_INT8_to_E2M3_3: 1.330e-04 (1 inst); FPNAdder: 8.880e-04 (1 inst); FixedFPTree_exp7_mant11_out12_vec4_range2: 1.900e-03 (1 inst); SNPS_CLOCK_GATE: 6.460e-07 (1 inst); ScaleAddition_INT8_to_E2M3_scale_UE4M4_wide12: 1.500e-03 (1 inst); ScaleToFP19b_INT8_x_E2M3_UE4M4_wide22: 5.200e-04 (1 inst),3.552000e-03,CustomOperator_INT8_to_E2M3_0: 1.880e-04 (1 inst); CustomOperator_INT8_to_E2M3_1: 1.660e-04 (1 inst); CustomOperator_INT8_to_E2M3_2: 1.570e-04 (1 inst); CustomOperator_INT8_to_E2M3_3: 1.500e-04 (1 inst); FPNAdder: 4.890e-04 (1 inst); FixedFPTree_exp7_mant11_out12_vec4_range2: 1.380e-03 (1 inst); SNPS_CLOCK_GATE: 8.990e-06 (1 inst); ScaleAddition_INT8_to_E2M3_scale_UE4M4_wide12: 7.160e-04 (1 inst); ScaleToFP19b_INT8_x_E2M3_UE4M4_wide22: 2.030e-04 (1 inst),1.6355,611.4,1059,0.372,0.0366,2048,1,atfmax
baseline_act-E3M2_w-E2M1_UE5M3,baseline,E3M2,E2M1,UE5M3,623,false,-0.0800,5208.839999,CustomOperator_E3M2_to_E2M1_0: 27.8460 (1 inst); CustomOperator_E3M2_to_E2M1_1: 52.1640 (1 inst); CustomOperator_E3M2_to_E2M1_2: 72.5760 (1 inst); CustomOperator_E3M2_to_E2M1_3: 77.2380 (1 inst); FPNAdder: 1114.5960 (1 inst); FixedFPTree_exp6_mant5_out9_vec4_range8: 2354.8140 (1 inst); SNPS_CLOCK_GATE: 1.8900 (1 inst); ScaleAddition_E3M2_to_E2M1_scale_UE5M3_wide9: 937.6920 (1 inst); ScaleToFP14b_E3M2_x_E2M1_UE5M3_wide17: 491.2740 (1 inst),3.295000e-03,CustomOperator_E3M2_to_E2M1_0: 1.240e-05 (1 inst); CustomOperator_E3M2_to_E2M1_1: 1.620e-05 (1 inst); CustomOperator_E3M2_to_E2M1_2: 2.130e-05 (1 inst); CustomOperator_E3M2_to_E2M1_3: 2.040e-05 (1 inst); FPNAdder: 6.600e-04 (1 inst); FixedFPTree_exp6_mant5_out9_vec4_range8: 1.400e-03 (1 inst); SNPS_CLOCK_GATE: 5.940e-07 (1 inst); ScaleAddition_E3M2_to_E2M1_scale_UE5M3_wide9: 7.860e-04 (1 inst); ScaleToFP14b_E3M2_x_E2M1_UE5M3_wide17: 3.610e-04 (1 inst),2.092000e-03,CustomOperator_E3M2_to_E2M1_0: 2.070e-05 (1 inst); CustomOperator_E3M2_to_E2M1_1: 2.800e-05 (1 inst); CustomOperator_E3M2_to_E2M1_2: 3.860e-05 (1 inst); CustomOperator_E3M2_to_E2M1_3: 3.550e-05 (1 inst); FPNAdder: 3.790e-04 (1 inst); FixedFPTree_exp6_mant5_out9_vec4_range8: 9.130e-04 (1 inst); SNPS_CLOCK_GATE: 8.050e-06 (1 inst); ScaleAddition_E3M2_to_E2M1_scale_UE5M3_wide9: 4.070e-04 (1 inst); ScaleToFP14b_E3M2_x_E2M1_UE5M3_wide17: 1.840e-04 (1 inst),1.6851,593.4,1059,0.372,0.0366,2048,1,atfmax
baseline_act-INT8_w-E3M2_UE5M3,baseline,INT8,E3M2,UE5M3,623,true,-0.0500,7028.910002,CustomOperator_INT8_to_E3M2_0: 200.5920 (1 inst); CustomOperator_INT8_to_E3M2_1: 191.8980 (1 inst); CustomOperator_INT8_to_E3M2_2: 191.0160 (1 inst); CustomOperator_INT8_to_E3M2_3: 130.7880 (1 inst); FPNAdder: 1314.9360 (1 inst); FixedFPTree_exp7_mant10_out14_vec4_range6: 2932.5240 (1 inst); SNPS_CLOCK_GATE: 1.8900 (1 inst); ScaleAddition_INT8_to_E3M2_scale_UE5M3_wide14: 1342.9080 (1 inst); ScaleToFP19b_INT8_x_E3M2_UE5M3_wide22: 619.0380 (1 inst),5.104000e-03,CustomOperator_INT8_to_E3M2_0: 8.770e-05 (1 inst); CustomOperator_INT8_to_E3M2_1: 7.860e-05 (1 inst); CustomOperator_INT8_to_E3M2_2: 8.550e-05 (1 inst); CustomOperator_INT8_to_E3M2_3: 5.560e-05 (1 inst); FPNAdder: 8.110e-04 (1 inst); FixedFPTree_exp7_mant10_out14_vec4_range6: 2.160e-03 (1 inst); SNPS_CLOCK_GATE: 6.420e-07 (1 inst); ScaleAddition_INT8_to_E3M2_scale_UE5M3_wide14: 1.320e-03 (1 inst); ScaleToFP19b_INT8_x_E3M2_UE5M3_wide22: 4.830e-04 (1 inst),3.071000e-03,CustomOperator_INT8_to_E3M2_0: 1.220e-04 (1 inst); CustomOperator_INT8_to_E3M2_1: 1.160e-04 (1 inst); CustomOperator_INT8_to_E3M2_2: 1.190e-04 (1 inst); CustomOperator_INT8_to_E3M2_3: 7.870e-05 (1 inst); FPNAdder: 3.930e-04 (1 inst); FixedFPTree_exp7_mant10_out14_vec4_range6: 1.500e-03 (1 inst); SNPS_CLOCK_GATE: 9.040e-06 (1 inst); ScaleAddition_INT8_to_E3M2_scale_UE5M3_wide14: 4.630e-04 (1 inst); ScaleToFP19b_INT8_x_E3M2_UE5M3_wide22: 1.780e-04 (1 inst),1.6551,604.2,1059,0.372,0.0366,2048,1,atfmax
baseline_act-INT8_w-INT8_UE5M3,baseline,INT8,INT8,UE5M3,623,true,0.0000,7211.106001,CustomOperator_INT8_to_INT8_0: 466.0740 (1 inst); CustomOperator_INT8_to_INT8_1: 545.9580 (1 inst); CustomOperator_INT8_to_INT8_2: 582.7500 (1 inst); CustomOperator_INT8_to_INT8_3: 531.0900 (1 inst); FPNAdder: 1547.5320 (1 inst); FixedFPTree_exp7_mant14_out14_vec4_range0: 1430.7300 (1 inst); SNPS_CLOCK_GATE: 1.8900 (1 inst); ScaleAddition_INT8_to_INT8_scale_UE5M3_wide14: 1347.3180 (1 inst); ScaleToFP19b_INT8_x_INT8_UE5M3_wide22: 652.6800 (1 inst),5.646000e-03,CustomOperator_INT8_to_INT8_0: 3.040e-04 (1 inst); CustomOperator_INT8_to_INT8_1: 3.590e-04 (1 inst); CustomOperator_INT8_to_INT8_2: 3.830e-04 (1 inst); CustomOperator_INT8_to_INT8_3: 3.370e-04 (1 inst); FPNAdder: 9.610e-04 (1 inst); FixedFPTree_exp7_mant14_out14_vec4_range0: 1.410e-03 (1 inst); SNPS_CLOCK_GATE: 6.500e-07 (1 inst); ScaleAddition_INT8_to_INT8_scale_UE5M3_wide14: 1.360e-03 (1 inst); ScaleToFP19b_INT8_x_INT8_UE5M3_wide22: 5.070e-04 (1 inst),3.575000e-03,CustomOperator_INT8_to_INT8_0: 2.880e-04 (1 inst); CustomOperator_INT8_to_INT8_1: 3.490e-04 (1 inst); CustomOperator_INT8_to_INT8_2: 3.670e-04 (1 inst); CustomOperator_INT8_to_INT8_3: 3.250e-04 (1 inst); FPNAdder: 5.030e-04 (1 inst); FixedFPTree_exp7_mant14_out14_vec4_range0: 8.460e-04 (1 inst); SNPS_CLOCK_GATE: 9.040e-06 (1 inst); ScaleAddition_INT8_to_INT8_scale_UE5M3_wide14: 5.780e-04 (1 inst); ScaleToFP19b_INT8_x_INT8_UE5M3_wide22: 2.130e-04 (1 inst),1.6051,623.0,1059,0.372,0.0366,2048,1,atfmax
baseline_act-E2M3_w-E2M1_UE4M3,baseline,E2M3,E2M1,UE4M3,626,true,0.0000,3501.413998,CustomOperator_E2M3_to_E2M1_0: 19.9080 (1 inst); CustomOperator_E2M3_to_E2M1_1: 22.1760 (1 inst); CustomOperator_E2M3_to_E2M1_2: 43.2180 (1 inst); CustomOperator_E2M3_to_E2M1_3: 31.2480 (1 inst); FPNAdder: 951.4260 (1 inst); FixedFPTree_exp6_mant6_out9_vec4_range4: 1367.9820 (1 inst); SNPS_CLOCK_GATE: 1.8900 (1 inst); ScaleAddition_E2M3_to_E2M1_scale_UE4M3_wide9: 643.8600 (1 inst); ScaleToFP14b_E2M3_x_E2M1_UE4M3_wide17: 334.2780 (1 inst),2.215000e-03,CustomOperator_E2M3_to_E2M1_0: 8.240e-06 (1 inst); CustomOperator_E2M3_to_E2M1_1: 7.520e-06 (1 inst); CustomOperator_E2M3_to_E2M1_2: 1.290e-05 (1 inst); CustomOperator_E2M3_to_E2M1_3: 9.650e-06 (1 inst); FPNAdder: 5.260e-04 (1 inst); FixedFPTree_exp6_mant6_out9_vec4_range4: 8.650e-04 (1 inst); SNPS_CLOCK_GATE: 5.920e-07 (1 inst); ScaleAddition_E2M3_to_E2M1_scale_UE4M3_wide9: 5.340e-04 (1 inst); ScaleToFP14b_E2M3_x_E2M1_UE4M3_wide17: 2.320e-04 (1 inst),1.337000e-03,CustomOperator_E2M3_to_E2M1_0: 1.400e-05 (1 inst); CustomOperator_E2M3_to_E2M1_1: 1.300e-05 (1 inst); CustomOperator_E2M3_to_E2M1_2: 2.480e-05 (1 inst); CustomOperator_E2M3_to_E2M1_3: 1.640e-05 (1 inst); FPNAdder: 2.650e-04 (1 inst); FixedFPTree_exp6_mant6_out9_vec4_range4: 6.290e-04 (1 inst); SNPS_CLOCK_GATE: 8.090e-06 (1 inst); ScaleAddition_E2M3_to_E2M1_scale_UE4M3_wide9: 1.850e-04 (1 inst); ScaleToFP14b_E2M3_x_E2M1_UE4M3_wide17: 1.050e-04 (1 inst),1.5974,626.0,1059,0.372,0.0366,2048,1,atfmax
baseline_act-E2M3_w-E2M1_UE4M4,baseline,E2M3,E2M1,UE4M4,630,true,0.0000,3793.733998,CustomOperator_E2M3_to_E2M1_0: 20.6640 (1 inst); CustomOperator_E2M3_to_E2M1_1: 23.0580 (1 inst); CustomOperator_E2M3_to_E2M1_2: 41.3280 (1 inst); CustomOperator_E2M3_to_E2M1_3: 43.0920 (1 inst); FPNAdder: 927.4860 (1 inst); FixedFPTree_exp6_mant6_out7_vec4_range4: 1494.8640 (1 inst); SNPS_CLOCK_GATE: 1.8900 (1 inst); ScaleAddition_E2M3_to_E2M1_scale_UE4M4_wide7: 796.3200 (1 inst); ScaleToFP14b_E2M3_x_E2M1_UE4M4_wide17: 360.9900 (1 inst),2.633000e-03,CustomOperator_E2M3_to_E2M1_0: 7.590e-06 (1 inst); CustomOperator_E2M3_to_E2M1_1: 8.320e-06 (1 inst); CustomOperator_E2M3_to_E2M1_2: 1.170e-05 (1 inst); CustomOperator_E2M3_to_E2M1_3: 1.140e-05 (1 inst); FPNAdder: 5.520e-04 (1 inst); FixedFPTree_exp6_mant6_out7_vec4_range4: 9.890e-04 (1 inst); SNPS_CLOCK_GATE: 5.850e-07 (1 inst); ScaleAddition_E2M3_to_E2M1_scale_UE4M4_wide7: 7.470e-04 (1 inst); ScaleToFP14b_E2M3_x_E2M1_UE4M4_wide17: 2.860e-04 (1 inst),1.669000e-03,CustomOperator_E2M3_to_E2M1_0: 1.280e-05 (1 inst); CustomOperator_E2M3_to_E2M1_1: 1.460e-05 (1 inst); CustomOperator_E2M3_to_E2M1_2: 2.240e-05 (1 inst); CustomOperator_E2M3_to_E2M1_3: 2.030e-05 (1 inst); FPNAdder: 2.960e-04 (1 inst); FixedFPTree_exp6_mant6_out7_vec4_range4: 7.110e-04 (1 inst); SNPS_CLOCK_GATE: 8.150e-06 (1 inst); ScaleAddition_E2M3_to_E2M1_scale_UE4M4_wide7: 3.650e-04 (1 inst); ScaleToFP14b_E2M3_x_E2M1_UE4M4_wide17: 1.400e-04 (1 inst),1.5873,630.0,1059,0.372,0.0366,2048,1,atfmax
baseline_act-E3M2_w-E2M1_UE4M4,baseline,E3M2,E2M1,UE4M4,630,false,-0.1000,5394.059998,CustomOperator_E3M2_to_E2M1_0: 26.2080 (1 inst); CustomOperator_E3M2_to_E2M1_1: 43.3440 (1 inst); CustomOperator_E3M2_to_E2M1_2: 72.7020 (1 inst); CustomOperator_E3M2_to_E2M1_3: 53.9280 (1 inst); FPNAdder: 1150.0020 (1 inst); FixedFPTree_exp6_mant5_out7_vec4_range8: 2495.9340 (1 inst); SNPS_CLOCK_GATE: 1.8900 (1 inst); ScaleAddition_E3M2_to_E2M1_scale_UE4M4_wide7: 1033.7040 (1 inst); ScaleToFP14b_E3M2_x_E2M1_UE4M4_wide17: 424.6200 (1 inst),3.541000e-03,CustomOperator_E3M2_to_E2M1_0: 1.310e-05 (1 inst); CustomOperator_E3M2_to_E2M1_1: 1.520e-05 (1 inst); CustomOperator_E3M2_to_E2M1_2: 2.170e-05 (1 inst); CustomOperator_E3M2_to_E2M1_3: 1.800e-05 (1 inst); FPNAdder: 6.960e-04 (1 inst); FixedFPTree_exp6_mant5_out7_vec4_range8: 1.470e-03 (1 inst); SNPS_CLOCK_GATE: 5.910e-07 (1 inst); ScaleAddition_E3M2_to_E2M1_scale_UE4M4_wide7: 9.400e-04 (1 inst); ScaleToFP14b_E3M2_x_E2M1_UE4M4_wide17: 3.380e-04 (1 inst),2.135000e-03,CustomOperator_E3M2_to_E2M1_0: 2.180e-05 (1 inst); CustomOperator_E3M2_to_E2M1_1: 2.670e-05 (1 inst); CustomOperator_E3M2_to_E2M1_2: 3.650e-05 (1 inst); CustomOperator_E3M2_to_E2M1_3: 2.950e-05 (1 inst); FPNAdder: 3.680e-04 (1 inst); FixedFPTree_exp6_mant5_out7_vec4_range8: 9.700e-04 (1 inst); SNPS_CLOCK_GATE: 8.150e-06 (1 inst); ScaleAddition_E3M2_to_E2M1_scale_UE4M4_wide7: 4.380e-04 (1 inst); ScaleToFP14b_E3M2_x_E2M1_UE4M4_wide17: 1.520e-04 (1 inst),1.6873,592.7,1059,0.372,0.0366,2048,1,atfmax
baseline_act-INT8_w-INT8_UE4M4,baseline,INT8,INT8,UE4M4,630,false,-0.0600,7579.907996,CustomOperator_INT8_to_INT8_0: 538.2720 (1 inst); CustomOperator_INT8_to_INT8_1: 514.2060 (1 inst); CustomOperator_INT8_to_INT8_2: 550.1160 (1 inst); CustomOperator_INT8_to_INT8_3: 434.4480 (1 inst); FPNAdder: 1398.2220 (1 inst); FixedFPTree_exp7_mant14_out14_vec4_range0: 1578.1500 (1 inst); SNPS_CLOCK_GATE: 1.8900 (1 inst); ScaleAddition_INT8_to_INT8_scale_UE4M4_wide14: 1753.6680 (1 inst); ScaleToFP19b_INT8_x_INT8_UE4M4_wide24: 705.8520 (1 inst),5.985000e-03,CustomOperator_INT8_to_INT8_0: 3.410e-04 (1 inst); CustomOperator_INT8_to_INT8_1: 3.320e-04 (1 inst); CustomOperator_INT8_to_INT8_2: 3.490e-04 (1 inst); CustomOperator_INT8_to_INT8_3: 2.600e-04 (1 inst); FPNAdder: 8.850e-04 (1 inst); FixedFPTree_exp7_mant14_out14_vec4_range0: 1.510e-03 (1 inst); SNPS_CLOCK_GATE: 6.470e-07 (1 inst); ScaleAddition_INT8_to_INT8_scale_UE4M4_wide14: 1.750e-03 (1 inst); ScaleToFP19b_INT8_x_INT8_UE4M4_wide24: 5.260e-04 (1 inst),3.842000e-03,CustomOperator_INT8_to_INT8_0: 3.300e-04 (1 inst); CustomOperator_INT8_to_INT8_1: 3.270e-04 (1 inst); CustomOperator_INT8_to_INT8_2: 3.510e-04 (1 inst); CustomOperator_INT8_to_INT8_3: 2.640e-04 (1 inst); FPNAdder: 4.910e-04 (1 inst); FixedFPTree_exp7_mant14_out14_vec4_range0: 9.150e-04 (1 inst); SNPS_CLOCK_GATE: 9.150e-06 (1 inst); ScaleAddition_INT8_to_INT8_scale_UE4M4_wide14: 8.280e-04 (1 inst); ScaleToFP19b_INT8_x_INT8_UE4M4_wide24: 2.250e-04 (1 inst),1.6473,607.1,1059,0.372,0.0366,2048,1,atfmax
baseline_act-E2M3_w-E2M3_UE4M3,baseline,E2M3,E2M3,UE4M3,634,true,0.0000,4241.663992,CustomOperator_E2M3_to_E2M3_0: 51.5340 (1 inst); CustomOperator_E2M3_to_E2M3_1: 50.9040 (1 inst); CustomOperator_E2M3_to_E2M3_2: 66.7800 (1 inst); CustomOperator_E2M3_to_E2M3_3: 67.5360 (1 inst); FPNAdder: 1013.5440 (1 inst); FixedFPTree_exp6_mant8_out9_vec4_range4: 1764.2520 (1 inst); SNPS_CLOCK_GATE: 1.8900 (1 inst); ScaleAddition_E2M3_to_E2M3_scale_UE4M3_wide9: 792.1620 (1 inst); ScaleToFP14b_E2M3_x_E2M3_UE4M3_wide17: 355.5720 (1 inst),3.028000e-03,CustomOperator_E2M3_to_E2M3_0: 2.070e-05 (1 inst); CustomOperator_E2M3_to_E2M3_1: 1.890e-05 (1 inst); CustomOperator_E2M3_to_E2M3_2: 2.440e-05 (1 inst); CustomOperator_E2M3_to_E2M3_3: 2.290e-05 (1 inst); FPNAdder: 6.090e-04 (1 inst); FixedFPTree_exp6_mant8_out9_vec4_range4: 1.250e-03 (1 inst); SNPS_CLOCK_GATE: 5.870e-07 (1 inst); ScaleAddition_E2M3_to_E2M3_scale_UE4M3_wide9: 7.760e-04 (1 inst); ScaleToFP14b_E2M3_x_E2M3_UE4M3_wide17: 2.860e-04 (1 inst),1.805000e-03,CustomOperator_E2M3_to_E2M3_0: 3.100e-05 (1 inst); CustomOperator_E2M3_to_E2M3_1: 2.890e-05 (1 inst); CustomOperator_E2M3_to_E2M3_2: 3.770e-05 (1 inst); CustomOperator_E2M3_to_E2M3_3: 3.620e-05 (1 inst); FPNAdder: 3.010e-04 (1 inst); FixedFPTree_exp6_mant8_out9_vec4_range4: 8.850e-04 (1 inst); SNPS_CLOCK_GATE: 8.200e-06 (1 inst); ScaleAddition_E2M3_to_E2M3_scale_UE4M3_wide9: 2.780e-04 (1 inst); ScaleToFP14b_E2M3_x_E2M3_UE4M3_wide17: 1.200e-04 (1 inst),1.5773,634.0,1059,0.372,0.0366,2048,1,atfmax
baseline_act-E2M3_w-E2M3_UE4M4,baseline,E2M3,E2M3,UE4M4,634,true,0.0000,5391.665997,CustomOperator_E2M3_to_E2M3_0: 57.3300 (1 inst); CustomOperator_E2M3_to_E2M3_1: 56.0700 (1 inst); CustomOperator_E2M3_to_E2M3_2: 82.4040 (1 inst); CustomOperator_E2M3_to_E2M3_3: 76.9860 (1 inst); FPNAdder: 1392.3000 (1 inst); FixedFPTree_exp6_mant8_out8_vec4_range4: 2117.8080 (1 inst); SNPS_CLOCK_GATE: 1.8900 (1 inst); ScaleAddition_E2M3_to_E2M3_scale_UE4M4_wide8: 1051.7220 (1 inst); ScaleToFP14b_E2M3_x_E2M3_UE4M4_wide18: 464.4360 (1 inst),3.858000e-03,CustomOperator_E2M3_to_E2M3_0: 2.460e-05 (1 inst); CustomOperator_E2M3_to_E2M3_1: 2.220e-05 (1 inst); CustomOperator_E2M3_to_E2M3_2: 2.790e-05 (1 inst); CustomOperator_E2M3_to_E2M3_3: 2.530e-05 (1 inst); FPNAdder: 8.430e-04 (1 inst); FixedFPTree_exp6_mant8_out8_vec4_range4: 1.520e-03 (1 inst); SNPS_CLOCK_GATE: 5.960e-07 (1 inst); ScaleAddition_E2M3_to_E2M3_scale_UE4M4_wide8: 9.990e-04 (1 inst); ScaleToFP14b_E2M3_x_E2M3_UE4M4_wide18: 3.770e-04 (1 inst),2.471000e-03,CustomOperator_E2M3_to_E2M3_0: 3.450e-05 (1 inst); CustomOperator_E2M3_to_E2M3_1: 3.350e-05 (1 inst); CustomOperator_E2M3_to_E2M3_2: 4.600e-05 (1 inst); CustomOperator_E2M3_to_E2M3_3: 4.190e-05 (1 inst); FPNAdder: 4.530e-04 (1 inst); FixedFPTree_exp6_mant8_out8_vec4_range4: 1.070e-03 (1 inst); SNPS_CLOCK_GATE: 8.190e-06 (1 inst); ScaleAddition_E2M3_to_E2M3_scale_UE4M4_wide8: 5.190e-04 (1 inst); ScaleToFP14b_E2M3_x_E2M3_UE4M4_wide18: 1.770e-04 (1 inst),1.5773,634.0,1059,0.372,0.0366,2048,1,atfmax
baseline_act-INT8_w-E2M3_UE5M3,baseline,INT8,E2M3,UE5M3,634,true,-0.0500,7516.529997,CustomOperator_INT8_to_E2M3_0: 356.4540 (1 inst); CustomOperator_INT8_to_E2M3_1: 311.0940 (1 inst); CustomOperator_INT8_to_E2M3_2: 316.0080 (1 inst); CustomOperator_INT8_to_E2M3_3: 227.6820 (1 inst); FPNAdder: 1372.1400 (1 inst); FixedFPTree_exp7_mant11_out14_vec4_range2: 2831.9760 (1 inst); SNPS_CLOCK_GATE: 1.8900 (1 inst); ScaleAddition_INT8_to_E2M3_scale_UE5M3_wide14: 1396.3320 (1 inst); ScaleToFP19b_INT8_x_E2M3_UE5M3_wide22: 593.3340 (1 inst),5.196000e-03,CustomOperator_INT8_to_E2M3_0: 1.690e-04 (1 inst); CustomOperator_INT8_to_E2M3_1: 1.420e-04 (1 inst); CustomOperator_INT8_to_E2M3_2: 1.480e-04 (1 inst); CustomOperator_INT8_to_E2M3_3: 1.080e-04 (1 inst); FPNAdder: 8.490e-04 (1 inst); FixedFPTree_exp7_mant11_out14_vec4_range2: 1.960e-03 (1 inst); SNPS_CLOCK_GATE: 6.430e-07 (1 inst); ScaleAddition_INT8_to_E2M3_scale_UE5M3_wide14: 1.310e-03 (1 inst); ScaleToFP19b_INT8_x_E2M3_UE5M3_wide22: 4.820e-04 (1 inst),3.442000e-03,CustomOperator_INT8_to_E2M3_0: 1.940e-04 (1 inst); CustomOperator_INT8_to_E2M3_1: 1.680e-04 (1 inst); CustomOperator_INT8_to_E2M3_2: 1.700e-04 (1 inst); CustomOperator_INT8_to_E2M3_3: 1.210e-04 (1 inst); FPNAdder: 4.520e-04 (1 inst); FixedFPTree_exp7_mant11_out14_vec4_range2: 1.420e-03 (1 inst); SNPS_CLOCK_GATE: 9.200e-06 (1 inst); ScaleAddition_INT8_to_E2M3_scale_UE5M3_wide14: 6.120e-04 (1 inst); ScaleToFP19b_INT8_x_E2M3_UE5M3_wide22: 1.950e-04 (1 inst),1.6273,614.5,1059,0.372,0.0366,2048,1,atfmax
baseline_act-INT8_w-E2M1_UE4M4,baseline,INT8,E2M1,UE4M4,638,true,-0.0300,6430.031998,CustomOperator_INT8_to_E2M1_0: 102.0600 (1 inst); CustomOperator_INT8_to_E2M1_1: 105.4620 (1 inst); CustomOperator_INT8_to_E2M1_2: 98.2800 (1 inst); CustomOperator_INT8_to_E2M1_3: 71.5680 (1 inst); FPNAdder: 1537.9560 (1 inst); FixedFPTree_exp7_mant9_out12_vec4_range2: 2320.9200 (1 inst); SNPS_CLOCK_GATE: 1.8900 (1 inst); ScaleAddition_INT8_to_E2M1_scale_UE4M4_wide12: 1453.4100 (1 inst); ScaleToFP19b_INT8_x_E2M1_UE4M4_wide22: 642.9780 (1 inst),4.435000e-03,CustomOperator_INT8_to_E2M1_0: 4.200e-05 (1 inst); CustomOperator_INT8_to_E2M1_1: 4.290e-05 (1 inst); CustomOperator_INT8_to_E2M1_2: 3.890e-05 (1 inst); CustomOperator_INT8_to_E2M1_3: 2.790e-05 (1 inst); FPNAdder: 9.440e-04 (1 inst); FixedFPTree_exp7_mant9_out12_vec4_range2: 1.540e-03 (1 inst); SNPS_CLOCK_GATE: 6.520e-07 (1 inst); ScaleAddition_INT8_to_E2M1_scale_UE4M4_wide12: 1.280e-03 (1 inst); ScaleToFP19b_INT8_x_E2M1_UE4M4_wide22: 4.960e-04 (1 inst),2.810000e-03,CustomOperator_INT8_to_E2M1_0: 6.340e-05 (1 inst); CustomOperator_INT8_to_E2M1_1: 6.470e-05 (1 inst); CustomOperator_INT8_to_E2M1_2: 5.840e-05 (1 inst); CustomOperator_INT8_to_E2M1_3: 4.000e-05 (1 inst); FPNAdder: 4.960e-04 (1 inst); FixedFPTree_exp7_mant9_out12_vec4_range2: 1.200e-03 (1 inst); SNPS_CLOCK_GATE: 9.260e-06 (1 inst); ScaleAddition_INT8_to_E2M1_scale_UE4M4_wide12: 5.970e-04 (1 inst); ScaleToFP19b_INT8_x_E2M1_UE4M4_wide22: 1.900e-04 (1 inst),1.5974,626.0,1059,0.372,0.0366,2048,1,atfmax
baseline_act-E3M2_w-E2M1_UE6M2,baseline,E3M2,E2M1,UE6M2,643,true,-0.0500,5317.073997,CustomOperator_E3M2_to_E2M1_0: 29.6100 (1 inst); CustomOperator_E3M2_to_E2M1_1: 34.0200 (1 inst); CustomOperator_E3M2_to_E2M1_2: 57.3300 (1 inst); CustomOperator_E3M2_to_E2M1_3: 57.7080 (1 inst); FPNAdder: 1211.7420 (1 inst); FixedFPTree_exp7_mant5_out11_vec4_range8: 2536.3800 (1 inst); SNPS_CLOCK_GATE: 1.8900 (1 inst); ScaleAddition_E3M2_to_E2M1_scale_UE6M2_wide11: 787.2480 (1 inst); ScaleToFP14b_E3M2_x_E2M1_UE6M2_wide17: 514.5840 (1 inst),3.465000e-03,CustomOperator_E3M2_to_E2M1_0: 1.150e-05 (1 inst); CustomOperator_E3M2_to_E2M1_1: 1.200e-05 (1 inst); CustomOperator_E3M2_to_E2M1_2: 1.720e-05 (1 inst); CustomOperator_E3M2_to_E2M1_3: 1.840e-05 (1 inst); FPNAdder: 7.520e-04 (1 inst); FixedFPTree_exp7_mant5_out11_vec4_range8: 1.530e-03 (1 inst); SNPS_CLOCK_GATE: 6.000e-07 (1 inst); ScaleAddition_E3M2_to_E2M1_scale_UE6M2_wide11: 6.730e-04 (1 inst); ScaleToFP14b_E3M2_x_E2M1_UE6M2_wide17: 4.260e-04 (1 inst),1.978000e-03,CustomOperator_E3M2_to_E2M1_0: 2.040e-05 (1 inst); CustomOperator_E3M2_to_E2M1_1: 1.940e-05 (1 inst); CustomOperator_E3M2_to_E2M1_2: 3.070e-05 (1 inst); CustomOperator_E3M2_to_E2M1_3: 2.880e-05 (1 inst); FPNAdder: 3.800e-04 (1 inst); FixedFPTree_exp7_mant5_out11_vec4_range8: 9.660e-04 (1 inst); SNPS_CLOCK_GATE: 8.310e-06 (1 inst); ScaleAddition_E3M2_to_E2M1_scale_UE6M2_wide11: 2.750e-04 (1 inst); ScaleToFP14b_E3M2_x_E2M1_UE6M2_wide17: 1.710e-04 (1 inst),1.6052,623.0,1059,0.372,0.0366,2048,1,atfmax
baseline_act-E2M3_w-E2M3_UE5M3,baseline,E2M3,E2M3,UE5M3,643,true,-0.0300,5325.516001,CustomOperator_E2M3_to_E2M3_0: 60.4800 (1 inst); CustomOperator_E2M3_to_E2M3_1: 58.2120 (1 inst); CustomOperator_E2M3_to_E2M3_2: 78.6240 (1 inst); CustomOperator_E2M3_to_E2M3_3: 72.7020 (1 inst); FPNAdder: 1297.6740 (1 inst); FixedFPTree_exp6_mant8_out9_vec4_range4: 2223.0180 (1 inst); SNPS_CLOCK_GATE: 1.8900 (1 inst); ScaleAddition_E2M3_to_E2M3_scale_UE5M3_wide9: 921.1860 (1 inst); ScaleToFP14b_E2M3_x_E2M3_UE5M3_wide17: 523.2780 (1 inst),3.878000e-03,CustomOperator_E2M3_to_E2M3_0: 2.450e-05 (1 inst); CustomOperator_E2M3_to_E2M3_1: 2.320e-05 (1 inst); CustomOperator_E2M3_to_E2M3_2: 3.050e-05 (1 inst); CustomOperator_E2M3_to_E2M3_3: 2.540e-05 (1 inst); FPNAdder: 7.850e-04 (1 inst); FixedFPTree_exp6_mant8_out9_vec4_range4: 1.640e-03 (1 inst); SNPS_CLOCK_GATE: 5.910e-07 (1 inst); ScaleAddition_E2M3_to_E2M3_scale_UE5M3_wide9: 9.070e-04 (1 inst); ScaleToFP14b_E2M3_x_E2M3_UE5M3_wide17: 4.210e-04 (1 inst),2.500000e-03,CustomOperator_E2M3_to_E2M3_0: 3.710e-05 (1 inst); CustomOperator_E2M3_to_E2M3_1: 3.650e-05 (1 inst); CustomOperator_E2M3_to_E2M3_2: 4.860e-05 (1 inst); CustomOperator_E2M3_to_E2M3_3: 4.060e-05 (1 inst); FPNAdder: 4.180e-04 (1 inst); FixedFPTree_exp6_mant8_out9_vec4_range4: 1.160e-03 (1 inst); SNPS_CLOCK_GATE: 8.310e-06 (1 inst); ScaleAddition_E2M3_to_E2M3_scale_UE5M3_wide9: 4.760e-04 (1 inst); ScaleToFP14b_E2M3_x_E2M3_UE5M3_wide17: 1.900e-04 (1 inst),1.5852,630.8,1059,0.372,0.0366,2048,1,atfmax
baseline_act-E3M2_w-E2M3_UE6M2,baseline,E3M2,E2M3,UE6M2,643,false,-0.0900,5547.150004,CustomOperator_E3M2_to_E2M3_0: 40.8240 (1 inst); CustomOperator_E3M2_to_E2M3_1: 39.8160 (1 inst); CustomOperator_E3M2_to_E2M3_2: 71.6940 (1 inst); CustomOperator_E3M2_to_E2M3_3: 72.9540 (1 inst); FPNAdder: 1084.9860 (1 inst); FixedFPTree_exp7_mant7_out11_vec4_range8: 2969.9460 (1 inst); SNPS_CLOCK_GATE: 1.8900 (1 inst); ScaleAddition_E3M2_to_E2M3_scale_UE6M2_wide11: 739.8720 (1 inst); ScaleToFP14b_E3M2_x_E2M3_UE6M2_wide17: 441.1260 (1 inst),3.818000e-03,CustomOperator_E3M2_to_E2M3_0: 1.800e-05 (1 inst); CustomOperator_E3M2_to_E2M3_1: 1.630e-05 (1 inst); CustomOperator_E3M2_to_E2M3_2: 2.480e-05 (1 inst); CustomOperator_E3M2_to_E2M3_3: 2.200e-05 (1 inst); FPNAdder: 7.160e-04 (1 inst); FixedFPTree_exp7_mant7_out11_vec4_range8: 1.970e-03 (1 inst); SNPS_CLOCK_GATE: 6.060e-07 (1 inst); ScaleAddition_E3M2_to_E2M3_scale_UE6M2_wide11: 6.650e-04 (1 inst); ScaleToFP14b_E3M2_x_E2M3_UE6M2_wide17: 3.660e-04 (1 inst),2.340000e-03,CustomOperator_E3M2_to_E2M3_0: 2.980e-05 (1 inst); CustomOperator_E3M2_to_E2M3_1: 2.560e-05 (1 inst); CustomOperator_E3M2_to_E2M3_2: 4.120e-05 (1 inst); CustomOperator_E3M2_to_E2M3_3: 3.710e-05 (1 inst); FPNAdder: 3.840e-04 (1 inst); FixedFPTree_exp7_mant7_out11_vec4_range8: 1.290e-03 (1 inst); SNPS_CLOCK_GATE: 8.310e-06 (1 inst); ScaleAddition_E3M2_to_E2M3_scale_UE6M2_wide11: 2.980e-04 (1 inst); ScaleToFP14b_E3M2_x_E2M3_UE6M2_wide17: 1.490e-04 (1 inst),1.6452,607.8,1059,0.372,0.0366,2048,1,atfmax
baseline_act-E5M2_w-E3M2_UE8M0,baseline,E5M2,E3M2,UE8M0,643,true,0.0000,6235.110009,CustomOperator_E5M2_to_E3M2_0: 45.6120 (1 inst); CustomOperator_E5M2_to_E3M2_1: 60.4800 (1 inst); CustomOperator_E5M2_to_E3M2_2: 117.8100 (1 inst); CustomOperator_E5M2_to_E3M2_3: 128.7720 (1 inst); DirectToFP15b_E5M2_x_E3M2_UE8M0: 150.5700 (1 inst); FPNAdder: 1009.6380 (1 inst); FixedFPTree_exp7_mant6_out6_vec4_range35: 4630.2480 (1 inst); SNPS_CLOCK_GATE: 1.8900 (1 inst),3.125000e-03,CustomOperator_E5M2_to_E3M2_0: 1.860e-05 (1 inst); CustomOperator_E5M2_to_E3M2_1: 2.430e-05 (1 inst); CustomOperator_E5M2_to_E3M2_2: 4.100e-05 (1 inst); CustomOperator_E5M2_to_E3M2_3: 3.860e-05 (1 inst); DirectToFP15b_E5M2_x_E3M2_UE8M0: 1.050e-04 (1 inst); FPNAdder: 4.340e-04 (1 inst); FixedFPTree_exp7_mant6_out6_vec4_range35: 2.450e-03 (1 inst); SNPS_CLOCK_GATE: 6.040e-07 (1 inst),1.706000e-03,CustomOperator_E5M2_to_E3M2_0: 2.590e-05 (1 inst); CustomOperator_E5M2_to_E3M2_1: 3.360e-05 (1 inst); CustomOperator_E5M2_to_E3M2_2: 5.510e-05 (1 inst); CustomOperator_E5M2_to_E3M2_3: 5.260e-05 (1 inst); DirectToFP15b_E5M2_x_E3M2_UE8M0: 2.940e-05 (1 inst); FPNAdder: 2.570e-04 (1 inst); FixedFPTree_exp7_mant6_out6_vec4_range35: 1.170e-03 (1 inst); SNPS_CLOCK_GATE: 8.520e-06 (1 inst),1.5552,643.0,1059,0.372,0.0366,2048,1,atfmax
baseline_act-E5M2_w-E2M3_UE8M0,baseline,E5M2,E2M3,UE8M0,647,true,0.0000,5594.526008,CustomOperator_E5M2_to_E2M3_0: 45.3600 (1 inst); CustomOperator_E5M2_to_E2M3_1: 48.6360 (1 inst); CustomOperator_E5M2_to_E2M3_2: 87.6960 (1 inst); CustomOperator_E5M2_to_E2M3_3: 79.6320 (1 inst); DirectToFP15b_E5M2_x_E2M3_UE8M0: 122.2200 (1 inst); FPNAdder: 961.5060 (1 inst); FixedFPTree_exp7_mant7_out7_vec4_range31: 4159.3860 (1 inst); SNPS_CLOCK_GATE: 1.8900 (1 inst),3.148000e-03,CustomOperator_E5M2_to_E2M3_0: 1.660e-05 (1 inst); CustomOperator_E5M2_to_E2M3_1: 1.890e-05 (1 inst); CustomOperator_E5M2_to_E2M3_2: 2.600e-05 (1 inst); CustomOperator_E5M2_to_E2M3_3: 2.270e-05 (1 inst); DirectToFP15b_E5M2_x_E2M3_UE8M0: 8.130e-05 (1 inst); FPNAdder: 4.220e-04 (1 inst); FixedFPTree_exp7_mant7_out7_vec4_range31: 2.550e-03 (1 inst); SNPS_CLOCK_GATE: 6.050e-07 (1 inst),1.690000e-03,CustomOperator_E5M2_to_E2M3_0: 2.590e-05 (1 inst); CustomOperator_E5M2_to_E2M3_1: 2.970e-05 (1 inst); CustomOperator_E5M2_to_E2M3_2: 4.240e-05 (1 inst); CustomOperator_E5M2_to_E2M3_3: 3.840e-05 (1 inst); DirectToFP15b_E5M2_x_E2M3_UE8M0: 2.810e-05 (1 inst); FPNAdder: 2.580e-04 (1 inst); FixedFPTree_exp7_mant7_out7_vec4_range31: 1.180e-03 (1 inst); SNPS_CLOCK_GATE: 8.570e-06 (1 inst),1.5456,647.0,1059,0.372,0.0366,2048,1,atfmax
baseline_act-INT8_w-E3M2_UE6M2,baseline,INT8,E3M2,UE6M2,647,false,-0.1000,6112.386001,CustomOperator_INT8_to_E3M2_0: 111.5100 (1 inst); CustomOperator_INT8_to_E3M2_1: 104.2020 (1 inst); CustomOperator_INT8_to_E3M2_2: 103.8240 (1 inst); CustomOperator_INT8_to_E3M2_3: 102.6900 (1 inst); FPNAdder: 1332.3240 (1 inst); FixedFPTree_exp7_mant10_out16_vec4_range6: 2765.7000 (1 inst); SNPS_CLOCK_GATE: 1.8900 (1 inst); ScaleAddition_INT8_to_E3M2_scale_UE6M2_wide16: 896.9940 (1 inst); ScaleToFP19b_INT8_x_E3M2_UE6M2_wide22: 591.9480 (1 inst),4.467000e-03,CustomOperator_INT8_to_E3M2_0: 5.160e-05 (1 inst); CustomOperator_INT8_to_E3M2_1: 4.720e-05 (1 inst); CustomOperator_INT8_to_E3M2_2: 4.590e-05 (1 inst); CustomOperator_INT8_to_E3M2_3: 4.300e-05 (1 inst); FPNAdder: 8.180e-04 (1 inst); FixedFPTree_exp7_mant10_out16_vec4_range6: 2.160e-03 (1 inst); SNPS_CLOCK_GATE: 6.460e-07 (1 inst); ScaleAddition_INT8_to_E3M2_scale_UE6M2_wide16: 8.090e-04 (1 inst); ScaleToFP19b_INT8_x_E3M2_UE6M2_wide22: 4.700e-04 (1 inst),2.763000e-03,CustomOperator_INT8_to_E3M2_0: 7.550e-05 (1 inst); CustomOperator_INT8_to_E3M2_1: 6.720e-05 (1 inst); CustomOperator_INT8_to_E3M2_2: 6.530e-05 (1 inst); CustomOperator_INT8_to_E3M2_3: 6.180e-05 (1 inst); FPNAdder: 4.130e-04 (1 inst); FixedFPTree_exp7_mant10_out16_vec4_range6: 1.470e-03 (1 inst); SNPS_CLOCK_GATE: 9.390e-06 (1 inst); ScaleAddition_INT8_to_E3M2_scale_UE6M2_wide16: 3.150e-04 (1 inst); ScaleToFP19b_INT8_x_E3M2_UE6M2_wide22: 1.970e-04 (1 inst),1.6456,607.7,1059,0.372,0.0366,2048,1,atfmax
baseline_act-INT8_w-E2M3_UE6M2,baseline,INT8,E2M3,UE6M2,647,false,-0.0600,7069.355993,CustomOperator_INT8_to_E2M3_0: 323.3160 (1 inst); CustomOperator_INT8_to_E2M3_1: 261.9540 (1 inst); CustomOperator_INT8_to_E2M3_2: 337.5540 (1 inst); CustomOperator_INT8_to_E2M3_3: 221.3820 (1 inst); FPNAdder: 1492.0920 (1 inst); FixedFPTree_exp7_mant11_out16_vec4_range2: 2673.3420 (1 inst); SNPS_CLOCK_GATE: 1.8900 (1 inst); ScaleAddition_INT8_to_E2M3_scale_UE6M2_wide16: 1052.3520 (1 inst); ScaleToFP19b_INT8_x_E2M3_UE6M2_wide22: 601.9020 (1 inst),4.642000e-03,CustomOperator_INT8_to_E2M3_0: 1.590e-04 (1 inst); CustomOperator_INT8_to_E2M3_1: 1.210e-04 (1 inst); CustomOperator_INT8_to_E2M3_2: 1.590e-04 (1 inst); CustomOperator_INT8_to_E2M3_3: 1.060e-04 (1 inst); FPNAdder: 9.170e-04 (1 inst); FixedFPTree_exp7_mant11_out16_vec4_range2: 1.790e-03 (1 inst); SNPS_CLOCK_GATE: 6.560e-07 (1 inst); ScaleAddition_INT8_to_E2M3_scale_UE6M2_wide16: 8.990e-04 (1 inst); ScaleToFP19b_INT8_x_E2M3_UE6M2_wide22: 4.650e-04 (1 inst),3.147000e-03,CustomOperator_INT8_to_E2M3_0: 1.830e-04 (1 inst); CustomOperator_INT8_to_E2M3_1: 1.410e-04 (1 inst); CustomOperator_INT8_to_E2M3_2: 1.890e-04 (1 inst); CustomOperator_INT8_to_E2M3_3: 1.240e-04 (1 inst); FPNAdder: 4.560e-04 (1 inst); FixedFPTree_exp7_mant11_out16_vec4_range2: 1.330e-03 (1 inst); SNPS_CLOCK_GATE: 9.390e-06 (1 inst); ScaleAddition_INT8_to_E2M3_scale_UE6M2_wide16: 4.380e-04 (1 inst); ScaleToFP19b_INT8_x_E2M3_UE6M2_wide22: 1.850e-04 (1 inst),1.6056,622.8,1059,0.372,0.0366,2048,1,atfmax
baseline_act-E4M3_w-E2M1_UE7M1,baseline,E4M3,E2M1,UE7M1,651,false,-0.1300,6356.070003,CustomOperator_E4M3_to_E2M1_0: 39.8160 (1 inst); CustomOperator_E4M3_to_E2M1_1: 45.3600 (1 inst); CustomOperator_E4M3_to_E2M1_2: 79.0020 (1 inst); CustomOperator_E4M3_to_E2M1_3: 84.7980 (1 inst); FPNAdder: 1176.3360 (1 inst); FixedFPTree_exp7_mant6_out13_vec4_range16: 3859.0020 (1 inst); SNPS_CLOCK_GATE: 1.8900 (1 inst); ScaleAddition_E4M3_to_E2M1_scale_UE7M1_wide13: 475.3980 (1 inst); ScaleToFP14b_E4M3_x_E2M1_UE7M1_wide17: 504.0000 (1 inst),4.089000e-03,CustomOperator_E4M3_to_E2M1_0: 1.380e-05 (1 inst); CustomOperator_E4M3_to_E2M1_1: 1.620e-05 (1 inst); CustomOperator_E4M3_to_E2M1_2: 2.470e-05 (1 inst); CustomOperator_E4M3_to_E2M1_3: 2.370e-05 (1 inst); FPNAdder: 7.340e-04 (1 inst); FixedFPTree_exp7_mant6_out13_vec4_range16: 2.470e-03 (1 inst); SNPS_CLOCK_GATE: 6.050e-07 (1 inst); ScaleAddition_E4M3_to_E2M1_scale_UE7M1_wide13: 4.100e-04 (1 inst); ScaleToFP14b_E4M3_x_E2M1_UE7M1_wide17: 3.770e-04 (1 inst),2.235000e-03,CustomOperator_E4M3_to_E2M1_0: 2.200e-05 (1 inst); CustomOperator_E4M3_to_E2M1_1: 2.500e-05 (1 inst); CustomOperator_E4M3_to_E2M1_2: 4.230e-05 (1 inst); CustomOperator_E4M3_to_E2M1_3: 3.990e-05 (1 inst); FPNAdder: 3.900e-04 (1 inst); FixedFPTree_exp7_mant6_out13_vec4_range16: 1.290e-03 (1 inst); SNPS_CLOCK_GATE: 8.420e-06 (1 inst); ScaleAddition_E4M3_to_E2M1_scale_UE7M1_wide13: 1.750e-04 (1 inst); ScaleToFP14b_E4M3_x_E2M1_UE7M1_wide17: 1.660e-04 (1 inst),1.6661,600.2,1059,0.372,0.0366,2048,1,atfmax
baseline_act-INT8_w-E2M1_UE5M3,baseline,INT8,E2M1,UE5M3,651,false,-0.0700,6715.800000,CustomOperator_INT8_to_E2M1_0: 88.2000 (1 inst); CustomOperator_INT8_to_E2M1_1: 79.7580 (1 inst); CustomOperator_INT8_to_E2M1_2: 71.1900 (1 inst); CustomOperator_INT8_to_E2M1_3: 54.4320 (1 inst); FPNAdder: 1671.7680 (1 inst); FixedFPTree_exp7_mant9_out14_vec4_range2: 2552.8860 (1 inst); SNPS_CLOCK_GATE: 1.8900 (1 inst); ScaleAddition_INT8_to_E2M1_scale_UE5M3_wide14: 1456.6860 (1 inst); ScaleToFP19b_INT8_x_E2M1_UE5M3_wide22: 629.1180 (1 inst),4.537000e-03,CustomOperator_INT8_to_E2M1_0: 3.440e-05 (1 inst); CustomOperator_INT8_to_E2M1_1: 3.220e-05 (1 inst); CustomOperator_INT8_to_E2M1_2: 2.810e-05 (1 inst); CustomOperator_INT8_to_E2M1_3: 1.920e-05 (1 inst); FPNAdder: 1.070e-03 (1 inst); FixedFPTree_exp7_mant9_out14_vec4_range2: 1.580e-03 (1 inst); SNPS_CLOCK_GATE: 6.570e-07 (1 inst); ScaleAddition_INT8_to_E2M1_scale_UE5M3_wide14: 1.260e-03 (1 inst); ScaleToFP19b_INT8_x_E2M1_UE5M3_wide22: 4.890e-04 (1 inst),2.859000e-03,CustomOperator_INT8_to_E2M1_0: 5.470e-05 (1 inst); CustomOperator_INT8_to_E2M1_1: 4.570e-05 (1 inst); CustomOperator_INT8_to_E2M1_2: 4.450e-05 (1 inst); CustomOperator_INT8_to_E2M1_3: 2.800e-05 (1 inst); FPNAdder: 5.500e-04 (1 inst); FixedFPTree_exp7_mant9_out14_vec4_range2: 1.250e-03 (1 inst); SNPS_CLOCK_GATE: 9.460e-06 (1 inst); ScaleAddition_INT8_to_E2M1_scale_UE5M3_wide14: 5.770e-04 (1 inst); ScaleToFP19b_INT8_x_E2M1_UE5M3_wide22: 2.020e-04 (1 inst),1.6061,622.6,1059,0.372,0.0366,2048,1,atfmax
baseline_act-INT8_w-INT8_UE6M2,baseline,INT8,INT8,UE6M2,660,true,-0.0200,6806.645999,CustomOperator_INT8_to_INT8_0: 582.2460 (1 inst); CustomOperator_INT8_to_INT8_1: 561.2040 (1 inst); CustomOperator_INT8_to_INT8_2: 507.0240 (1 inst); CustomOperator_INT8_to_INT8_3: 417.8160 (1 inst); FPNAdder: 1524.2220 (1 inst); FixedFPTree_exp8_mant14_out16_vec4_range0: 1311.2820 (1 inst); SNPS_CLOCK_GATE: 1.8900 (1 inst); ScaleAddition_INT8_to_INT8_scale_UE6M2_wide16: 1102.3740 (1 inst); ScaleToFP19b_INT8_x_INT8_UE6M2_wide22: 693.1260 (1 inst),5.246000e-03,CustomOperator_INT8_to_INT8_0: 3.740e-04 (1 inst); CustomOperator_INT8_to_INT8_1: 3.560e-04 (1 inst); CustomOperator_INT8_to_INT8_2: 3.220e-04 (1 inst); CustomOperator_INT8_to_INT8_3: 2.660e-04 (1 inst); FPNAdder: 9.990e-04 (1 inst); FixedFPTree_exp8_mant14_out16_vec4_range0: 1.300e-03 (1 inst); SNPS_CLOCK_GATE: 6.530e-07 (1 inst); ScaleAddition_INT8_to_INT8_scale_UE6M2_wide16: 1.040e-03 (1 inst); ScaleToFP19b_INT8_x_INT8_UE6M2_wide22: 5.570e-04 (1 inst),3.518000e-03,CustomOperator_INT8_to_INT8_0: 3.730e-04 (1 inst); CustomOperator_INT8_to_INT8_1: 3.650e-04 (1 inst); CustomOperator_INT8_to_INT8_2: 3.390e-04 (1 inst); CustomOperator_INT8_to_INT8_3: 2.720e-04 (1 inst); FPNAdder: 5.140e-04 (1 inst); FixedFPTree_exp8_mant14_out16_vec4_range0: 8.150e-04 (1 inst); SNPS_CLOCK_GATE: 9.570e-06 (1 inst); ScaleAddition_INT8_to_INT8_scale_UE6M2_wide16: 5.010e-04 (1 inst); ScaleToFP19b_INT8_x_INT8_UE6M2_wide22: 2.270e-04 (1 inst),1.5352,651.4,1059,0.372,0.0366,2048,1,atfmax
baseline_act-E2M3_w-E2M1_UE5M3,baseline,E2M3,E2M1,UE5M3,664,false,-0.0600,5054.994001,CustomOperator_E2M3_to_E2M1_0: 25.5780 (1 inst); CustomOperator_E2M3_to_E2M1_1: 24.9480 (1 inst); CustomOperator_E2M3_to_E2M1_2: 46.8720 (1 inst); CustomOperator_E2M3_to_E2M1_3: 39.1860 (1 inst); FPNAdder: 1270.5840 (1 inst); FixedFPTree_exp6_mant6_out9_vec4_range4: 1960.9380 (1 inst); SNPS_CLOCK_GATE: 1.8900 (1 inst); ScaleAddition_E2M3_to_E2M1_scale_UE5M3_wide9: 1030.0500 (1 inst); ScaleToFP14b_E2M3_x_E2M1_UE5M3_wide17: 566.1180 (1 inst),3.376000e-03,CustomOperator_E2M3_to_E2M1_0: 1.020e-05 (1 inst); CustomOperator_E2M3_to_E2M1_1: 9.160e-06 (1 inst); CustomOperator_E2M3_to_E2M1_2: 1.490e-05 (1 inst); CustomOperator_E2M3_to_E2M1_3: 1.280e-05 (1 inst); FPNAdder: 7.400e-04 (1 inst); FixedFPTree_exp6_mant6_out9_vec4_range4: 1.290e-03 (1 inst); SNPS_CLOCK_GATE: 6.020e-07 (1 inst); ScaleAddition_E2M3_to_E2M1_scale_UE5M3_wide9: 8.660e-04 (1 inst); ScaleToFP14b_E2M3_x_E2M1_UE5M3_wide17: 4.110e-04 (1 inst),2.240000e-03,CustomOperator_E2M3_to_E2M1_0: 1.870e-05 (1 inst); CustomOperator_E2M3_to_E2M1_1: 1.700e-05 (1 inst); CustomOperator_E2M3_to_E2M1_2: 3.000e-05 (1 inst); CustomOperator_E2M3_to_E2M1_3: 2.330e-05 (1 inst); FPNAdder: 4.160e-04 (1 inst); FixedFPTree_exp6_mant6_out9_vec4_range4: 9.450e-04 (1 inst); SNPS_CLOCK_GATE: 8.590e-06 (1 inst); ScaleAddition_E2M3_to_E2M1_scale_UE5M3_wide9: 4.800e-04 (1 inst); ScaleToFP14b_E2M3_x_E2M1_UE5M3_wide17: 2.180e-04 (1 inst),1.5660,638.6,1059,0.372,0.0366,2048,1,atfmax
baseline_act-E3M2_w-E3M2_UE7M1,baseline,E3M2,E3M2,UE7M1,664,false,-0.1400,5884.199999,CustomOperator_E3M2_to_E3M2_0: 45.7380 (1 inst); CustomOperator_E3M2_to_E3M2_1: 73.3320 (1 inst); CustomOperator_E3M2_to_E3M2_2: 109.4940 (1 inst); CustomOperator_E3M2_to_E3M2_3: 108.8640 (1 inst); FPNAdder: 1055.6280 (1 inst); FixedFPTree_exp7_mant6_out13_vec4_range12: 3435.6420 (1 inst); SNPS_CLOCK_GATE: 1.8900 (1 inst); ScaleAddition_E3M2_to_E3M2_scale_UE7M1_wide13: 495.4320 (1 inst); ScaleToFP14b_E3M2_x_E3M2_UE7M1_wide17: 473.0040 (1 inst),3.829000e-03,CustomOperator_E3M2_to_E3M2_0: 1.760e-05 (1 inst); CustomOperator_E3M2_to_E3M2_1: 2.630e-05 (1 inst); CustomOperator_E3M2_to_E3M2_2: 3.720e-05 (1 inst); CustomOperator_E3M2_to_E3M2_3: 3.910e-05 (1 inst); FPNAdder: 6.490e-04 (1 inst); FixedFPTree_exp7_mant6_out13_vec4_range12: 2.250e-03 (1 inst); SNPS_CLOCK_GATE: 5.810e-07 (1 inst); ScaleAddition_E3M2_to_E3M2_scale_UE7M1_wide13: 4.250e-04 (1 inst); ScaleToFP14b_E3M2_x_E3M2_UE7M1_wide17: 3.600e-04 (1 inst),2.288000e-03,CustomOperator_E3M2_to_E3M2_0: 2.600e-05 (1 inst); CustomOperator_E3M2_to_E3M2_1: 3.860e-05 (1 inst); CustomOperator_E3M2_to_E3M2_2: 5.450e-05 (1 inst); CustomOperator_E3M2_to_E3M2_3: 5.320e-05 (1 inst); FPNAdder: 3.460e-04 (1 inst); FixedFPTree_exp7_mant6_out13_vec4_range12: 1.340e-03 (1 inst); SNPS_CLOCK_GATE: 8.590e-06 (1 inst); ScaleAddition_E3M2_to_E3M2_scale_UE7M1_wide13: 1.820e-04 (1 inst); ScaleToFP14b_E3M2_x_E3M2_UE7M1_wide17: 1.570e-04 (1 inst),1.6460,607.5,1059,0.372,0.0366,2048,1,atfmax
baseline_act-E5M2_w-E2M1_UE8M0,baseline,E5M2,E2M1,UE8M0,664,true,0.0000,6185.213999,CustomOperator_E5M2_to_E2M1_0: 27.0900 (1 inst); CustomOperator_E5M2_to_E2M1_1: 36.6660 (1 inst); CustomOperator_E5M2_to_E2M1_2: 86.3100 (1 inst); CustomOperator_E5M2_to_E2M1_3: 82.4040 (1 inst); DirectToFP15b_E5M2_x_E2M1_UE8M0: 141.7500 (1 inst); FPNAdder: 1115.4780 (1 inst); FixedFPTree_exp7_mant5_out5_vec4_range31: 4602.9060 (1 inst); SNPS_CLOCK_GATE: 1.8900 (1 inst),2.892000e-03,CustomOperator_E5M2_to_E2M1_0: 1.060e-05 (1 inst); CustomOperator_E5M2_to_E2M1_1: 1.210e-05 (1 inst); CustomOperator_E5M2_to_E2M1_2: 2.140e-05 (1 inst); CustomOperator_E5M2_to_E2M1_3: 2.130e-05 (1 inst); DirectToFP15b_E5M2_x_E2M1_UE8M0: 9.730e-05 (1 inst); FPNAdder: 4.640e-04 (1 inst); FixedFPTree_exp7_mant5_out5_vec4_range31: 2.250e-03 (1 inst); SNPS_CLOCK_GATE: 6.140e-07 (1 inst),1.695000e-03,CustomOperator_E5M2_to_E2M1_0: 1.780e-05 (1 inst); CustomOperator_E5M2_to_E2M1_1: 1.940e-05 (1 inst); CustomOperator_E5M2_to_E2M1_2: 3.850e-05 (1 inst); CustomOperator_E5M2_to_E2M1_3: 3.720e-05 (1 inst); DirectToFP15b_E5M2_x_E2M1_UE8M0: 3.890e-05 (1 inst); FPNAdder: 2.840e-04 (1 inst); FixedFPTree_exp7_mant5_out5_vec4_range31: 1.180e-03 (1 inst); SNPS_CLOCK_GATE: 8.800e-06 (1 inst),1.5060,664.0,1059,0.372,0.0366,2048,1,atfmax
baseline_act-E4M3_w-E3M2_UE8M0,baseline,E4M3,E3M2,UE8M0,668,true,0.0000,5413.967999,CustomOperator_E4M3_to_E3M2_0: 46.4940 (1 inst); CustomOperator_E4M3_to_E3M2_1: 49.7700 (1 inst); CustomOperator_E4M3_to_E3M2_2: 99.7920 (1 inst); CustomOperator_E4M3_to_E3M2_3: 103.0680 (1 inst); DirectToFP14b_E4M3_x_E3M2_UE8M0: 148.8060 (1 inst); FPNAdder: 1067.2200 (1 inst); FixedFPTree_exp7_mant7_out7_vec4_range20: 3812.8860 (1 inst); SNPS_CLOCK_GATE: 1.8900 (1 inst),3.153000e-03,CustomOperator_E4M3_to_E3M2_0: 1.920e-05 (1 inst); CustomOperator_E4M3_to_E3M2_1: 1.990e-05 (1 inst); CustomOperator_E4M3_to_E3M2_2: 3.580e-05 (1 inst); CustomOperator_E4M3_to_E3M2_3: 3.850e-05 (1 inst); DirectToFP14b_E4M3_x_E3M2_UE8M0: 1.030e-04 (1 inst); FPNAdder: 4.950e-04 (1 inst); FixedFPTree_exp7_mant7_out7_vec4_range20: 2.430e-03 (1 inst); SNPS_CLOCK_GATE: 5.870e-07 (1 inst),1.855000e-03,CustomOperator_E4M3_to_E3M2_0: 2.750e-05 (1 inst); CustomOperator_E4M3_to_E3M2_1: 2.630e-05 (1 inst); CustomOperator_E4M3_to_E3M2_2: 5.120e-05 (1 inst); CustomOperator_E4M3_to_E3M2_3: 5.510e-05 (1 inst); DirectToFP14b_E4M3_x_E3M2_UE8M0: 2.770e-05 (1 inst); FPNAdder: 2.710e-04 (1 inst); FixedFPTree_exp7_mant7_out7_vec4_range20: 1.310e-03 (1 inst); SNPS_CLOCK_GATE: 8.630e-06 (1 inst),1.4970,668.0,1059,0.372,0.0366,2048,1,atfmax
baseline_act-E3M2_w-E2M3_UE7M1,baseline,E3M2,E2M3,UE7M1,668,false,-0.1000,5902.848004,CustomOperator_E3M2_to_E2M3_0: 44.3520 (1 inst); CustomOperator_E3M2_to_E2M3_1: 57.9600 (1 inst); CustomOperator_E3M2_to_E2M3_2: 77.7420 (1 inst); CustomOperator_E3M2_to_E2M3_3: 88.3260 (1 inst); FPNAdder: 1196.7480 (1 inst); FixedFPTree_exp7_mant7_out13_vec4_range8: 3369.2400 (1 inst); SNPS_CLOCK_GATE: 1.8900 (1 inst); ScaleAddition_E3M2_to_E2M3_scale_UE7M1_wide13: 478.1700 (1 inst); ScaleToFP14b_E3M2_x_E2M3_UE7M1_wide17: 503.4960 (1 inst),3.799000e-03,CustomOperator_E3M2_to_E2M3_0: 1.950e-05 (1 inst); CustomOperator_E3M2_to_E2M3_1: 2.030e-05 (1 inst); CustomOperator_E3M2_to_E2M3_2: 2.440e-05 (1 inst); CustomOperator_E3M2_to_E2M3_3: 2.710e-05 (1 inst); FPNAdder: 6.870e-04 (1 inst); FixedFPTree_exp7_mant7_out13_vec4_range8: 2.200e-03 (1 inst); SNPS_CLOCK_GATE: 5.860e-07 (1 inst); ScaleAddition_E3M2_to_E2M3_scale_UE7M1_wide13: 4.080e-04 (1 inst); ScaleToFP14b_E3M2_x_E2M3_UE7M1_wide17: 3.880e-04 (1 inst),2.430000e-03,CustomOperator_E3M2_to_E2M3_0: 3.340e-05 (1 inst); CustomOperator_E3M2_to_E2M3_1: 3.450e-05 (1 inst); CustomOperator_E3M2_to_E2M3_2: 4.340e-05 (1 inst); CustomOperator_E3M2_to_E2M3_3: 4.920e-05 (1 inst); FPNAdder: 3.690e-04 (1 inst); FixedFPTree_exp7_mant7_out13_vec4_range8: 1.470e-03 (1 inst); SNPS_CLOCK_GATE: 8.630e-06 (1 inst); ScaleAddition_E3M2_to_E2M3_scale_UE7M1_wide13: 1.760e-04 (1 inst); ScaleToFP14b_E3M2_x_E2M3_UE7M1_wide17: 1.660e-04 (1 inst),1.5970,626.2,1059,0.372,0.0366,2048,1,atfmax
baseline_act-E4M3_w-E4M3_UE8M0,baseline,E4M3,E4M3,UE8M0,668,true,0.0000,6518.484001,CustomOperator_E4M3_to_E4M3_0: 60.1020 (1 inst); CustomOperator_E4M3_to_E4M3_1: 68.7960 (1 inst); CustomOperator_E4M3_to_E4M3_2: 145.2780 (1 inst); CustomOperator_E4M3_to_E4M3_3: 140.4900 (1 inst); DirectToFP14b_E4M3_x_E4M3_UE8M0: 169.2180 (1 inst); FPNAdder: 1083.7260 (1 inst); FixedFPTree_exp7_mant8_out8_vec4_range28: 4751.8380 (1 inst); SNPS_CLOCK_GATE: 1.8900 (1 inst),3.729000e-03,CustomOperator_E4M3_to_E4M3_0: 2.360e-05 (1 inst); CustomOperator_E4M3_to_E4M3_1: 2.760e-05 (1 inst); CustomOperator_E4M3_to_E4M3_2: 5.560e-05 (1 inst); CustomOperator_E4M3_to_E4M3_3: 5.360e-05 (1 inst); DirectToFP14b_E4M3_x_E4M3_UE8M0: 1.210e-04 (1 inst); FPNAdder: 5.040e-04 (1 inst); FixedFPTree_exp7_mant8_out8_vec4_range28: 2.920e-03 (1 inst); SNPS_CLOCK_GATE: 5.930e-07 (1 inst),2.025000e-03,CustomOperator_E4M3_to_E4M3_0: 3.240e-05 (1 inst); CustomOperator_E4M3_to_E4M3_1: 3.580e-05 (1 inst); CustomOperator_E4M3_to_E4M3_2: 7.060e-05 (1 inst); CustomOperator_E4M3_to_E4M3_3: 6.340e-05 (1 inst); DirectToFP14b_E4M3_x_E4M3_UE8M0: 3.680e-05 (1 inst); FPNAdder: 3.090e-04 (1 inst); FixedFPTree_exp7_mant8_out8_vec4_range28: 1.390e-03 (1 inst); SNPS_CLOCK_GATE: 8.630e-06 (1 inst),1.4970,668.0,1059,0.372,0.0366,2048,1,atfmax
baseline_act-E2M3_w-E2M1_UE6M2,baseline,E2M3,E2M1,UE6M2,673,true,-0.0200,4820.886000,CustomOperator_E2M3_to_E2M1_0: 26.0820 (1 inst); CustomOperator_E2M3_to_E2M1_1: 27.5940 (1 inst); CustomOperator_E2M3_to_E2M1_2: 49.1400 (1 inst); CustomOperator_E2M3_to_E2M1_3: 43.8480 (1 inst); FPNAdder: 1236.6900 (1 inst); FixedFPTree_exp6_mant6_out11_vec4_range4: 2085.5520 (1 inst); SNPS_CLOCK_GATE: 1.8900 (1 inst); ScaleAddition_E2M3_to_E2M1_scale_UE6M2_wide11: 783.4680 (1 inst); ScaleToFP14b_E2M3_x_E2M1_UE6M2_wide17: 477.9180 (1 inst),3.202000e-03,CustomOperator_E2M3_to_E2M1_0: 9.400e-06 (1 inst); CustomOperator_E2M3_to_E2M1_1: 9.850e-06 (1 inst); CustomOperator_E2M3_to_E2M1_2: 1.520e-05 (1 inst); CustomOperator_E2M3_to_E2M1_3: 1.230e-05 (1 inst); FPNAdder: 8.050e-04 (1 inst); FixedFPTree_exp6_mant6_out11_vec4_range4: 1.330e-03 (1 inst); SNPS_CLOCK_GATE: 5.960e-07 (1 inst); ScaleAddition_E2M3_to_E2M1_scale_UE6M2_wide11: 6.200e-04 (1 inst); ScaleToFP14b_E2M3_x_E2M1_UE6M2_wide17: 3.800e-04 (1 inst),2.071000e-03,CustomOperator_E2M3_to_E2M1_0: 1.700e-05 (1 inst); CustomOperator_E2M3_to_E2M1_1: 1.830e-05 (1 inst); CustomOperator_E2M3_to_E2M1_2: 3.040e-05 (1 inst); CustomOperator_E2M3_to_E2M1_3: 2.320e-05 (1 inst); FPNAdder: 4.130e-04 (1 inst); FixedFPTree_exp6_mant6_out11_vec4_range4: 1.010e-03 (1 inst); SNPS_CLOCK_GATE: 8.700e-06 (1 inst); ScaleAddition_E2M3_to_E2M1_scale_UE6M2_wide11: 3.110e-04 (1 inst); ScaleToFP14b_E2M3_x_E2M1_UE6M2_wide17: 1.620e-04 (1 inst),1.5059,664.1,1059,0.372,0.0366,2048,1,atfmax
baseline_act-INT8_w-E3M2_UE7M1,baseline,INT8,E3M2,UE7M1,673,false,-0.0700,6282.737996,CustomOperator_INT8_to_E3M2_0: 157.2480 (1 inst); CustomOperator_INT8_to_E3M2_1: 204.8760 (1 inst); CustomOperator_INT8_to_E3M2_2: 185.4720 (1 inst); CustomOperator_INT8_to_E3M2_3: 182.9520 (1 inst); FPNAdder: 1371.8880 (1 inst); FixedFPTree_exp7_mant10_out18_vec4_range6: 2811.3120 (1 inst); SNPS_CLOCK_GATE: 1.8900 (1 inst); ScaleAddition_INT8_to_E3M2_scale_UE7M1_wide18: 624.4560 (1 inst); ScaleToFP19b_INT8_x_E3M2_UE7M1_wide22: 640.2060 (1 inst),4.201000e-03,CustomOperator_INT8_to_E3M2_0: 7.190e-05 (1 inst); CustomOperator_INT8_to_E3M2_1: 8.800e-05 (1 inst); CustomOperator_INT8_to_E3M2_2: 7.970e-05 (1 inst); CustomOperator_INT8_to_E3M2_3: 7.930e-05 (1 inst); FPNAdder: 8.010e-04 (1 inst); FixedFPTree_exp7_mant10_out18_vec4_range6: 2.120e-03 (1 inst); SNPS_CLOCK_GATE: 6.560e-07 (1 inst); ScaleAddition_INT8_to_E3M2_scale_UE7M1_wide18: 4.980e-04 (1 inst); ScaleToFP19b_INT8_x_E3M2_UE7M1_wide22: 4.380e-04 (1 inst),2.913000e-03,CustomOperator_INT8_to_E3M2_0: 1.060e-04 (1 inst); CustomOperator_INT8_to_E3M2_1: 1.320e-04 (1 inst); CustomOperator_INT8_to_E3M2_2: 1.230e-04 (1 inst); CustomOperator_INT8_to_E3M2_3: 1.180e-04 (1 inst); FPNAdder: 4.260e-04 (1 inst); FixedFPTree_exp7_mant10_out18_vec4_range6: 1.480e-03 (1 inst); SNPS_CLOCK_GATE: 9.770e-06 (1 inst); ScaleAddition_INT8_to_E3M2_scale_UE7M1_wide18: 2.170e-04 (1 inst); ScaleToFP19b_INT8_x_E3M2_UE7M1_wide22: 2.060e-04 (1 inst),1.5559,642.7,1059,0.372,0.0366,2048,1,atfmax
baseline_act-E2M3_w-E2M3_UE6M2,baseline,E2M3,E2M3,UE6M2,677,false,-0.0600,5090.147999,CustomOperator_E2M3_to_E2M3_0: 56.3220 (1 inst); CustomOperator_E2M3_to_E2M3_1: 53.6760 (1 inst); CustomOperator_E2M3_to_E2M3_2: 76.3560 (1 inst); CustomOperator_E2M3_to_E2M3_3: 81.3960 (1 inst); FPNAdder: 1040.7600 (1 inst); FixedFPTree_exp6_mant8_out11_vec4_range4: 2477.6640 (1 inst); SNPS_CLOCK_GATE: 1.8900 (1 inst); ScaleAddition_E2M3_to_E2M3_scale_UE6M2_wide11: 784.2240 (1 inst); ScaleToFP14b_E2M3_x_E2M3_UE6M2_wide17: 430.7940 (1 inst),3.656000e-03,CustomOperator_E2M3_to_E2M3_0: 2.270e-05 (1 inst); CustomOperator_E2M3_to_E2M3_1: 1.820e-05 (1 inst); CustomOperator_E2M3_to_E2M3_2: 2.450e-05 (1 inst); CustomOperator_E2M3_to_E2M3_3: 2.930e-05 (1 inst); FPNAdder: 6.760e-04 (1 inst); FixedFPTree_exp6_mant8_out11_vec4_range4: 1.780e-03 (1 inst); SNPS_CLOCK_GATE: 5.970e-07 (1 inst); ScaleAddition_E2M3_to_E2M3_scale_UE6M2_wide11: 6.960e-04 (1 inst); ScaleToFP14b_E2M3_x_E2M3_UE6M2_wide17: 3.880e-04 (1 inst),2.472000e-03,CustomOperator_E2M3_to_E2M3_0: 3.770e-05 (1 inst); CustomOperator_E2M3_to_E2M3_1: 3.050e-05 (1 inst); CustomOperator_E2M3_to_E2M3_2: 4.380e-05 (1 inst); CustomOperator_E2M3_to_E2M3_3: 4.830e-05 (1 inst); FPNAdder: 3.700e-04 (1 inst); FixedFPTree_exp6_mant8_out11_vec4_range4: 1.310e-03 (1 inst); SNPS_CLOCK_GATE: 8.750e-06 (1 inst); ScaleAddition_E2M3_to_E2M3_scale_UE6M2_wide11: 3.710e-04 (1 inst); ScaleToFP14b_E2M3_x_E2M3_UE6M2_wide17: 1.670e-04 (1 inst),1.5371,650.6,1059,0.372,0.0366,2048,1,atfmax
baseline_act-E4M3_w-E2M3_UE8M0,baseline,E4M3,E2M3,UE8M0,682,true,0.0000,4404.204000,CustomOperator_E4M3_to_E2M3_0: 53.9280 (1 inst); CustomOperator_E4M3_to_E2M3_1: 56.9520 (1 inst); CustomOperator_E4M3_to_E2M3_2: 78.1200 (1 inst); CustomOperator_E4M3_to_E2M3_3: 79.7580 (1 inst); DirectToFP14b_E4M3_x_E2M3_UE8M0: 152.2080 (1 inst); FPNAdder: 892.4580 (1 inst); FixedFPTree_exp7_mant8_out8_vec4_range16: 3009.3840 (1 inst); SNPS_CLOCK_GATE: 1.8900 (1 inst),2.725000e-03,CustomOperator_E4M3_to_E2M3_0: 2.220e-05 (1 inst); CustomOperator_E4M3_to_E2M3_1: 2.160e-05 (1 inst); CustomOperator_E4M3_to_E2M3_2: 2.740e-05 (1 inst); CustomOperator_E4M3_to_E2M3_3: 2.750e-05 (1 inst); DirectToFP14b_E4M3_x_E2M3_UE8M0: 1.060e-04 (1 inst); FPNAdder: 4.310e-04 (1 inst); FixedFPTree_exp7_mant8_out8_vec4_range16: 2.080e-03 (1 inst); SNPS_CLOCK_GATE: 5.900e-07 (1 inst),1.700000e-03,CustomOperator_E4M3_to_E2M3_0: 3.620e-05 (1 inst); CustomOperator_E4M3_to_E2M3_1: 3.410e-05 (1 inst); CustomOperator_E4M3_to_E2M3_2: 4.510e-05 (1 inst); CustomOperator_E4M3_to_E2M3_3: 4.530e-05 (1 inst); DirectToFP14b_E4M3_x_E2M3_UE8M0: 3.650e-05 (1 inst); FPNAdder: 2.720e-04 (1 inst); FixedFPTree_exp7_mant8_out8_vec4_range16: 1.140e-03 (1 inst); SNPS_CLOCK_GATE: 8.820e-06 (1 inst),1.4663,682.0,1059,0.372,0.0366,2048,1,atfmax
baseline_act-INT8_w-INT8_UE7M1,baseline,INT8,INT8,UE7M1,682,true,0.0000,4905.683999,CustomOperator_INT8_to_INT8_0: 443.0160 (1 inst); CustomOperator_INT8_to_INT8_1: 433.5660 (1 inst); CustomOperator_INT8_to_INT8_2: 367.0380 (1 inst); CustomOperator_INT8_to_INT8_3: 424.2420 (1 inst); FPNAdder: 1215.6480 (1 inst); FixedFPTree_exp8_mant14_out18_vec4_range0: 1015.8120 (1 inst); SNPS_CLOCK_GATE: 1.8900 (1 inst); ScaleAddition_INT8_to_INT8_scale_UE7M1_wide18: 562.7160 (1 inst); ScaleToFP19b_INT8_x_INT8_UE7M1_wide22: 347.5080 (1 inst),3.653000e-03,CustomOperator_INT8_to_INT8_0: 2.860e-04 (1 inst); CustomOperator_INT8_to_INT8_1: 3.010e-04 (1 inst); CustomOperator_INT8_to_INT8_2: 2.460e-04 (1 inst); CustomOperator_INT8_to_INT8_3: 2.680e-04 (1 inst); FPNAdder: 7.120e-04 (1 inst); FixedFPTree_exp8_mant14_out18_vec4_range0: 1.050e-03 (1 inst); SNPS_CLOCK_GATE: 6.570e-07 (1 inst); ScaleAddition_INT8_to_INT8_scale_UE7M1_wide18: 5.090e-04 (1 inst); ScaleToFP19b_INT8_x_INT8_UE7M1_wide22: 2.620e-04 (1 inst),2.618000e-03,CustomOperator_INT8_to_INT8_0: 2.920e-04 (1 inst); CustomOperator_INT8_to_INT8_1: 2.990e-04 (1 inst); CustomOperator_INT8_to_INT8_2: 2.550e-04 (1 inst); CustomOperator_INT8_to_INT8_3: 2.820e-04 (1 inst); FPNAdder: 3.880e-04 (1 inst); FixedFPTree_exp8_mant14_out18_vec4_range0: 6.530e-04 (1 inst); SNPS_CLOCK_GATE: 9.910e-06 (1 inst); ScaleAddition_INT8_to_INT8_scale_UE7M1_wide18: 2.230e-04 (1 inst); ScaleToFP19b_INT8_x_INT8_UE7M1_wide22: 1.200e-04 (1 inst),1.4663,682.0,1059,0.372,0.0366,2048,1,atfmax
baseline_act-INT8_w-E5M2_UE8M0,baseline,INT8,E5M2,UE8M0,682,true,-0.0300,8212.302000,CustomOperator_INT8_to_E5M2_0: 88.2000 (1 inst); CustomOperator_INT8_to_E5M2_1: 97.7760 (1 inst); CustomOperator_INT8_to_E5M2_2: 127.0080 (1 inst); CustomOperator_INT8_to_E5M2_3: 117.5580 (1 inst); DirectToFP19b_INT8_x_E5M2_UE8M0: 170.4780 (1 inst); FPNAdder: 1414.8540 (1 inst); FixedFPTree_exp8_mant10_out10_vec4_range29: 6083.7840 (1 inst); SNPS_CLOCK_GATE: 1.8900 (1 inst),5.189000e-03,CustomOperator_INT8_to_E5M2_0: 3.560e-05 (1 inst); CustomOperator_INT8_to_E5M2_1: 4.020e-05 (1 inst); CustomOperator_INT8_to_E5M2_2: 4.770e-05 (1 inst); CustomOperator_INT8_to_E5M2_3: 4.630e-05 (1 inst); DirectToFP19b_INT8_x_E5M2_UE8M0: 1.240e-04 (1 inst); FPNAdder: 6.670e-04 (1 inst); FixedFPTree_exp8_mant10_out10_vec4_range29: 4.210e-03 (1 inst); SNPS_CLOCK_GATE: 6.610e-07 (1 inst),2.667000e-03,CustomOperator_INT8_to_E5M2_0: 4.950e-05 (1 inst); CustomOperator_INT8_to_E5M2_1: 5.280e-05 (1 inst); CustomOperator_INT8_to_E5M2_2: 5.670e-05 (1 inst); CustomOperator_INT8_to_E5M2_3: 5.540e-05 (1 inst); DirectToFP19b_INT8_x_E5M2_UE8M0: 4.070e-05 (1 inst); FPNAdder: 4.130e-04 (1 inst); FixedFPTree_exp8_mant10_out10_vec4_range29: 1.900e-03 (1 inst); SNPS_CLOCK_GATE: 9.910e-06 (1 inst),1.4963,668.3,1059,0.372,0.0366,2048,1,atfmax
baseline_act-E3M2_w-E2M1_UE7M1,baseline,E3M2,E2M1,UE7M1,687,false,-0.1000,5339.627999,CustomOperator_E3M2_to_E2M1_0: 38.1780 (1 inst); CustomOperator_E3M2_to_E2M1_1: 34.9020 (1 inst); CustomOperator_E3M2_to_E2M1_2: 70.5600 (1 inst); CustomOperator_E3M2_to_E2M1_3: 54.5580 (1 inst); FPNAdder: 1337.4900 (1 inst); FixedFPTree_exp7_mant5_out13_vec4_range8: 2711.6460 (1 inst); SNPS_CLOCK_GATE: 1.8900 (1 inst); ScaleAddition_E3M2_to_E2M1_scale_UE7M1_wide13: 485.3520 (1 inst); ScaleToFP14b_E3M2_x_E2M1_UE7M1_wide17: 515.7180 (1 inst),3.170000e-03,CustomOperator_E3M2_to_E2M1_0: 1.260e-05 (1 inst); CustomOperator_E3M2_to_E2M1_1: 1.320e-05 (1 inst); CustomOperator_E3M2_to_E2M1_2: 2.200e-05 (1 inst); CustomOperator_E3M2_to_E2M1_3: 1.790e-05 (1 inst); FPNAdder: 7.670e-04 (1 inst); FixedFPTree_exp7_mant5_out13_vec4_range8: 1.610e-03 (1 inst); SNPS_CLOCK_GATE: 5.880e-07 (1 inst); ScaleAddition_E3M2_to_E2M1_scale_UE7M1_wide13: 3.490e-04 (1 inst); ScaleToFP14b_E3M2_x_E2M1_UE7M1_wide17: 3.550e-04 (1 inst),2.056000e-03,CustomOperator_E3M2_to_E2M1_0: 2.330e-05 (1 inst); CustomOperator_E3M2_to_E2M1_1: 2.200e-05 (1 inst); CustomOperator_E3M2_to_E2M1_2: 4.250e-05 (1 inst); CustomOperator_E3M2_to_E2M1_3: 3.220e-05 (1 inst); FPNAdder: 4.240e-04 (1 inst); FixedFPTree_exp7_mant5_out13_vec4_range8: 1.110e-03 (1 inst); SNPS_CLOCK_GATE: 8.880e-06 (1 inst); ScaleAddition_E3M2_to_E2M1_scale_UE7M1_wide13: 1.530e-04 (1 inst); ScaleToFP14b_E3M2_x_E2M1_UE7M1_wide17: 1.620e-04 (1 inst),1.5556,642.8,1059,0.372,0.0366,2048,1,atfmax
baseline_act-INT8_w-E2M1_UE6M2,baseline,INT8,E2M1,UE6M2,687,false,-0.1000,5946.948003,CustomOperator_INT8_to_E2M1_0: 85.1760 (1 inst); CustomOperator_INT8_to_E2M1_1: 92.4840 (1 inst); CustomOperator_INT8_to_E2M1_2: 90.8460 (1 inst); CustomOperator_INT8_to_E2M1_3: 91.6020 (1 inst); FPNAdder: 1407.1680 (1 inst); FixedFPTree_exp7_mant9_out16_vec4_range2: 2326.3380 (1 inst); SNPS_CLOCK_GATE: 1.8900 (1 inst); ScaleAddition_INT8_to_E2M1_scale_UE6M2_wide16: 1089.9000 (1 inst); ScaleToFP19b_INT8_x_E2M1_UE6M2_wide22: 654.3180 (1 inst),3.782000e-03,CustomOperator_INT8_to_E2M1_0: 3.110e-05 (1 inst); CustomOperator_INT8_to_E2M1_1: 3.570e-05 (1 inst); CustomOperator_INT8_to_E2M1_2: 3.260e-05 (1 inst); CustomOperator_INT8_to_E2M1_3: 3.600e-05 (1 inst); FPNAdder: 8.940e-04 (1 inst); FixedFPTree_exp7_mant9_out16_vec4_range2: 1.440e-03 (1 inst); SNPS_CLOCK_GATE: 6.610e-07 (1 inst); ScaleAddition_INT8_to_E2M1_scale_UE6M2_wide16: 8.040e-04 (1 inst); ScaleToFP19b_INT8_x_E2M1_UE6M2_wide22: 4.820e-04 (1 inst),2.497000e-03,CustomOperator_INT8_to_E2M1_0: 5.310e-05 (1 inst); CustomOperator_INT8_to_E2M1_1: 5.570e-05 (1 inst); CustomOperator_INT8_to_E2M1_2: 5.500e-05 (1 inst); CustomOperator_INT8_to_E2M1_3: 5.590e-05 (1 inst); FPNAdder: 4.370e-04 (1 inst); FixedFPTree_exp7_mant9_out16_vec4_range2: 1.160e-03 (1 inst); SNPS_CLOCK_GATE: 9.970e-06 (1 inst); ScaleAddition_INT8_to_E2M1_scale_UE6M2_wide16: 3.910e-04 (1 inst); ScaleToFP19b_INT8_x_E2M1_UE6M2_wide22: 1.840e-04 (1 inst),1.5556,642.8,1059,0.372,0.0366,2048,1,atfmax
baseline_act-INT8_w-E4M3_UE8M0,baseline,INT8,E4M3,UE8M0,687,true,-0.0100,6553.259996,CustomOperator_INT8_to_E4M3_0: 95.1300 (1 inst); CustomOperator_INT8_to_E4M3_1: 107.2260 (1 inst); CustomOperator_INT8_to_E4M3_2: 129.9060 (1 inst); CustomOperator_INT8_to_E4M3_3: 125.6220 (1 inst); DirectToFP19b_INT8_x_E4M3_UE8M0: 194.2920 (1 inst); FPNAdder: 1275.2460 (1 inst); FixedFPTree_exp7_mant11_out11_vec4_range14: 4526.8020 (1 inst); SNPS_CLOCK_GATE: 1.8900 (1 inst),4.305000e-03,CustomOperator_INT8_to_E4M3_0: 4.130e-05 (1 inst); CustomOperator_INT8_to_E4M3_1: 5.030e-05 (1 inst); CustomOperator_INT8_to_E4M3_2: 5.140e-05 (1 inst); CustomOperator_INT8_to_E4M3_3: 5.250e-05 (1 inst); DirectToFP19b_INT8_x_E4M3_UE8M0: 1.440e-04 (1 inst); FPNAdder: 6.640e-04 (1 inst); FixedFPTree_exp7_mant11_out11_vec4_range14: 3.280e-03 (1 inst); SNPS_CLOCK_GATE: 6.570e-07 (1 inst),2.672000e-03,CustomOperator_INT8_to_E4M3_0: 5.410e-05 (1 inst); CustomOperator_INT8_to_E4M3_1: 6.170e-05 (1 inst); CustomOperator_INT8_to_E4M3_2: 7.160e-05 (1 inst); CustomOperator_INT8_to_E4M3_3: 6.970e-05 (1 inst); DirectToFP19b_INT8_x_E4M3_UE8M0: 6.240e-05 (1 inst); FPNAdder: 4.010e-04 (1 inst); FixedFPTree_exp7_mant11_out11_vec4_range14: 1.850e-03 (1 inst); SNPS_CLOCK_GATE: 9.970e-06 (1 inst),1.4656,682.3,1059,0.372,0.0366,2048,1,atfmax
baseline_act-INT8_w-E2M3_UE7M1,baseline,INT8,E2M3,UE7M1,687,false,-0.1200,6749.946000,CustomOperator_INT8_to_E2M3_0: 299.3760 (1 inst); CustomOperator_INT8_to_E2M3_1: 331.8840 (1 inst); CustomOperator_INT8_to_E2M3_2: 322.1820 (1 inst); CustomOperator_INT8_to_E2M3_3: 251.2440 (1 inst); FPNAdder: 1261.3860 (1 inst); FixedFPTree_exp7_mant11_out18_vec4_range2: 2924.3340 (1 inst); SNPS_CLOCK_GATE: 1.8900 (1 inst); ScaleAddition_INT8_to_E2M3_scale_UE7M1_wide18: 682.4160 (1 inst); ScaleToFP19b_INT8_x_E2M3_UE7M1_wide22: 569.2680 (1 inst),4.110000e-03,CustomOperator_INT8_to_E2M3_0: 1.510e-04 (1 inst); CustomOperator_INT8_to_E2M3_1: 1.480e-04 (1 inst); CustomOperator_INT8_to_E2M3_2: 1.600e-04 (1 inst); CustomOperator_INT8_to_E2M3_3: 1.220e-04 (1 inst); FPNAdder: 6.670e-04 (1 inst); FixedFPTree_exp7_mant11_out18_vec4_range2: 2.000e-03 (1 inst); SNPS_CLOCK_GATE: 6.570e-07 (1 inst); ScaleAddition_INT8_to_E2M3_scale_UE7M1_wide18: 4.700e-04 (1 inst); ScaleToFP19b_INT8_x_E2M3_UE7M1_wide22: 3.700e-04 (1 inst),3.079000e-03,CustomOperator_INT8_to_E2M3_0: 1.840e-04 (1 inst); CustomOperator_INT8_to_E2M3_1: 1.890e-04 (1 inst); CustomOperator_INT8_to_E2M3_2: 1.960e-04 (1 inst); CustomOperator_INT8_to_E2M3_3: 1.510e-04 (1 inst); FPNAdder: 3.860e-04 (1 inst); FixedFPTree_exp7_mant11_out18_vec4_range2: 1.480e-03 (1 inst); SNPS_CLOCK_GATE: 9.970e-06 (1 inst); ScaleAddition_INT8_to_E2M3_scale_UE7M1_wide18: 2.140e-04 (1 inst); ScaleToFP19b_INT8_x_E2M3_UE7M1_wide22: 1.770e-04 (1 inst),1.5756,634.7,1059,0.372,0.0366,2048,1,atfmax
baseline_act-E2M1_w-E2M1_UE8M0,baseline,E2M1,E2M1,UE8M0,700,true,0.0000,1351.224000,CustomOperator_E2M1_to_E2M1_0: 9.4500 (1 inst); CustomOperator_E2M1_to_E2M1_1: 10.8360 (1 inst); CustomOperator_E2M1_to_E2M1_2: 22.6800 (1 inst); CustomOperator_E2M1_to_E2M1_3: 19.6560 (1 inst); DirectToFP14b_E2M1_x_E2M1_UE8M0_wide14: 93.7440 (1 inst); FPNAdder: 589.3020 (1 inst); FixedFPTree_exp7_mant4_out14_vec4_range4: 531.0900 (1 inst); SNPS_CLOCK_GATE: 1.8900 (1 inst),6.331000e-04,CustomOperator_E2M1_to_E2M1_0: 2.980e-06 (1 inst); CustomOperator_E2M1_to_E2M1_1: 3.810e-06 (1 inst); CustomOperator_E2M1_to_E2M1_2: 6.450e-06 (1 inst); CustomOperator_E2M1_to_E2M1_3: 5.160e-06 (1 inst); DirectToFP14b_E2M1_x_E2M1_UE8M0_wide14: 5.250e-05 (1 inst); FPNAdder: 2.590e-04 (1 inst); FixedFPTree_exp7_mant4_out14_vec4_range4: 2.930e-04 (1 inst); SNPS_CLOCK_GATE: 5.830e-07 (1 inst),5.119000e-04,CustomOperator_E2M1_to_E2M1_0: 6.210e-06 (1 inst); CustomOperator_E2M1_to_E2M1_1: 7.750e-06 (1 inst); CustomOperator_E2M1_to_E2M1_2: 1.330e-05 (1 inst); CustomOperator_E2M1_to_E2M1_3: 9.190e-06 (1 inst); DirectToFP14b_E2M1_x_E2M1_UE8M0_wide14: 1.460e-05 (1 inst); FPNAdder: 1.450e-04 (1 inst); FixedFPTree_exp7_mant4_out14_vec4_range4: 2.350e-04 (1 inst); SNPS_CLOCK_GATE: 9.060e-06 (1 inst),1.4286,700.0,1059,0.372,0.0366,2048,1,e2m1_fsweep
baseline_act-E2M3_w-E2M1_UE8M0,baseline,E2M3,E2M1,UE8M0,700,true,0.0000,1725.822000,CustomOperator_E2M3_to_E2M1_0: 17.5140 (1 inst); CustomOperator_E2M3_to_E2M1_1: 23.5620 (1 inst); CustomOperator_E2M3_to_E2M1_2: 35.2800 (1 inst); CustomOperator_E2M3_to_E2M1_3: 27.5940 (1 inst); DirectToFP14b_E2M3_x_E2M1_UE8M0: 92.6100 (1 inst); FPNAdder: 643.6080 (1 inst); FixedFPTree_exp6_mant6_out6_vec4_range4: 809.5500 (1 inst); SNPS_CLOCK_GATE: 1.8900 (1 inst),9.037000e-04,CustomOperator_E2M3_to_E2M1_0: 6.780e-06 (1 inst); CustomOperator_E2M3_to_E2M1_1: 7.940e-06 (1 inst); CustomOperator_E2M3_to_E2M1_2: 1.080e-05 (1 inst); CustomOperator_E2M3_to_E2M1_3: 8.470e-06 (1 inst); DirectToFP14b_E2M3_x_E2M1_UE8M0: 6.470e-05 (1 inst); FPNAdder: 2.830e-04 (1 inst); FixedFPTree_exp6_mant6_out6_vec4_range4: 5.110e-04 (1 inst); SNPS_CLOCK_GATE: 5.850e-07 (1 inst),7.357000e-04,CustomOperator_E2M3_to_E2M1_0: 1.290e-05 (1 inst); CustomOperator_E2M3_to_E2M1_1: 1.590e-05 (1 inst); CustomOperator_E2M3_to_E2M1_2: 2.320e-05 (1 inst); CustomOperator_E2M3_to_E2M1_3: 1.630e-05 (1 inst); DirectToFP14b_E2M3_x_E2M1_UE8M0: 2.220e-05 (1 inst); FPNAdder: 1.590e-04 (1 inst); FixedFPTree_exp6_mant6_out6_vec4_range4: 4.020e-04 (1 inst); SNPS_CLOCK_GATE: 9.060e-06 (1 inst),1.4286,700.0,1059,0.372,0.0366,2048,1,5freq
baseline_act-E2M3_w-E2M3_UE8M0,baseline,E2M3,E2M3,UE8M0,700,true,0.0000,1948.968003,CustomOperator_E2M3_to_E2M3_0: 45.6120 (1 inst); CustomOperator_E2M3_to_E2M3_1: 46.8720 (1 inst); CustomOperator_E2M3_to_E2M3_2: 63.1260 (1 inst); CustomOperator_E2M3_to_E2M3_3: 63.2520 (1 inst); DirectToFP14b_E2M3_x_E2M3_UE8M0: 90.3420 (1 inst); FPNAdder: 650.0340 (1 inst); FixedFPTree_exp6_mant8_out8_vec4_range4: 908.2080 (1 inst); SNPS_CLOCK_GATE: 1.8900 (1 inst),1.114000e-03,CustomOperator_E2M3_to_E2M3_0: 1.660e-05 (1 inst); CustomOperator_E2M3_to_E2M3_1: 1.720e-05 (1 inst); CustomOperator_E2M3_to_E2M3_2: 2.150e-05 (1 inst); CustomOperator_E2M3_to_E2M3_3: 1.980e-05 (1 inst); DirectToFP14b_E2M3_x_E2M3_UE8M0: 6.080e-05 (1 inst); FPNAdder: 3.220e-04 (1 inst); FixedFPTree_exp6_mant8_out8_vec4_range4: 6.430e-04 (1 inst); SNPS_CLOCK_GATE: 5.840e-07 (1 inst),9.056000e-04,CustomOperator_E2M3_to_E2M3_0: 2.820e-05 (1 inst); CustomOperator_E2M3_to_E2M3_1: 2.920e-05 (1 inst); CustomOperator_E2M3_to_E2M3_2: 3.720e-05 (1 inst); CustomOperator_E2M3_to_E2M3_3: 3.460e-05 (1 inst); DirectToFP14b_E2M3_x_E2M3_UE8M0: 2.150e-05 (1 inst); FPNAdder: 1.910e-04 (1 inst); FixedFPTree_exp6_mant8_out8_vec4_range4: 4.750e-04 (1 inst); SNPS_CLOCK_GATE: 9.060e-06 (1 inst),1.4286,700.0,1059,0.372,0.0366,2048,1,5freq
baseline_act-INT8_w-E2M1_UE8M0,baseline,INT8,E2M1,UE8M0,700,true,0.0000,2097.774001,CustomOperator_INT8_to_E2M1_0: 41.2020 (1 inst); CustomOperator_INT8_to_E2M1_1: 45.3600 (1 inst); CustomOperator_INT8_to_E2M1_2: 48.2580 (1 inst); CustomOperator_INT8_to_E2M1_3: 46.2420 (1 inst); DirectToFP19b_INT8_x_E2M1_UE8M0: 108.6120 (1 inst); FPNAdder: 803.3760 (1 inst); FixedFPTree_exp7_mant9_out9_vec4_range2: 916.3980 (1 inst); SNPS_CLOCK_GATE: 1.8900 (1 inst),1.108000e-03,CustomOperator_INT8_to_E2M1_0: 1.560e-05 (1 inst); CustomOperator_INT8_to_E2M1_1: 1.730e-05 (1 inst); CustomOperator_INT8_to_E2M1_2: 1.760e-05 (1 inst); CustomOperator_INT8_to_E2M1_3: 1.620e-05 (1 inst); DirectToFP19b_INT8_x_E2M1_UE8M0: 7.090e-05 (1 inst); FPNAdder: 3.800e-04 (1 inst); FixedFPTree_exp7_mant9_out9_vec4_range2: 5.790e-04 (1 inst); SNPS_CLOCK_GATE: 6.460e-07 (1 inst),9.452000e-04,CustomOperator_INT8_to_E2M1_0: 2.520e-05 (1 inst); CustomOperator_INT8_to_E2M1_1: 2.810e-05 (1 inst); CustomOperator_INT8_to_E2M1_2: 2.810e-05 (1 inst); CustomOperator_INT8_to_E2M1_3: 2.420e-05 (1 inst); DirectToFP19b_INT8_x_E2M1_UE8M0: 2.440e-05 (1 inst); FPNAdder: 2.230e-04 (1 inst); FixedFPTree_exp7_mant9_out9_vec4_range2: 4.920e-04 (1 inst); SNPS_CLOCK_GATE: 1.020e-05 (1 inst),1.4286,700.0,1059,0.372,0.0366,2048,1,5freq
baseline_act-E3M2_w-E2M1_UE8M0,baseline,E3M2,E2M1,UE8M0,700,true,0.0000,2360.484003,CustomOperator_E3M2_to_E2M1_0: 22.9320 (1 inst); CustomOperator_E3M2_to_E2M1_1: 26.9640 (1 inst); CustomOperator_E3M2_to_E2M1_2: 40.4460 (1 inst); CustomOperator_E3M2_to_E2M1_3: 34.7760 (1 inst); DirectToFP14b_E3M2_x_E2M1_UE8M0: 106.0920 (1 inst); FPNAdder: 769.7340 (1 inst); FixedFPTree_exp6_mant5_out5_vec4_range8: 1276.1280 (1 inst); SNPS_CLOCK_GATE: 1.8900 (1 inst),1.257000e-03,CustomOperator_E3M2_to_E2M1_0: 9.410e-06 (1 inst); CustomOperator_E3M2_to_E2M1_1: 1.060e-05 (1 inst); CustomOperator_E3M2_to_E2M1_2: 1.450e-05 (1 inst); CustomOperator_E3M2_to_E2M1_3: 1.270e-05 (1 inst); DirectToFP14b_E3M2_x_E2M1_UE8M0: 7.310e-05 (1 inst); FPNAdder: 3.170e-04 (1 inst); FixedFPTree_exp6_mant5_out5_vec4_range8: 8.080e-04 (1 inst); SNPS_CLOCK_GATE: 5.890e-07 (1 inst),9.584000e-04,CustomOperator_E3M2_to_E2M1_0: 1.710e-05 (1 inst); CustomOperator_E3M2_to_E2M1_1: 1.950e-05 (1 inst); CustomOperator_E3M2_to_E2M1_2: 2.670e-05 (1 inst); CustomOperator_E3M2_to_E2M1_3: 2.150e-05 (1 inst); DirectToFP14b_E3M2_x_E2M1_UE8M0: 2.840e-05 (1 inst); FPNAdder: 2.110e-04 (1 inst); FixedFPTree_exp6_mant5_out5_vec4_range8: 5.510e-04 (1 inst); SNPS_CLOCK_GATE: 9.060e-06 (1 inst),1.4286,700.0,1059,0.372,0.0366,2048,1,5freq
baseline_act-E3M2_w-E2M3_UE8M0,baseline,E3M2,E2M3,UE8M0,700,true,0.0000,2428.272000,CustomOperator_E3M2_to_E2M3_0: 32.6340 (1 inst); CustomOperator_E3M2_to_E2M3_1: 39.4380 (1 inst); CustomOperator_E3M2_to_E2M3_2: 48.0060 (1 inst); CustomOperator_E3M2_to_E2M3_3: 49.1400 (1 inst); DirectToFP14b_E3M2_x_E2M3_UE8M0: 109.2420 (1 inst); FPNAdder: 684.4320 (1 inst); FixedFPTree_exp6_mant7_out7_vec4_range8: 1393.8120 (1 inst); SNPS_CLOCK_GATE: 1.8900 (1 inst),1.353000e-03,CustomOperator_E3M2_to_E2M3_0: 1.300e-05 (1 inst); CustomOperator_E3M2_to_E2M3_1: 1.520e-05 (1 inst); CustomOperator_E3M2_to_E2M3_2: 1.710e-05 (1 inst); CustomOperator_E3M2_to_E2M3_3: 1.560e-05 (1 inst); DirectToFP14b_E3M2_x_E2M3_UE8M0: 7.320e-05 (1 inst); FPNAdder: 3.080e-04 (1 inst); FixedFPTree_exp6_mant7_out7_vec4_range8: 9.010e-04 (1 inst); SNPS_CLOCK_GATE: 5.870e-07 (1 inst),1.029000e-03,CustomOperator_E3M2_to_E2M3_0: 2.190e-05 (1 inst); CustomOperator_E3M2_to_E2M3_1: 2.610e-05 (1 inst); CustomOperator_E3M2_to_E2M3_2: 2.980e-05 (1 inst); CustomOperator_E3M2_to_E2M3_3: 2.730e-05 (1 inst); DirectToFP14b_E3M2_x_E2M3_UE8M0: 2.530e-05 (1 inst); FPNAdder: 1.960e-04 (1 inst); FixedFPTree_exp6_mant7_out7_vec4_range8: 6.160e-04 (1 inst); SNPS_CLOCK_GATE: 9.060e-06 (1 inst),1.4286,700.0,1059,0.372,0.0366,2048,1,5freq
baseline_act-INT8_w-INT8_UE8M0,baseline,INT8,INT8,UE8M0,700,true,0.0000,2545.326004,CustomOperator_INT8_to_INT8_0: 200.5920 (1 inst); CustomOperator_INT8_to_INT8_1: 199.0800 (1 inst); CustomOperator_INT8_to_INT8_2: 186.3540 (1 inst); CustomOperator_INT8_to_INT8_3: 197.6940 (1 inst); DirectToFP19b_INT8_x_INT8_UE8M0: 124.9920 (1 inst); FPNAdder: 877.7160 (1 inst); FixedFPTree_exp7_mant14_out14_vec4_range0: 665.1540 (1 inst); SNPS_CLOCK_GATE: 1.8900 (1 inst),1.753000e-03,CustomOperator_INT8_to_INT8_0: 1.180e-04 (1 inst); CustomOperator_INT8_to_INT8_1: 1.220e-04 (1 inst); CustomOperator_INT8_to_INT8_2: 1.130e-04 (1 inst); CustomOperator_INT8_to_INT8_3: 1.210e-04 (1 inst); DirectToFP19b_INT8_x_INT8_UE8M0: 9.360e-05 (1 inst); FPNAdder: 4.690e-04 (1 inst); FixedFPTree_exp7_mant14_out14_vec4_range0: 7.010e-04 (1 inst); SNPS_CLOCK_GATE: 6.540e-07 (1 inst),1.390000e-03,CustomOperator_INT8_to_INT8_0: 1.310e-04 (1 inst); CustomOperator_INT8_to_INT8_1: 1.360e-04 (1 inst); CustomOperator_INT8_to_INT8_2: 1.250e-04 (1 inst); CustomOperator_INT8_to_INT8_3: 1.320e-04 (1 inst); DirectToFP19b_INT8_x_INT8_UE8M0: 3.290e-05 (1 inst); FPNAdder: 2.840e-04 (1 inst); FixedFPTree_exp7_mant14_out14_vec4_range0: 4.430e-04 (1 inst); SNPS_CLOCK_GATE: 1.020e-05 (1 inst),1.4286,700.0,1059,0.372,0.0366,2048,1,5freq
baseline_act-INT8_w-E2M3_UE8M0,baseline,INT8,E2M3,UE8M0,700,true,0.0000,2829.078002,CustomOperator_INT8_to_E2M3_0: 128.6460 (1 inst); CustomOperator_INT8_to_E2M3_1: 104.0760 (1 inst); CustomOperator_INT8_to_E2M3_2: 108.1080 (1 inst); CustomOperator_INT8_to_E2M3_3: 115.9200 (1 inst); DirectToFP19b_INT8_x_E2M3_UE8M0: 126.8820 (1 inst); FPNAdder: 923.3280 (1 inst); FixedFPTree_exp7_mant11_out11_vec4_range2: 1222.3260 (1 inst); SNPS_CLOCK_GATE: 1.8900 (1 inst),1.782000e-03,CustomOperator_INT8_to_E2M3_0: 6.970e-05 (1 inst); CustomOperator_INT8_to_E2M3_1: 5.180e-05 (1 inst); CustomOperator_INT8_to_E2M3_2: 5.170e-05 (1 inst); CustomOperator_INT8_to_E2M3_3: 5.690e-05 (1 inst); DirectToFP19b_INT8_x_E2M3_UE8M0: 8.640e-05 (1 inst); FPNAdder: 4.910e-04 (1 inst); FixedFPTree_exp7_mant11_out11_vec4_range2: 9.570e-04 (1 inst); SNPS_CLOCK_GATE: 6.500e-07 (1 inst),1.422000e-03,CustomOperator_INT8_to_E2M3_0: 9.330e-05 (1 inst); CustomOperator_INT8_to_E2M3_1: 6.320e-05 (1 inst); CustomOperator_INT8_to_E2M3_2: 6.350e-05 (1 inst); CustomOperator_INT8_to_E2M3_3: 7.900e-05 (1 inst); DirectToFP19b_INT8_x_E2M3_UE8M0: 3.060e-05 (1 inst); FPNAdder: 2.980e-04 (1 inst); FixedFPTree_exp7_mant11_out11_vec4_range2: 6.880e-04 (1 inst); SNPS_CLOCK_GATE: 1.020e-05 (1 inst),1.4286,700.0,1059,0.372,0.0366,2048,1,5freq
baseline_act-INT8_w-E3M2_UE8M0,baseline,INT8,E3M2,UE8M0,700,true,0.0000,3042.522003,CustomOperator_INT8_to_E3M2_0: 78.8760 (1 inst); CustomOperator_INT8_to_E3M2_1: 89.9640 (1 inst); CustomOperator_INT8_to_E3M2_2: 88.4520 (1 inst); CustomOperator_INT8_to_E3M2_3: 90.8460 (1 inst); DirectToFP19b_INT8_x_E3M2_UE8M0: 119.1960 (1 inst); FPNAdder: 1007.6220 (1 inst); FixedFPTree_exp7_mant10_out10_vec4_range6: 1470.9240 (1 inst); SNPS_CLOCK_GATE: 1.8900 (1 inst),1.914000e-03,CustomOperator_INT8_to_E3M2_0: 3.410e-05 (1 inst); CustomOperator_INT8_to_E3M2_1: 3.650e-05 (1 inst); CustomOperator_INT8_to_E3M2_2: 3.870e-05 (1 inst); CustomOperator_INT8_to_E3M2_3: 3.820e-05 (1 inst); DirectToFP19b_INT8_x_E3M2_UE8M0: 8.190e-05 (1 inst); FPNAdder: 4.920e-04 (1 inst); FixedFPTree_exp7_mant10_out10_vec4_range6: 1.180e-03 (1 inst); SNPS_CLOCK_GATE: 6.500e-07 (1 inst),1.516000e-03,CustomOperator_INT8_to_E3M2_0: 5.410e-05 (1 inst); CustomOperator_INT8_to_E3M2_1: 5.650e-05 (1 inst); CustomOperator_INT8_to_E3M2_2: 6.180e-05 (1 inst); CustomOperator_INT8_to_E3M2_3: 5.820e-05 (1 inst); DirectToFP19b_INT8_x_E3M2_UE8M0: 2.850e-05 (1 inst); FPNAdder: 2.950e-04 (1 inst); FixedFPTree_exp7_mant10_out10_vec4_range6: 8.580e-04 (1 inst); SNPS_CLOCK_GATE: 1.020e-05 (1 inst),1.4286,700.0,1059,0.372,0.0366,2048,1,5freq
baseline_act-E2M1_w-E2M1_UE7M1,baseline,E2M1,E2M1,UE7M1,700,true,0.0000,3367.349997,CustomOperator_E2M1_to_E2M1_0: 12.2220 (1 inst); CustomOperator_E2M1_to_E2M1_1: 15.6240 (1 inst); CustomOperator_E2M1_to_E2M1_2: 37.0440 (1 inst); CustomOperator_E2M1_to_E2M1_3: 34.5240 (1 inst); FPNAdder: 970.8300 (1 inst); FixedFPTree_exp7_mant4_out13_vec4_range4: 1367.3520 (1 inst); SNPS_CLOCK_GATE: 1.8900 (1 inst); ScaleAddition_E2M1_to_E2M1_scale_UE7M1_wide13: 453.3480 (1 inst); ScaleToFP14b_E2M1_x_E2M1_UE7M1_wide17: 394.1280 (1 inst),1.719000e-03,CustomOperator_E2M1_to_E2M1_0: 5.390e-06 (1 inst); CustomOperator_E2M1_to_E2M1_1: 7.030e-06 (1 inst); CustomOperator_E2M1_to_E2M1_2: 9.480e-06 (1 inst); CustomOperator_E2M1_to_E2M1_3: 9.930e-06 (1 inst); FPNAdder: 4.900e-04 (1 inst); FixedFPTree_exp7_mant4_out13_vec4_range4: 7.800e-04 (1 inst); SNPS_CLOCK_GATE: 5.820e-07 (1 inst); ScaleAddition_E2M1_to_E2M1_scale_UE7M1_wide13: 1.940e-04 (1 inst); ScaleToFP14b_E2M1_x_E2M1_UE7M1_wide17: 2.080e-04 (1 inst),1.240000e-03,CustomOperator_E2M1_to_E2M1_0: 1.040e-05 (1 inst); CustomOperator_E2M1_to_E2M1_1: 1.330e-05 (1 inst); CustomOperator_E2M1_to_E2M1_2: 1.970e-05 (1 inst); CustomOperator_E2M1_to_E2M1_3: 1.900e-05 (1 inst); FPNAdder: 2.780e-04 (1 inst); FixedFPTree_exp7_mant4_out13_vec4_range4: 6.350e-04 (1 inst); SNPS_CLOCK_GATE: 9.060e-06 (1 inst); ScaleAddition_E2M1_to_E2M1_scale_UE7M1_wide13: 8.440e-05 (1 inst); ScaleToFP14b_E2M1_x_E2M1_UE7M1_wide17: 9.760e-05 (1 inst),1.4286,700.0,1059,0.372,0.0366,2048,1,e2m1_fsweep
baseline_act-E3M2_w-E3M2_UE8M0,baseline,E3M2,E3M2,UE8M0,700,true,0.0000,3616.073999,CustomOperator_E3M2_to_E3M2_0: 37.4220 (1 inst); CustomOperator_E3M2_to_E3M2_1: 77.4900 (1 inst); CustomOperator_E3M2_to_E3M2_2: 100.5480 (1 inst); CustomOperator_E3M2_to_E3M2_3: 87.3180 (1 inst); DirectToFP14b_E3M2_x_E3M2_UE8M0: 137.3400 (1 inst); FPNAdder: 902.9160 (1 inst); FixedFPTree_exp6_mant6_out6_vec4_range12: 2189.5020 (1 inst); SNPS_CLOCK_GATE: 1.8900 (1 inst),2.078000e-03,CustomOperator_E3M2_to_E3M2_0: 1.690e-05 (1 inst); CustomOperator_E3M2_to_E3M2_1: 3.130e-05 (1 inst); CustomOperator_E3M2_to_E3M2_2: 3.580e-05 (1 inst); CustomOperator_E3M2_to_E3M2_3: 2.910e-05 (1 inst); DirectToFP14b_E3M2_x_E3M2_UE8M0: 9.350e-05 (1 inst); FPNAdder: 4.100e-04 (1 inst); FixedFPTree_exp6_mant6_out6_vec4_range12: 1.450e-03 (1 inst); SNPS_CLOCK_GATE: 5.990e-07 (1 inst),1.435000e-03,CustomOperator_E3M2_to_E3M2_0: 2.570e-05 (1 inst); CustomOperator_E3M2_to_E3M2_1: 4.420e-05 (1 inst); CustomOperator_E3M2_to_E3M2_2: 5.480e-05 (1 inst); CustomOperator_E3M2_to_E3M2_3: 4.280e-05 (1 inst); DirectToFP14b_E3M2_x_E3M2_UE8M0: 2.630e-05 (1 inst); FPNAdder: 2.450e-04 (1 inst); FixedFPTree_exp6_mant6_out6_vec4_range12: 9.110e-04 (1 inst); SNPS_CLOCK_GATE: 9.060e-06 (1 inst),1.4286,700.0,1059,0.372,0.0366,2048,1,5freq
baseline_act-E2M3_w-E2M1_UE7M1,baseline,E2M3,E2M1,UE7M1,700,true,-0.0400,4471.613998,CustomOperator_E2M3_to_E2M1_0: 24.4440 (1 inst); CustomOperator_E2M3_to_E2M1_1: 27.3420 (1 inst); CustomOperator_E2M3_to_E2M1_2: 46.6200 (1 inst); CustomOperator_E2M3_to_E2M1_3: 39.4380 (1 inst); FPNAdder: 1202.9220 (1 inst); FixedFPTree_exp7_mant6_out13_vec4_range4: 2045.6100 (1 inst); SNPS_CLOCK_GATE: 1.8900 (1 inst); ScaleAddition_E2M3_to_E2M1_scale_UE7M1_wide13: 476.9100 (1 inst); ScaleToFP14b_E2M3_x_E2M1_UE7M1_wide17: 521.3880 (1 inst),2.697000e-03,CustomOperator_E2M3_to_E2M1_0: 8.680e-06 (1 inst); CustomOperator_E2M3_to_E2M1_1: 1.190e-05 (1 inst); CustomOperator_E2M3_to_E2M1_2: 1.600e-05 (1 inst); CustomOperator_E2M3_to_E2M1_3: 1.170e-05 (1 inst); FPNAdder: 6.640e-04 (1 inst); FixedFPTree_exp7_mant6_out13_vec4_range4: 1.370e-03 (1 inst); SNPS_CLOCK_GATE: 5.880e-07 (1 inst); ScaleAddition_E2M3_to_E2M1_scale_UE7M1_wide13: 2.890e-04 (1 inst); ScaleToFP14b_E2M3_x_E2M1_UE7M1_wide17: 3.070e-04 (1 inst),1.942000e-03,CustomOperator_E2M3_to_E2M1_0: 1.650e-05 (1 inst); CustomOperator_E2M3_to_E2M1_1: 2.270e-05 (1 inst); CustomOperator_E2M3_to_E2M1_2: 3.300e-05 (1 inst); CustomOperator_E2M3_to_E2M1_3: 2.190e-05 (1 inst); FPNAdder: 3.880e-04 (1 inst); FixedFPTree_exp7_mant6_out13_vec4_range4: 1.070e-03 (1 inst); SNPS_CLOCK_GATE: 9.060e-06 (1 inst); ScaleAddition_E2M3_to_E2M1_scale_UE7M1_wide13: 1.390e-04 (1 inst); ScaleToFP14b_E2M3_x_E2M1_UE7M1_wide17: 1.650e-04 (1 inst),1.4686,680.9,1059,0.372,0.0366,2048,1,5freq
baseline_act-E4M3_w-E2M1_UE8M0,baseline,E4M3,E2M1,UE8M0,700,true,0.0000,4504.248001,CustomOperator_E4M3_to_E2M1_0: 32.1300 (1 inst); CustomOperator_E4M3_to_E2M1_1: 45.7380 (1 inst); CustomOperator_E4M3_to_E2M1_2: 67.2840 (1 inst); CustomOperator_E4M3_to_E2M1_3: 59.5980 (1 inst); DirectToFP14b_E4M3_x_E2M1_UE8M0: 147.7980 (1 inst); FPNAdder: 962.1360 (1 inst); FixedFPTree_exp7_mant6_out6_vec4_range16: 3100.9860 (1 inst); SNPS_CLOCK_GATE: 1.8900 (1 inst),2.627000e-03,CustomOperator_E4M3_to_E2M1_0: 1.240e-05 (1 inst); CustomOperator_E4M3_to_E2M1_1: 1.560e-05 (1 inst); CustomOperator_E4M3_to_E2M1_2: 1.970e-05 (1 inst); CustomOperator_E4M3_to_E2M1_3: 1.800e-05 (1 inst); DirectToFP14b_E4M3_x_E2M1_UE8M0: 1.010e-04 (1 inst); FPNAdder: 4.270e-04 (1 inst); FixedFPTree_exp7_mant6_out6_vec4_range16: 2.020e-03 (1 inst); SNPS_CLOCK_GATE: 6.030e-07 (1 inst),1.629000e-03,CustomOperator_E4M3_to_E2M1_0: 2.040e-05 (1 inst); CustomOperator_E4M3_to_E2M1_1: 2.610e-05 (1 inst); CustomOperator_E4M3_to_E2M1_2: 3.540e-05 (1 inst); CustomOperator_E4M3_to_E2M1_3: 3.100e-05 (1 inst); DirectToFP14b_E4M3_x_E2M1_UE8M0: 3.150e-05 (1 inst); FPNAdder: 2.610e-04 (1 inst); FixedFPTree_exp7_mant6_out6_vec4_range16: 1.140e-03 (1 inst); SNPS_CLOCK_GATE: 9.060e-06 (1 inst),1.4286,700.0,1059,0.372,0.0366,2048,1,5freq
baseline_act-E2M1_w-E2M1_UE6M2,baseline,E2M1,E2M1,UE6M2,700,true,-0.0300,4650.281994,CustomOperator_E2M1_to_E2M1_0: 13.9860 (1 inst); CustomOperator_E2M1_to_E2M1_1: 23.3100 (1 inst); CustomOperator_E2M1_to_E2M1_2: 39.1860 (1 inst); CustomOperator_E2M1_to_E2M1_3: 36.5400 (1 inst); FPNAdder: 1282.0500 (1 inst); FixedFPTree_exp6_mant4_out11_vec4_range4: 1886.3460 (1 inst); SNPS_CLOCK_GATE: 1.8900 (1 inst); ScaleAddition_E2M1_to_E2M1_scale_UE6M2_wide11: 772.5060 (1 inst); ScaleToFP14b_E2M1_x_E2M1_UE6M2_wide17: 509.5440 (1 inst),2.773000e-03,CustomOperator_E2M1_to_E2M1_0: 5.500e-06 (1 inst); CustomOperator_E2M1_to_E2M1_1: 1.010e-05 (1 inst); CustomOperator_E2M1_to_E2M1_2: 1.260e-05 (1 inst); CustomOperator_E2M1_to_E2M1_3: 1.090e-05 (1 inst); FPNAdder: 7.690e-04 (1 inst); FixedFPTree_exp6_mant4_out11_vec4_range4: 1.070e-03 (1 inst); SNPS_CLOCK_GATE: 5.880e-07 (1 inst); ScaleAddition_E2M1_to_E2M1_scale_UE6M2_wide11: 4.920e-04 (1 inst); ScaleToFP14b_E2M1_x_E2M1_UE6M2_wide17: 3.810e-04 (1 inst),1.774000e-03,CustomOperator_E2M1_to_E2M1_0: 1.050e-05 (1 inst); CustomOperator_E2M1_to_E2M1_1: 1.910e-05 (1 inst); CustomOperator_E2M1_to_E2M1_2: 2.540e-05 (1 inst); CustomOperator_E2M1_to_E2M1_3: 2.070e-05 (1 inst); FPNAdder: 3.900e-04 (1 inst); FixedFPTree_exp6_mant4_out11_vec4_range4: 8.430e-04 (1 inst); SNPS_CLOCK_GATE: 9.060e-06 (1 inst); ScaleAddition_E2M1_to_E2M1_scale_UE6M2_wide11: 2.490e-04 (1 inst); ScaleToFP14b_E2M1_x_E2M1_UE6M2_wide17: 1.290e-04 (1 inst),1.4586,685.6,1059,0.372,0.0366,2048,1,e2m1_fsweep
baseline_act-E2M3_w-E2M3_UE7M1,baseline,E2M3,E2M3,UE7M1,700,false,-0.0600,4897.116001,CustomOperator_E2M3_to_E2M3_0: 56.1960 (1 inst); CustomOperator_E2M3_to_E2M3_1: 61.6140 (1 inst); CustomOperator_E2M3_to_E2M3_2: 84.1680 (1 inst); CustomOperator_E2M3_to_E2M3_3: 68.5440 (1 inst); FPNAdder: 1188.0540 (1 inst); FixedFPTree_exp7_mant8_out13_vec4_range4: 2399.0400 (1 inst); SNPS_CLOCK_GATE: 1.8900 (1 inst); ScaleAddition_E2M3_to_E2M3_scale_UE7M1_wide13: 467.7120 (1 inst); ScaleToFP14b_E2M3_x_E2M3_UE7M1_wide17: 478.0440 (1 inst),3.244000e-03,CustomOperator_E2M3_to_E2M3_0: 2.180e-05 (1 inst); CustomOperator_E2M3_to_E2M3_1: 2.550e-05 (1 inst); CustomOperator_E2M3_to_E2M3_2: 2.780e-05 (1 inst); CustomOperator_E2M3_to_E2M3_3: 2.310e-05 (1 inst); FPNAdder: 7.120e-04 (1 inst); FixedFPTree_exp7_mant8_out13_vec4_range4: 1.690e-03 (1 inst); SNPS_CLOCK_GATE: 5.950e-07 (1 inst); ScaleAddition_E2M3_to_E2M3_scale_UE7M1_wide13: 3.900e-04 (1 inst); ScaleToFP14b_E2M3_x_E2M3_UE7M1_wide17: 3.340e-04 (1 inst),2.295000e-03,CustomOperator_E2M3_to_E2M3_0: 3.550e-05 (1 inst); CustomOperator_E2M3_to_E2M3_1: 4.050e-05 (1 inst); CustomOperator_E2M3_to_E2M3_2: 5.140e-05 (1 inst); CustomOperator_E2M3_to_E2M3_3: 4.100e-05 (1 inst); FPNAdder: 4.130e-04 (1 inst); FixedFPTree_exp7_mant8_out13_vec4_range4: 1.270e-03 (1 inst); SNPS_CLOCK_GATE: 9.060e-06 (1 inst); ScaleAddition_E2M3_to_E2M3_scale_UE7M1_wide13: 1.880e-04 (1 inst); ScaleToFP14b_E2M3_x_E2M3_UE7M1_wide17: 1.570e-04 (1 inst),1.4886,671.8,1059,0.372,0.0366,2048,1,5freq
baseline_act-INT8_w-E2M1_UE7M1,baseline,INT8,E2M1,UE7M1,700,true,-0.0500,5608.259995,CustomOperator_INT8_to_E2M1_0: 97.9020 (1 inst); CustomOperator_INT8_to_E2M1_1: 83.6640 (1 inst); CustomOperator_INT8_to_E2M1_2: 100.2960 (1 inst); CustomOperator_INT8_to_E2M1_3: 62.1180 (1 inst); FPNAdder: 1461.3480 (1 inst); FixedFPTree_exp7_mant9_out18_vec4_range2: 2399.6700 (1 inst); SNPS_CLOCK_GATE: 1.8900 (1 inst); ScaleAddition_INT8_to_E2M1_scale_UE7M1_wide18: 656.0820 (1 inst); ScaleToFP19b_INT8_x_E2M1_UE7M1_wide22: 643.7340 (1 inst),3.047000e-03,CustomOperator_INT8_to_E2M1_0: 4.020e-05 (1 inst); CustomOperator_INT8_to_E2M1_1: 3.310e-05 (1 inst); CustomOperator_INT8_to_E2M1_2: 3.830e-05 (1 inst); CustomOperator_INT8_to_E2M1_3: 2.300e-05 (1 inst); FPNAdder: 7.460e-04 (1 inst); FixedFPTree_exp7_mant9_out18_vec4_range2: 1.370e-03 (1 inst); SNPS_CLOCK_GATE: 6.400e-07 (1 inst); ScaleAddition_INT8_to_E2M1_scale_UE7M1_wide18: 3.760e-04 (1 inst); ScaleToFP19b_INT8_x_E2M1_UE7M1_wide22: 4.030e-04 (1 inst),2.307000e-03,CustomOperator_INT8_to_E2M1_0: 6.480e-05 (1 inst); CustomOperator_INT8_to_E2M1_1: 5.430e-05 (1 inst); CustomOperator_INT8_to_E2M1_2: 6.210e-05 (1 inst); CustomOperator_INT8_to_E2M1_3: 3.520e-05 (1 inst); FPNAdder: 4.440e-04 (1 inst); FixedFPTree_exp7_mant9_out18_vec4_range2: 1.170e-03 (1 inst); SNPS_CLOCK_GATE: 1.020e-05 (1 inst); ScaleAddition_INT8_to_E2M1_scale_UE7M1_wide18: 1.700e-04 (1 inst); ScaleToFP19b_INT8_x_E2M1_UE7M1_wide22: 2.070e-04 (1 inst),1.4786,676.3,1059,0.372,0.0366,2048,1,5freq
baseline_act-E2M3_w-E2M3_UE7M1,baseline,E2M3,E2M3,UE7M1,701,false,-0.0800,4647.131999,CustomOperator_E2M3_to_E2M3_0: 54.8100 (1 inst); CustomOperator_E2M3_to_E2M3_1: 55.3140 (1 inst); CustomOperator_E2M3_to_E2M3_2: 82.1520 (1 inst); CustomOperator_E2M3_to_E2M3_3: 71.4420 (1 inst); FPNAdder: 1268.1900 (1 inst); FixedFPTree_exp7_mant8_out13_vec4_range4: 2124.9900 (1 inst); SNPS_CLOCK_GATE: 1.8900 (1 inst); ScaleAddition_E2M3_to_E2M3_scale_UE7M1_wide13: 440.6220 (1 inst); ScaleToFP14b_E2M3_x_E2M3_UE7M1_wide17: 462.4200 (1 inst),3.087000e-03,CustomOperator_E2M3_to_E2M3_0: 2.390e-05 (1 inst); CustomOperator_E2M3_to_E2M3_1: 2.140e-05 (1 inst); CustomOperator_E2M3_to_E2M3_2: 2.870e-05 (1 inst); CustomOperator_E2M3_to_E2M3_3: 2.500e-05 (1 inst); FPNAdder: 7.310e-04 (1 inst); FixedFPTree_exp7_mant8_out13_vec4_range4: 1.560e-03 (1 inst); SNPS_CLOCK_GATE: 5.800e-07 (1 inst); ScaleAddition_E2M3_to_E2M3_scale_UE7M1_wide13: 3.450e-04 (1 inst); ScaleToFP14b_E2M3_x_E2M3_UE7M1_wide17: 3.370e-04 (1 inst),2.142000e-03,CustomOperator_E2M3_to_E2M3_0: 4.100e-05 (1 inst); CustomOperator_E2M3_to_E2M3_1: 3.690e-05 (1 inst); CustomOperator_E2M3_to_E2M3_2: 5.100e-05 (1 inst); CustomOperator_E2M3_to_E2M3_3: 4.310e-05 (1 inst); FPNAdder: 4.100e-04 (1 inst); FixedFPTree_exp7_mant8_out13_vec4_range4: 1.140e-03 (1 inst); SNPS_CLOCK_GATE: 9.070e-06 (1 inst); ScaleAddition_E2M3_to_E2M3_scale_UE7M1_wide13: 1.680e-04 (1 inst); ScaleToFP14b_E2M3_x_E2M3_UE7M1_wide17: 1.540e-04 (1 inst),1.5065,663.8,1059,0.372,0.0366,2048,1,atfmax
baseline_act-E4M3_w-E2M1_UE8M0,baseline,E4M3,E2M1,UE8M0,711,true,0.0000,4918.031998,CustomOperator_E4M3_to_E2M1_0: 33.7680 (1 inst); CustomOperator_E4M3_to_E2M1_1: 40.9500 (1 inst); CustomOperator_E4M3_to_E2M1_2: 86.8140 (1 inst); CustomOperator_E4M3_to_E2M1_3: 83.5380 (1 inst); DirectToFP14b_E4M3_x_E2M1_UE8M0: 144.0180 (1 inst); FPNAdder: 1064.3220 (1 inst); FixedFPTree_exp7_mant6_out6_vec4_range16: 3379.3200 (1 inst); SNPS_CLOCK_GATE: 1.8900 (1 inst),2.819000e-03,CustomOperator_E4M3_to_E2M1_0: 1.310e-05 (1 inst); CustomOperator_E4M3_to_E2M1_1: 1.410e-05 (1 inst); CustomOperator_E4M3_to_E2M1_2: 2.610e-05 (1 inst); CustomOperator_E4M3_to_E2M1_3: 2.490e-05 (1 inst); DirectToFP14b_E4M3_x_E2M1_UE8M0: 1.020e-04 (1 inst); FPNAdder: 4.560e-04 (1 inst); FixedFPTree_exp7_mant6_out6_vec4_range16: 2.170e-03 (1 inst); SNPS_CLOCK_GATE: 5.860e-07 (1 inst),1.806000e-03,CustomOperator_E4M3_to_E2M1_0: 2.310e-05 (1 inst); CustomOperator_E4M3_to_E2M1_1: 2.490e-05 (1 inst); CustomOperator_E4M3_to_E2M1_2: 4.710e-05 (1 inst); CustomOperator_E4M3_to_E2M1_3: 4.500e-05 (1 inst); DirectToFP14b_E4M3_x_E2M1_UE8M0: 3.240e-05 (1 inst); FPNAdder: 2.860e-04 (1 inst); FixedFPTree_exp7_mant6_out6_vec4_range16: 1.260e-03 (1 inst); SNPS_CLOCK_GATE: 9.200e-06 (1 inst),1.4065,711.0,1059,0.372,0.0366,2048,1,atfmax
baseline_act-INT8_w-E2M1_UE7M1,baseline,INT8,E2M1,UE7M1,711,false,-0.0900,5546.897996,CustomOperator_INT8_to_E2M1_0: 95.8860 (1 inst); CustomOperator_INT8_to_E2M1_1: 87.6960 (1 inst); CustomOperator_INT8_to_E2M1_2: 96.7680 (1 inst); CustomOperator_INT8_to_E2M1_3: 62.2440 (1 inst); FPNAdder: 1315.1880 (1 inst); FixedFPTree_exp7_mant9_out18_vec4_range2: 2554.2720 (1 inst); SNPS_CLOCK_GATE: 1.8900 (1 inst); ScaleAddition_INT8_to_E2M1_scale_UE7M1_wide18: 666.2880 (1 inst); ScaleToFP19b_INT8_x_E2M1_UE7M1_wide22: 567.2520 (1 inst),3.137000e-03,CustomOperator_INT8_to_E2M1_0: 3.920e-05 (1 inst); CustomOperator_INT8_to_E2M1_1: 3.570e-05 (1 inst); CustomOperator_INT8_to_E2M1_2: 3.770e-05 (1 inst); CustomOperator_INT8_to_E2M1_3: 2.420e-05 (1 inst); FPNAdder: 6.820e-04 (1 inst); FixedFPTree_exp7_mant9_out18_vec4_range2: 1.550e-03 (1 inst); SNPS_CLOCK_GATE: 6.540e-07 (1 inst); ScaleAddition_INT8_to_E2M1_scale_UE7M1_wide18: 3.820e-04 (1 inst); ScaleToFP19b_INT8_x_E2M1_UE7M1_wide22: 3.650e-04 (1 inst),2.399000e-03,CustomOperator_INT8_to_E2M1_0: 6.620e-05 (1 inst); CustomOperator_INT8_to_E2M1_1: 5.590e-05 (1 inst); CustomOperator_INT8_to_E2M1_2: 6.280e-05 (1 inst); CustomOperator_INT8_to_E2M1_3: 3.810e-05 (1 inst); FPNAdder: 4.000e-04 (1 inst); FixedFPTree_exp7_mant9_out18_vec4_range2: 1.310e-03 (1 inst); SNPS_CLOCK_GATE: 1.030e-05 (1 inst); ScaleAddition_INT8_to_E2M1_scale_UE7M1_wide18: 1.700e-04 (1 inst); ScaleToFP19b_INT8_x_E2M1_UE7M1_wide22: 1.860e-04 (1 inst),1.4965,668.2,1059,0.372,0.0366,2048,1,atfmax
baseline_act-E3M2_w-E3M2_UE8M0,baseline,E3M2,E3M2,UE8M0,716,true,0.0000,4216.463996,CustomOperator_E3M2_to_E3M2_0: 41.5800 (1 inst); CustomOperator_E3M2_to_E3M2_1: 81.6480 (1 inst); CustomOperator_E3M2_to_E3M2_2: 93.6180 (1 inst); CustomOperator_E3M2_to_E3M2_3: 104.8320 (1 inst); DirectToFP14b_E3M2_x_E3M2_UE8M0: 158.8860 (1 inst); FPNAdder: 1010.5200 (1 inst); FixedFPTree_exp6_mant6_out6_vec4_range12: 2642.9760 (1 inst); SNPS_CLOCK_GATE: 1.8900 (1 inst),2.430000e-03,CustomOperator_E3M2_to_E3M2_0: 1.840e-05 (1 inst); CustomOperator_E3M2_to_E3M2_1: 3.200e-05 (1 inst); CustomOperator_E3M2_to_E3M2_2: 3.200e-05 (1 inst); CustomOperator_E3M2_to_E3M2_3: 3.870e-05 (1 inst); DirectToFP14b_E3M2_x_E3M2_UE8M0: 1.170e-04 (1 inst); FPNAdder: 4.530e-04 (1 inst); FixedFPTree_exp6_mant6_out6_vec4_range12: 1.730e-03 (1 inst); SNPS_CLOCK_GATE: 5.960e-07 (1 inst),1.685000e-03,CustomOperator_E3M2_to_E3M2_0: 2.860e-05 (1 inst); CustomOperator_E3M2_to_E3M2_1: 4.710e-05 (1 inst); CustomOperator_E3M2_to_E3M2_2: 5.160e-05 (1 inst); CustomOperator_E3M2_to_E3M2_3: 5.600e-05 (1 inst); DirectToFP14b_E3M2_x_E3M2_UE8M0: 3.530e-05 (1 inst); FPNAdder: 2.690e-04 (1 inst); FixedFPTree_exp6_mant6_out6_vec4_range12: 1.110e-03 (1 inst); SNPS_CLOCK_GATE: 9.260e-06 (1 inst),1.3966,716.0,1059,0.372,0.0366,2048,1,atfmax
baseline_act-E2M3_w-E2M1_UE7M1,baseline,E2M3,E2M1,UE7M1,738,false,-0.0900,4691.232001,CustomOperator_E2M3_to_E2M1_0: 21.4200 (1 inst); CustomOperator_E2M3_to_E2M1_1: 34.1460 (1 inst); CustomOperator_E2M3_to_E2M1_2: 45.2340 (1 inst); CustomOperator_E2M3_to_E2M1_3: 43.5960 (1 inst); FPNAdder: 1176.5880 (1 inst); FixedFPTree_exp7_mant6_out13_vec4_range4: 2248.0920 (1 inst); SNPS_CLOCK_GATE: 1.8900 (1 inst); ScaleAddition_E2M3_to_E2M1_scale_UE7M1_wide13: 518.7420 (1 inst); ScaleToFP14b_E2M3_x_E2M1_UE7M1_wide17: 513.4500 (1 inst),2.902000e-03,CustomOperator_E2M3_to_E2M1_0: 8.170e-06 (1 inst); CustomOperator_E2M3_to_E2M1_1: 1.300e-05 (1 inst); CustomOperator_E2M3_to_E2M1_2: 1.360e-05 (1 inst); CustomOperator_E2M3_to_E2M1_3: 1.210e-05 (1 inst); FPNAdder: 6.260e-04 (1 inst); FixedFPTree_exp7_mant6_out13_vec4_range4: 1.540e-03 (1 inst); SNPS_CLOCK_GATE: 5.980e-07 (1 inst); ScaleAddition_E2M3_to_E2M1_scale_UE7M1_wide13: 3.340e-04 (1 inst); ScaleToFP14b_E2M3_x_E2M1_UE7M1_wide17: 3.340e-04 (1 inst),2.131000e-03,CustomOperator_E2M3_to_E2M1_0: 1.630e-05 (1 inst); CustomOperator_E2M3_to_E2M1_1: 2.660e-05 (1 inst); CustomOperator_E2M3_to_E2M1_2: 3.040e-05 (1 inst); CustomOperator_E2M3_to_E2M1_3: 2.370e-05 (1 inst); FPNAdder: 3.730e-04 (1 inst); FixedFPTree_exp7_mant6_out13_vec4_range4: 1.220e-03 (1 inst); SNPS_CLOCK_GATE: 9.540e-06 (1 inst); ScaleAddition_E2M3_to_E2M1_scale_UE7M1_wide13: 1.650e-04 (1 inst); ScaleToFP14b_E2M3_x_E2M1_UE7M1_wide17: 1.830e-04 (1 inst),1.4450,692.0,1059,0.372,0.0366,2048,1,atfmax
baseline_act-E3M2_w-E2M1_UE8M0,baseline,E3M2,E2M1,UE8M0,743,true,0.0000,3014.549996,CustomOperator_E3M2_to_E2M1_0: 27.0900 (1 inst); CustomOperator_E3M2_to_E2M1_1: 40.1940 (1 inst); CustomOperator_E3M2_to_E2M1_2: 48.6360 (1 inst); CustomOperator_E3M2_to_E2M1_3: 48.3840 (1 inst); DirectToFP14b_E3M2_x_E2M1_UE8M0: 131.1660 (1 inst); FPNAdder: 878.5980 (1 inst); FixedFPTree_exp6_mant5_out5_vec4_range8: 1759.2120 (1 inst); SNPS_CLOCK_GATE: 1.8900 (1 inst),1.715000e-03,CustomOperator_E3M2_to_E2M1_0: 1.030e-05 (1 inst); CustomOperator_E3M2_to_E2M1_1: 1.540e-05 (1 inst); CustomOperator_E3M2_to_E2M1_2: 1.520e-05 (1 inst); CustomOperator_E3M2_to_E2M1_3: 1.650e-05 (1 inst); DirectToFP14b_E3M2_x_E2M1_UE8M0: 9.450e-05 (1 inst); FPNAdder: 3.750e-04 (1 inst); FixedFPTree_exp6_mant5_out5_vec4_range8: 1.180e-03 (1 inst); SNPS_CLOCK_GATE: 6.050e-07 (1 inst),1.307000e-03,CustomOperator_E3M2_to_E2M1_0: 1.950e-05 (1 inst); CustomOperator_E3M2_to_E2M1_1: 3.030e-05 (1 inst); CustomOperator_E3M2_to_E2M1_2: 2.960e-05 (1 inst); CustomOperator_E3M2_to_E2M1_3: 2.930e-05 (1 inst); DirectToFP14b_E3M2_x_E2M1_UE8M0: 3.830e-05 (1 inst); FPNAdder: 2.570e-04 (1 inst); FixedFPTree_exp6_mant5_out5_vec4_range8: 8.150e-04 (1 inst); SNPS_CLOCK_GATE: 9.610e-06 (1 inst),1.3459,743.0,1059,0.372,0.0366,2048,1,atfmax
baseline_act-E3M2_w-E2M3_UE8M0,baseline,E3M2,E2M3,UE8M0,754,true,0.0000,3777.479996,CustomOperator_E3M2_to_E2M3_0: 38.0520 (1 inst); CustomOperator_E3M2_to_E2M3_1: 59.0940 (1 inst); CustomOperator_E3M2_to_E2M3_2: 61.4880 (1 inst); CustomOperator_E3M2_to_E2M3_3: 57.8340 (1 inst); DirectToFP14b_E3M2_x_E2M3_UE8M0: 140.8680 (1 inst); FPNAdder: 986.5800 (1 inst); FixedFPTree_exp6_mant7_out7_vec4_range8: 2351.5380 (1 inst); SNPS_CLOCK_GATE: 1.8900 (1 inst),2.202000e-03,CustomOperator_E3M2_to_E2M3_0: 1.720e-05 (1 inst); CustomOperator_E3M2_to_E2M3_1: 1.980e-05 (1 inst); CustomOperator_E3M2_to_E2M3_2: 2.260e-05 (1 inst); CustomOperator_E3M2_to_E2M3_3: 2.080e-05 (1 inst); DirectToFP14b_E3M2_x_E2M3_UE8M0: 1.040e-04 (1 inst); FPNAdder: 4.540e-04 (1 inst); FixedFPTree_exp6_mant7_out7_vec4_range8: 1.550e-03 (1 inst); SNPS_CLOCK_GATE: 5.920e-07 (1 inst),1.700000e-03,CustomOperator_E3M2_to_E2M3_0: 3.130e-05 (1 inst); CustomOperator_E3M2_to_E2M3_1: 3.770e-05 (1 inst); CustomOperator_E3M2_to_E2M3_2: 4.330e-05 (1 inst); CustomOperator_E3M2_to_E2M3_3: 3.880e-05 (1 inst); DirectToFP14b_E3M2_x_E2M3_UE8M0: 3.800e-05 (1 inst); FPNAdder: 3.040e-04 (1 inst); FixedFPTree_exp6_mant7_out7_vec4_range8: 1.110e-03 (1 inst); SNPS_CLOCK_GATE: 9.750e-06 (1 inst),1.3263,754.0,1059,0.372,0.0366,2048,1,atfmax
baseline_act-E2M3_w-E2M1_UE8M0,baseline,E2M3,E2M1,UE8M0,796,true,0.0000,2610.845998,CustomOperator_E2M3_to_E2M1_0: 21.7980 (1 inst); CustomOperator_E2M3_to_E2M1_1: 25.2000 (1 inst); CustomOperator_E2M3_to_E2M1_2: 38.4300 (1 inst); CustomOperator_E2M3_to_E2M1_3: 33.7680 (1 inst); DirectToFP14b_E2M3_x_E2M1_UE8M0: 127.6380 (1 inst); FPNAdder: 889.1820 (1 inst); FixedFPTree_exp6_mant6_out6_vec4_range4: 1387.3860 (1 inst); SNPS_CLOCK_GATE: 1.8900 (1 inst),1.547000e-03,CustomOperator_E2M3_to_E2M1_0: 8.560e-06 (1 inst); CustomOperator_E2M3_to_E2M1_1: 9.100e-06 (1 inst); CustomOperator_E2M3_to_E2M1_2: 1.230e-05 (1 inst); CustomOperator_E2M3_to_E2M1_3: 1.060e-05 (1 inst); DirectToFP14b_E2M3_x_E2M1_UE8M0: 9.240e-05 (1 inst); FPNAdder: 4.130e-04 (1 inst); FixedFPTree_exp6_mant6_out6_vec4_range4: 9.870e-04 (1 inst); SNPS_CLOCK_GATE: 5.970e-07 (1 inst),1.267000e-03,CustomOperator_E2M3_to_E2M1_0: 1.820e-05 (1 inst); CustomOperator_E2M3_to_E2M1_1: 1.950e-05 (1 inst); CustomOperator_E2M3_to_E2M1_2: 2.880e-05 (1 inst); CustomOperator_E2M3_to_E2M1_3: 2.270e-05 (1 inst); DirectToFP14b_E2M3_x_E2M1_UE8M0: 3.230e-05 (1 inst); FPNAdder: 2.400e-04 (1 inst); FixedFPTree_exp6_mant6_out6_vec4_range4: 8.100e-04 (1 inst); SNPS_CLOCK_GATE: 1.030e-05 (1 inst),1.2563,796.0,1059,0.372,0.0366,2048,1,atfmax
baseline_act-E2M3_w-E2M3_UE8M0,baseline,E2M3,E2M3,UE8M0,796,true,0.0000,3265.164000,CustomOperator_E2M3_to_E2M3_0: 50.5260 (1 inst); CustomOperator_E2M3_to_E2M3_1: 51.9120 (1 inst); CustomOperator_E2M3_to_E2M3_2: 70.4340 (1 inst); CustomOperator_E2M3_to_E2M3_3: 66.5280 (1 inst); DirectToFP14b_E2M3_x_E2M3_UE8M0: 137.8440 (1 inst); FPNAdder: 930.3840 (1 inst); FixedFPTree_exp6_mant8_out8_vec4_range4: 1869.8400 (1 inst); SNPS_CLOCK_GATE: 1.8900 (1 inst),2.174000e-03,CustomOperator_E2M3_to_E2M3_0: 2.020e-05 (1 inst); CustomOperator_E2M3_to_E2M3_1: 2.170e-05 (1 inst); CustomOperator_E2M3_to_E2M3_2: 2.380e-05 (1 inst); CustomOperator_E2M3_to_E2M3_3: 2.400e-05 (1 inst); DirectToFP14b_E2M3_x_E2M3_UE8M0: 1.060e-04 (1 inst); FPNAdder: 5.140e-04 (1 inst); FixedFPTree_exp6_mant8_out8_vec4_range4: 1.450e-03 (1 inst); SNPS_CLOCK_GATE: 5.900e-07 (1 inst),1.789000e-03,CustomOperator_E2M3_to_E2M3_0: 3.740e-05 (1 inst); CustomOperator_E2M3_to_E2M3_1: 4.020e-05 (1 inst); CustomOperator_E2M3_to_E2M3_2: 5.050e-05 (1 inst); CustomOperator_E2M3_to_E2M3_3: 4.610e-05 (1 inst); DirectToFP14b_E2M3_x_E2M3_UE8M0: 3.850e-05 (1 inst); FPNAdder: 3.280e-04 (1 inst); FixedFPTree_exp6_mant8_out8_vec4_range4: 1.150e-03 (1 inst); SNPS_CLOCK_GATE: 1.030e-05 (1 inst),1.2563,796.0,1059,0.372,0.0366,2048,1,atfmax
baseline_act-E2M1_w-E2M1_UE8M0,baseline,E2M1,E2M1,UE8M0,800,true,0.0000,1755.306001,CustomOperator_E2M1_to_E2M1_0: 10.0800 (1 inst); CustomOperator_E2M1_to_E2M1_1: 14.2380 (1 inst); CustomOperator_E2M1_to_E2M1_2: 25.2000 (1 inst); CustomOperator_E2M1_to_E2M1_3: 22.0500 (1 inst); DirectToFP14b_E2M1_x_E2M1_UE8M0_wide14: 128.1420 (1 inst); FPNAdder: 689.5980 (1 inst); FixedFPTree_exp7_mant4_out14_vec4_range4: 789.0120 (1 inst); SNPS_CLOCK_GATE: 1.8900 (1 inst),9.075000e-04,CustomOperator_E2M1_to_E2M1_0: 4.480e-06 (1 inst); CustomOperator_E2M1_to_E2M1_1: 4.820e-06 (1 inst); CustomOperator_E2M1_to_E2M1_2: 7.680e-06 (1 inst); CustomOperator_E2M1_to_E2M1_3: 6.950e-06 (1 inst); DirectToFP14b_E2M1_x_E2M1_UE8M0_wide14: 8.060e-05 (1 inst); FPNAdder: 3.080e-04 (1 inst); FixedFPTree_exp7_mant4_out14_vec4_range4: 4.840e-04 (1 inst); SNPS_CLOCK_GATE: 5.870e-07 (1 inst),7.999000e-04,CustomOperator_E2M1_to_E2M1_0: 9.940e-06 (1 inst); CustomOperator_E2M1_to_E2M1_1: 1.030e-05 (1 inst); CustomOperator_E2M1_to_E2M1_2: 1.820e-05 (1 inst); CustomOperator_E2M1_to_E2M1_3: 1.480e-05 (1 inst); DirectToFP14b_E2M1_x_E2M1_UE8M0_wide14: 2.720e-05 (1 inst); FPNAdder: 1.960e-04 (1 inst); FixedFPTree_exp7_mant4_out14_vec4_range4: 4.280e-04 (1 inst); SNPS_CLOCK_GATE: 1.030e-05 (1 inst),1.2500,800.0,1059,0.372,0.0366,2048,1,e2m1_fsweep
baseline_act-INT8_w-E2M1_UE8M0,baseline,INT8,E2M1,UE8M0,800,true,0.0000,3484.404000,CustomOperator_INT8_to_E2M1_0: 72.3240 (1 inst); CustomOperator_INT8_to_E2M1_1: 68.4180 (1 inst); CustomOperator_INT8_to_E2M1_2: 60.3540 (1 inst); CustomOperator_INT8_to_E2M1_3: 58.5900 (1 inst); DirectToFP19b_INT8_x_E2M1_UE8M0: 157.3740 (1 inst); FPNAdder: 1219.0500 (1 inst); FixedFPTree_exp7_mant9_out9_vec4_range2: 1751.9040 (1 inst); SNPS_CLOCK_GATE: 1.8900 (1 inst),2.149000e-03,CustomOperator_INT8_to_E2M1_0: 2.840e-05 (1 inst); CustomOperator_INT8_to_E2M1_1: 2.770e-05 (1 inst); CustomOperator_INT8_to_E2M1_2: 2.400e-05 (1 inst); CustomOperator_INT8_to_E2M1_3: 2.250e-05 (1 inst); DirectToFP19b_INT8_x_E2M1_UE8M0: 1.210e-04 (1 inst); FPNAdder: 6.240e-04 (1 inst); FixedFPTree_exp7_mant9_out9_vec4_range2: 1.290e-03 (1 inst); SNPS_CLOCK_GATE: 6.570e-07 (1 inst),1.926000e-03,CustomOperator_INT8_to_E2M1_0: 5.270e-05 (1 inst); CustomOperator_INT8_to_E2M1_1: 4.990e-05 (1 inst); CustomOperator_INT8_to_E2M1_2: 4.230e-05 (1 inst); CustomOperator_INT8_to_E2M1_3: 3.940e-05 (1 inst); DirectToFP19b_INT8_x_E2M1_UE8M0: 4.490e-05 (1 inst); FPNAdder: 4.260e-04 (1 inst); FixedFPTree_exp7_mant9_out9_vec4_range2: 1.160e-03 (1 inst); SNPS_CLOCK_GATE: 1.160e-05 (1 inst),1.2500,800.0,1059,0.372,0.0366,2048,1,5freq
baseline_act-INT8_w-INT8_UE8M0,baseline,INT8,INT8,UE8M0,800,true,0.0000,4379.129995,CustomOperator_INT8_to_INT8_0: 394.8840 (1 inst); CustomOperator_INT8_to_INT8_1: 442.0080 (1 inst); CustomOperator_INT8_to_INT8_2: 471.1140 (1 inst); CustomOperator_INT8_to_INT8_3: 450.0720 (1 inst); DirectToFP19b_INT8_x_INT8_UE8M0: 193.5360 (1 inst); FPNAdder: 1190.3220 (1 inst); FixedFPTree_exp7_mant14_out14_vec4_range0: 1137.9060 (1 inst); SNPS_CLOCK_GATE: 1.8900 (1 inst),3.419000e-03,CustomOperator_INT8_to_INT8_0: 2.760e-04 (1 inst); CustomOperator_INT8_to_INT8_1: 3.150e-04 (1 inst); CustomOperator_INT8_to_INT8_2: 3.110e-04 (1 inst); CustomOperator_INT8_to_INT8_3: 3.070e-04 (1 inst); DirectToFP19b_INT8_x_INT8_UE8M0: 1.620e-04 (1 inst); FPNAdder: 7.380e-04 (1 inst); FixedFPTree_exp7_mant14_out14_vec4_range0: 1.290e-03 (1 inst); SNPS_CLOCK_GATE: 6.490e-07 (1 inst),2.913000e-03,CustomOperator_INT8_to_INT8_0: 3.090e-04 (1 inst); CustomOperator_INT8_to_INT8_1: 3.580e-04 (1 inst); CustomOperator_INT8_to_INT8_2: 3.720e-04 (1 inst); CustomOperator_INT8_to_INT8_3: 3.580e-04 (1 inst); DirectToFP19b_INT8_x_INT8_UE8M0: 6.040e-05 (1 inst); FPNAdder: 4.740e-04 (1 inst); FixedFPTree_exp7_mant14_out14_vec4_range0: 8.590e-04 (1 inst); SNPS_CLOCK_GATE: 1.160e-05 (1 inst),1.2500,800.0,1059,0.372,0.0366,2048,1,5freq
baseline_act-INT8_w-E3M2_UE8M0,baseline,INT8,E3M2,UE8M0,800,true,-0.0500,5064.192003,CustomOperator_INT8_to_E3M2_0: 117.1800 (1 inst); CustomOperator_INT8_to_E3M2_1: 119.8260 (1 inst); CustomOperator_INT8_to_E3M2_2: 120.7080 (1 inst); CustomOperator_INT8_to_E3M2_3: 133.3080 (1 inst); DirectToFP19b_INT8_x_E3M2_UE8M0: 181.1880 (1 inst); FPNAdder: 1618.4700 (1 inst); FixedFPTree_exp7_mant10_out10_vec4_range6: 2668.6800 (1 inst); SNPS_CLOCK_GATE: 1.8900 (1 inst),3.488000e-03,CustomOperator_INT8_to_E3M2_0: 5.310e-05 (1 inst); CustomOperator_INT8_to_E3M2_1: 5.510e-05 (1 inst); CustomOperator_INT8_to_E3M2_2: 5.430e-05 (1 inst); CustomOperator_INT8_to_E3M2_3: 5.980e-05 (1 inst); DirectToFP19b_INT8_x_E3M2_UE8M0: 1.350e-04 (1 inst); FPNAdder: 8.990e-04 (1 inst); FixedFPTree_exp7_mant10_out10_vec4_range6: 2.210e-03 (1 inst); SNPS_CLOCK_GATE: 6.520e-07 (1 inst),2.869000e-03,CustomOperator_INT8_to_E3M2_0: 9.340e-05 (1 inst); CustomOperator_INT8_to_E3M2_1: 9.280e-05 (1 inst); CustomOperator_INT8_to_E3M2_2: 9.440e-05 (1 inst); CustomOperator_INT8_to_E3M2_3: 1.010e-04 (1 inst); DirectToFP19b_INT8_x_E3M2_UE8M0: 4.160e-05 (1 inst); FPNAdder: 5.700e-04 (1 inst); FixedFPTree_exp7_mant10_out10_vec4_range6: 1.760e-03 (1 inst); SNPS_CLOCK_GATE: 1.160e-05 (1 inst),1.3000,769.2,1059,0.372,0.0366,2048,1,5freq
baseline_act-INT8_w-E2M3_UE8M0,baseline,INT8,E2M3,UE8M0,800,true,0.0000,5370.246002,CustomOperator_INT8_to_E2M3_0: 282.3660 (1 inst); CustomOperator_INT8_to_E2M3_1: 283.2480 (1 inst); CustomOperator_INT8_to_E2M3_2: 277.3260 (1 inst); CustomOperator_INT8_to_E2M3_3: 241.6680 (1 inst); DirectToFP19b_INT8_x_E2M3_UE8M0: 179.0460 (1 inst); FPNAdder: 1506.9600 (1 inst); FixedFPTree_exp7_mant11_out11_vec4_range2: 2489.8860 (1 inst); SNPS_CLOCK_GATE: 1.8900 (1 inst),3.564000e-03,CustomOperator_INT8_to_E2M3_0: 1.470e-04 (1 inst); CustomOperator_INT8_to_E2M3_1: 1.450e-04 (1 inst); CustomOperator_INT8_to_E2M3_2: 1.320e-04 (1 inst); CustomOperator_INT8_to_E2M3_3: 1.360e-04 (1 inst); DirectToFP19b_INT8_x_E2M3_UE8M0: 1.390e-04 (1 inst); FPNAdder: 8.930e-04 (1 inst); FixedFPTree_exp7_mant11_out11_vec4_range2: 1.950e-03 (1 inst); SNPS_CLOCK_GATE: 6.450e-07 (1 inst),3.123000e-03,CustomOperator_INT8_to_E2M3_0: 2.030e-04 (1 inst); CustomOperator_INT8_to_E2M3_1: 1.960e-04 (1 inst); CustomOperator_INT8_to_E2M3_2: 1.920e-04 (1 inst); CustomOperator_INT8_to_E2M3_3: 2.000e-04 (1 inst); DirectToFP19b_INT8_x_E2M3_UE8M0: 5.120e-05 (1 inst); FPNAdder: 5.690e-04 (1 inst); FixedFPTree_exp7_mant11_out11_vec4_range2: 1.590e-03 (1 inst); SNPS_CLOCK_GATE: 1.160e-05 (1 inst),1.2500,800.0,1059,0.372,0.0366,2048,1,5freq
baseline_act-INT8_w-E3M2_UE8M0,baseline,INT8,E3M2,UE8M0,803,false,-0.0600,5016.816001,CustomOperator_INT8_to_E3M2_0: 110.5020 (1 inst); CustomOperator_INT8_to_E3M2_1: 95.7600 (1 inst); CustomOperator_INT8_to_E3M2_2: 136.5840 (1 inst); CustomOperator_INT8_to_E3M2_3: 124.2360 (1 inst); DirectToFP19b_INT8_x_E3M2_UE8M0: 181.8180 (1 inst); FPNAdder: 1484.9100 (1 inst); FixedFPTree_exp7_mant10_out10_vec4_range6: 2777.1660 (1 inst); SNPS_CLOCK_GATE: 1.8900 (1 inst),3.527000e-03,CustomOperator_INT8_to_E3M2_0: 5.050e-05 (1 inst); CustomOperator_INT8_to_E3M2_1: 4.430e-05 (1 inst); CustomOperator_INT8_to_E3M2_2: 6.120e-05 (1 inst); CustomOperator_INT8_to_E3M2_3: 5.160e-05 (1 inst); DirectToFP19b_INT8_x_E3M2_UE8M0: 1.350e-04 (1 inst); FPNAdder: 8.350e-04 (1 inst); FixedFPTree_exp7_mant10_out10_vec4_range6: 2.330e-03 (1 inst); SNPS_CLOCK_GATE: 6.490e-07 (1 inst),2.904000e-03,CustomOperator_INT8_to_E3M2_0: 9.040e-05 (1 inst); CustomOperator_INT8_to_E3M2_1: 7.470e-05 (1 inst); CustomOperator_INT8_to_E3M2_2: 1.070e-04 (1 inst); CustomOperator_INT8_to_E3M2_3: 8.880e-05 (1 inst); DirectToFP19b_INT8_x_E3M2_UE8M0: 4.980e-05 (1 inst); FPNAdder: 5.320e-04 (1 inst); FixedFPTree_exp7_mant10_out10_vec4_range6: 1.840e-03 (1 inst); SNPS_CLOCK_GATE: 1.170e-05 (1 inst),1.3053,766.1,1059,0.372,0.0366,2048,1,atfmax
baseline_act-INT8_w-E2M3_UE8M0,baseline,INT8,E2M3,UE8M0,803,true,-0.0200,5383.853996,CustomOperator_INT8_to_E2M3_0: 297.3600 (1 inst); CustomOperator_INT8_to_E2M3_1: 287.6580 (1 inst); CustomOperator_INT8_to_E2M3_2: 270.7740 (1 inst); CustomOperator_INT8_to_E2M3_3: 211.4280 (1 inst); DirectToFP19b_INT8_x_E2M3_UE8M0: 186.7320 (1 inst); FPNAdder: 1444.4640 (1 inst); FixedFPTree_exp7_mant11_out11_vec4_range2: 2572.0380 (1 inst); SNPS_CLOCK_GATE: 1.8900 (1 inst),3.603000e-03,CustomOperator_INT8_to_E2M3_0: 1.490e-04 (1 inst); CustomOperator_INT8_to_E2M3_1: 1.450e-04 (1 inst); CustomOperator_INT8_to_E2M3_2: 1.390e-04 (1 inst); CustomOperator_INT8_to_E2M3_3: 1.040e-04 (1 inst); DirectToFP19b_INT8_x_E2M3_UE8M0: 1.410e-04 (1 inst); FPNAdder: 8.410e-04 (1 inst); FixedFPTree_exp7_mant11_out11_vec4_range2: 2.060e-03 (1 inst); SNPS_CLOCK_GATE: 6.420e-07 (1 inst),3.116000e-03,CustomOperator_INT8_to_E2M3_0: 2.130e-04 (1 inst); CustomOperator_INT8_to_E2M3_1: 1.980e-04 (1 inst); CustomOperator_INT8_to_E2M3_2: 1.910e-04 (1 inst); CustomOperator_INT8_to_E2M3_3: 1.430e-04 (1 inst); DirectToFP19b_INT8_x_E2M3_UE8M0: 4.780e-05 (1 inst); FPNAdder: 5.420e-04 (1 inst); FixedFPTree_exp7_mant11_out11_vec4_range2: 1.660e-03 (1 inst); SNPS_CLOCK_GATE: 1.160e-05 (1 inst),1.2653,790.3,1059,0.372,0.0366,2048,1,atfmax
baseline_act-INT8_w-E2M1_UE8M0,baseline,INT8,E2M1,UE8M0,816,true,0.0000,4040.819997,CustomOperator_INT8_to_E2M1_0: 65.8980 (1 inst); CustomOperator_INT8_to_E2M1_1: 83.4120 (1 inst); CustomOperator_INT8_to_E2M1_2: 65.0160 (1 inst); CustomOperator_INT8_to_E2M1_3: 59.9760 (1 inst); DirectToFP19b_INT8_x_E2M1_UE8M0: 169.3440 (1 inst); FPNAdder: 1479.9960 (1 inst); FixedFPTree_exp7_mant9_out9_vec4_range2: 2009.9520 (1 inst); SNPS_CLOCK_GATE: 1.8900 (1 inst),2.531000e-03,CustomOperator_INT8_to_E2M1_0: 2.690e-05 (1 inst); CustomOperator_INT8_to_E2M1_1: 3.600e-05 (1 inst); CustomOperator_INT8_to_E2M1_2: 2.530e-05 (1 inst); CustomOperator_INT8_to_E2M1_3: 2.340e-05 (1 inst); DirectToFP19b_INT8_x_E2M1_UE8M0: 1.360e-04 (1 inst); FPNAdder: 7.890e-04 (1 inst); FixedFPTree_exp7_mant9_out9_vec4_range2: 1.480e-03 (1 inst); SNPS_CLOCK_GATE: 6.390e-07 (1 inst),2.215000e-03,CustomOperator_INT8_to_E2M1_0: 5.060e-05 (1 inst); CustomOperator_INT8_to_E2M1_1: 6.340e-05 (1 inst); CustomOperator_INT8_to_E2M1_2: 4.800e-05 (1 inst); CustomOperator_INT8_to_E2M1_3: 4.090e-05 (1 inst); DirectToFP19b_INT8_x_E2M1_UE8M0: 5.640e-05 (1 inst); FPNAdder: 5.290e-04 (1 inst); FixedFPTree_exp7_mant9_out9_vec4_range2: 1.310e-03 (1 inst); SNPS_CLOCK_GATE: 1.180e-05 (1 inst),1.2255,816.0,1059,0.372,0.0366,2048,1,atfmax
baseline_act-INT8_w-INT8_UE8M0,baseline,INT8,INT8,UE8M0,836,true,-0.0300,5462.855996,CustomOperator_INT8_to_INT8_0: 513.3240 (1 inst); CustomOperator_INT8_to_INT8_1: 582.2460 (1 inst); CustomOperator_INT8_to_INT8_2: 533.1060 (1 inst); CustomOperator_INT8_to_INT8_3: 533.8620 (1 inst); DirectToFP19b_INT8_x_INT8_UE8M0: 232.7220 (1 inst); FPNAdder: 1574.6220 (1 inst); FixedFPTree_exp7_mant14_out14_vec4_range0: 1387.3860 (1 inst); SNPS_CLOCK_GATE: 1.8900 (1 inst),4.337000e-03,CustomOperator_INT8_to_INT8_0: 3.740e-04 (1 inst); CustomOperator_INT8_to_INT8_1: 4.080e-04 (1 inst); CustomOperator_INT8_to_INT8_2: 3.780e-04 (1 inst); CustomOperator_INT8_to_INT8_3: 3.650e-04 (1 inst); DirectToFP19b_INT8_x_INT8_UE8M0: 2.040e-04 (1 inst); FPNAdder: 9.810e-04 (1 inst); FixedFPTree_exp7_mant14_out14_vec4_range0: 1.610e-03 (1 inst); SNPS_CLOCK_GATE: 6.650e-07 (1 inst),3.747000e-03,CustomOperator_INT8_to_INT8_0: 4.230e-04 (1 inst); CustomOperator_INT8_to_INT8_1: 4.900e-04 (1 inst); CustomOperator_INT8_to_INT8_2: 4.620e-04 (1 inst); CustomOperator_INT8_to_INT8_3: 4.350e-04 (1 inst); DirectToFP19b_INT8_x_INT8_UE8M0: 8.530e-05 (1 inst); FPNAdder: 6.340e-04 (1 inst); FixedFPTree_exp7_mant14_out14_vec4_range0: 1.090e-03 (1 inst); SNPS_CLOCK_GATE: 1.210e-05 (1 inst),1.2262,815.5,1059,0.372,0.0366,2048,1,atfmax
baseline_act-E2M1_w-E2M1_UE8M0,baseline,E2M1,E2M1,UE8M0,900,true,-0.0200,3458.951999,CustomOperator_E2M1_to_E2M1_0: 12.3480 (1 inst); CustomOperator_E2M1_to_E2M1_1: 18.2700 (1 inst); CustomOperator_E2M1_to_E2M1_2: 41.8320 (1 inst); CustomOperator_E2M1_to_E2M1_3: 36.4140 (1 inst); DirectToFP14b_E2M1_x_E2M1_UE8M0_wide14: 256.2840 (1 inst); FPNAdder: 1263.2760 (1 inst); FixedFPTree_exp7_mant4_out14_vec4_range4: 1744.2180 (1 inst); SNPS_CLOCK_GATE: 1.8900 (1 inst),1.901000e-03,CustomOperator_E2M1_to_E2M1_0: 6.680e-06 (1 inst); CustomOperator_E2M1_to_E2M1_1: 9.540e-06 (1 inst); CustomOperator_E2M1_to_E2M1_2: 1.250e-05 (1 inst); CustomOperator_E2M1_to_E2M1_3: 1.030e-05 (1 inst); DirectToFP14b_E2M1_x_E2M1_UE8M0_wide14: 1.900e-04 (1 inst); FPNAdder: 6.070e-04 (1 inst); FixedFPTree_exp7_mant4_out14_vec4_range4: 1.050e-03 (1 inst); SNPS_CLOCK_GATE: 5.960e-07 (1 inst),1.723000e-03,CustomOperator_E2M1_to_E2M1_0: 1.670e-05 (1 inst); CustomOperator_E2M1_to_E2M1_1: 2.230e-05 (1 inst); CustomOperator_E2M1_to_E2M1_2: 3.380e-05 (1 inst); CustomOperator_E2M1_to_E2M1_3: 2.640e-05 (1 inst); DirectToFP14b_E2M1_x_E2M1_UE8M0_wide14: 7.130e-05 (1 inst); FPNAdder: 4.240e-04 (1 inst); FixedFPTree_exp7_mant4_out14_vec4_range4: 1.020e-03 (1 inst); SNPS_CLOCK_GATE: 1.160e-05 (1 inst),1.1311,884.1,1059,0.372,0.0366,2048,1,e2m1_fsweep